[0;32;49m[03-10 07:18:32 ty D][tal_kv.c:270] lfs key not found: uuid372137b7e155c1c5.devid[0m
[0;32;49m[03-10 07:18:32 ty D][atop_service.c:210] POST JSON:{"token":"Ln8n94u7","softVer":"1.0.0","productKey":"xxxxxxxxxxxxxxxx","protocolVer":"2.3","baselineVer":"40.07","options": "{\"otaChannel\":0, \"isFK\":false}","devAttribute":2048,"cadVer":"1.0.3","cdVer":"1.0.0","t":1773127112}[0m
[0;32;49m[03-10 07:18:32 ty D][atop_base.c:417] TUYA_HTTPS_ATOP_URL: /d.json?[0m
[0;32;49m[03-10 07:18:32 ty D][atop_base.c:434] request url len:125: /d.json?a=thing.device.opensdk.active&et=3&t=1773127112&uuid=uuid372137b7e155c1c5&v=1.0&sign=69a9d43ca55e829705b8a2906b4f633e[0m
[0;32;49m[03-10 07:18:32 ty D][atop_base.c:448] atop_request_data_encode[0m
[0;32;49m[03-10 07:18:32 ty D][atop_base.c:457] out post data len:517, data:data=3263396666313539343338669481F0AC6678547F812248868060BEC431ED7E547C4C379682EB0106C885EAF082A3E3AE8AB1689DA6648B72AEED5D0CA5C79D70E17BC8C3AC638581DCD1B9D80FD8D265E09B205DA3024767C18601A22606819CF24B27A920DB123760D6E400C3FBF4CFE0F09E2A51553468401B0BD01F02EC1E62763CCB781ED5D989CD9EDC0AC696D2DEED42A15A45A3E7500C15D77E5D699F95166C1C9E9FA1CCECE48412B201C3C30F629A74D80289BDE68A053D714EBB9274B0321CFE518F9356AE95DAB49B6201A847742ABFB75EBFCE912C89A587A98F74C73BF92CAACAE6978B485A0C1A2B779B3EE63A0BF1E5B4150F252310DBDAA5[0m
[0;32;49m[03-10 07:18:32 ty D][atop_base.c:469] http request send![0m
tkl_net_socket_create type(0), fd(1)!
[0;32;49m[03-10 07:18:32 ty D][tuya_tls.c:590] TUYA_TLS Begin Connect a2.tuyacn.com:443[0m
[0;32;49m[03-10 07:18:32 ty D][tuya_tls.c:341] mbedtls authmode: MBEDTLS_SSL_VERIFY_REQUIRED[0m
[0;32;49m[03-10 07:18:32 ty D][tuya_tls.c:354] load root ca cert.[0m
[0;32;49m[03-10 07:18:32 ty D][tuya_tls.c:661] socket fd is set. set to inner send/recv to handshake[0m
[0;32;49m[03-10 07:18:32 ty D][tuya_tls.c:323] mbedtls_cert_pkey_free.[0m
[0;32;49m[03-10 07:18:32 ty D][tuya_tls.c:702] handshake finish for a2.tuyacn.com. set send/recv to user set[0m
[0;32;49m[03-10 07:18:32 ty D][tuya_tls.c:708] TUYA_TLS Success Connect a2.tuyacn.com:443 Suit:TLS-ECDHE-RSA-WITH-AES-128-GCM-SHA256[0m
[0;32;49m[03-10 07:18:32 ty D][http_client_wrapper.c:119] tls connencted![0m
[0;32;49m[03-10 07:18:32 ty D][http_client_wrapper.c:147] http request send![0m
[0;32;49m[03-10 07:18:32 ty D][http_client_wrapper.c:40] HTTP header add key=User-Agent[0m
[0;32;49m[03-10 07:18:32 ty D][http_client_wrapper.c:40] HTTP header add key=Content-Type[0m
[0;32;49m[03-10 07:18:32 ty D][http_client_wrapper.c:51] Sending HTTP POST request to a2.tuyacn.com[0m
[0;32;49m[03-10 07:18:32 ty D][tls_transporter.c:122] tls transporter close socket fd:1[0m
[0;32;49m[03-10 07:18:32 ty D][tcp_transporter.c:200] tcp transporter close socket fd:1[0m
[0;32;49m[03-10 07:18:32 ty D][tls_transporter.c:130] tls transporter close tls handler:0x608ca798[0m
[0;32;49m[03-10 07:18:32 ty D][tuya_tls.c:819] TUYA_TLS Disconnect ENTER[0m
[0;32;49m[03-10 07:18:32 ty D][tuya_tls.c:844] TUYA_TLS Disconnect Success[0m
[0;32;49m[03-10 07:18:32 ty D][tuya_tls.c:511] tuya_tls_connect_destroy.[0m
[0;32;49m[03-10 07:18:32 ty D][atop_base.c:267] result:
{"t":1773127113,"success":false,"errorCode":"NOT_EXISTS","errorMsg":"Product Not exist"}[0m
[0;31;49m[03-10 07:18:32 ty E][atop_base.c:319] errorMsg:Product Not exist[0m
[0;32;49m[03-10 07:18:32 ty D][tuya_app_main.c:153] Tuya Event ID:12(TUYA_EVENT_TIMESTAMP_SYNC)[0m
[0;36;49m[03-10 07:18:32 ty I][tuya_app_main.c:154] Device Free heap 145488[0m
[0;36;49m[03-10 07:18:32 ty I][tuya_app_main.c:212] Sync timestamp:1773127113[0m
[0;31;49m[03-10 07:18:33 ty E][tuya_iot.c:274] activate_response_parse error:-2[0m
[0;32;49m[03-10 07:18:34 ty D][tal_kv.c:270] lfs key not found: uuid372137b7e155c1c5.devid[0m
[0;32;49m[03-10 07:18:34 ty D][atop_service.c:210] POST JSON:{"token":"Ln8n94u7","softVer":"1.0.0","productKey":"xxxxxxxxxxxxxxxx","protocolVer":"2.3","baselineVer":"40.07","options": "{\"otaChannel\":0, \"isFK\":false}","devAttribute":2048,"cadVer":"1.0.3","cdVer":"1.0.0","t":1773127114}[0m
[0;32;49m[03-10 07:18:34 ty D][atop_base.c:417] TUYA_HTTPS_ATOP_URL: /d.json?[0m
[0;32;49m[03-10 07:18:34 ty D][atop_base.c:434] request url len:125: /d.json?a=thing.device.opensdk.active&et=3&t=1773127114&uuid=uuid372137b7e155c1c5&v=1.0&sign=a3133efb995613c9c2085e16d11b9ce9[0m
[0;32;49m[03-10 07:18:34 ty D][atop_base.c:448] atop_request_data_encode[0m
[0;32;49m[03-10 07:18:34 ty D][atop_base.c:457] out post data len:517, data:data=613135376637373635656539E0AD1B7DDA80F2402B2C73D8B8ADE114896FBC61F1C81DC4DECC58287ADC96E254E3FE6B0FBCBA564D41DBB37CDF6CDAF6F0DF4E293B62CF13842FF1968D5CD07E5214A0B3FB29A17B53FF521645381EA77E8FE8F3D314E30499F17A01E17E81ACB09265464F393FCC0D657A1FAA20DF2F02D317562C208C2100B573C2E4EE752FC72314254E5960CFEDFD3A1FAD60456A54F3C15D454484944CF7D6FACCDCB43D416110A292E83E989004AAFECEBA6396F1F6EAF33A38AC68CF0C36980DFA3CFC6C1BDDC9AECB42C1A249864397ED58144B533119DE4A402116BE78A7DE8F144A34417F1739CBE4D11562E3B729D46A968FA79F[0m
[0;32;49m[03-10 07:18:34 ty D][atop_base.c:469] http request send![0m
tkl_net_socket_create type(0), fd(1)!
[0;32;49m[03-10 07:18:34 ty D][tuya_tls.c:590] TUYA_TLS Begin Connect a2.tuyacn.com:443[0m
[0;32;49m[03-10 07:18:34 ty D][tuya_tls.c:341] mbedtls authmode: MBEDTLS_SSL_VERIFY_REQUIRED[0m
[0;32;49m[03-10 07:18:34 ty D][tuya_tls.c:354] load root ca cert.[0m
[0;32;49m[03-10 07:18:34 ty D][tuya_tls.c:661] socket fd is set. set to inner send/recv to handshake[0m
[0;32;49m[03-10 07:18:34 ty D][tuya_tls.c:323] mbedtls_cert_pkey_free.[0m
[0;32;49m[03-10 07:18:34 ty D][tuya_tls.c:702] handshake finish for a2.tuyacn.com. set send/recv to user set[0m
[0;32;49m[03-10 07:18:34 ty D][tuya_tls.c:708] TUYA_TLS Success Connect a2.tuyacn.com:443 Suit:TLS-ECDHE-RSA-WITH-AES-128-GCM-SHA256[0m
[0;32;49m[03-10 07:18:34 ty D][http_client_wrapper.c:119] tls connencted![0m
[0;32;49m[03-10 07:18:34 ty D][http_client_wrapper.c:147] http request send![0m
[0;32;49m[03-10 07:18:34 ty D][http_client_wrapper.c:40] HTTP header add key=User-Agent[0m
[0;32;49m[03-10 07:18:34 ty D][http_client_wrapper.c:40] HTTP header add key=Content-Type[0m
[0;32;49m[03-10 07:18:34 ty D][http_client_wrapper.c:51] Sending HTTP POST request to a2.tuyacn.com[0m
[0;32;49m[03-10 07:18:34 ty D][tls_transporter.c:122] tls transporter close socket fd:1[0m
[0;32;49m[03-10 07:18:34 ty D][tcp_transporter.c:200] tcp transporter close socket fd:1[0m
[0;32;49m[03-10 07:18:34 ty D][tls_transporter.c:130] tls transporter close tls handler:0x608ca798[0m
[0;32;49m[03-10 07:18:34 ty D][tuya_tls.c:819] TUYA_TLS Disconnect ENTER[0m
[0;32;49m[03-10 07:18:34 ty D][tuya_tls.c:844] TUYA_TLS Disconnect Success[0m
[0;32;49m[03-10 07:18:34 ty D][tuya_tls.c:511] tuya_tls_connect_destroy.[0m
[0;32;49m[03-10 07:18:34 ty D][atop_base.c:267] result:
{"t":1773127114,"success":false,"errorCode":"NOT_EXISTS","errorMsg":"Product Not exist"}[0m
[0;31;49m[03-10 07:18:34 ty E][atop_base.c:319] errorMsg:Product Not exist[0m
[0;32;49m[03-10 07:18:34 ty D][tuya_app_main.c:153] Tuya Event ID:12(TUYA_EVENT_TIMESTAMP_SYNC)[0m
[0;36;49m[03-10 07:18:34 ty I][tuya_app_main.c:154] Device Free heap 145488[0m
[0;36;49m[03-10 07:18:34 ty I][tuya_app_main.c:212] Sync timestamp:1773127114[0m
[0;31;49m[03-10 07:18:34 ty E][tuya_iot.c:274] activate_response_parse error:-2[0m
[0;32;49m[03-10 07:18:35 ty D][tal_kv.c:270] lfs key not found: uuid372137b7e155c1c5.devid[0m
[0;32;49m[03-10 07:18:35 ty D][atop_service.c:210] POST JSON:{"token":"Ln8n94u7","softVer":"1.0.0","productKey":"xxxxxxxxxxxxxxxx","protocolVer":"2.3","baselineVer":"40.07","options": "{\"otaChannel\":0, \"isFK\":false}","devAttribute":2048,"cadVer":"1.0.3","cdVer":"1.0.0","t":1773127115}[0m
[0;32;49m[03-10 07:18:35 ty D][atop_base.c:417] TUYA_HTTPS_ATOP_URL: /d.json?[0m
[0;32;49m[03-10 07:18:35 ty D][atop_base.c:434] request url len:125: /d.json?a=thing.device.opensdk.active&et=3&t=1773127115&uuid=uuid372137b7e155c1c5&v=1.0&sign=d61bae94af11eb739bf92dd608a4fe81[0m
[0;32;49m[03-10 07:18:35 ty D][atop_base.c:448] atop_request_data_encode[0m
[0;32;49m[03-10 07:18:35 ty D][atop_base.c:457] out post data len:517, data:data=32336339346433366330613608ECD7F77EB39A3377BAED2E372B505735329E4CF5902957699D117276492A19E39B0D2887ECB98DFB2557CB47B78FB25E931990BF01B48054DC35AFAC377CF9B52AB5CD22FAFBE6F81A5AE5ABDEC6517F4B087F58EAB746B4C0CA4A681C2BBB209E9257DC649BEF5267525EA65A14B312D54949CF5D2499A6B11CDBE37251120DE6659231B52F62A0E08CF2FDD2A612E7BAF58AFCEB487C2E51CB96E44B1CD7E1ED6D954696BC641CFFEB836B28B33764D78D9130EB87BB890EAF6ACB00A0D246B31C7B704A903900EC58A488C2B1C2DC65C9F5BAF627D50FA7E2F2A4005C4AD0ECADF7164A572CB221CF9D30AD340FB678A8F5[0m
[0;32;49m[03-10 07:18:35 ty D][atop_base.c:469] http request send![0m
tkl_net_socket_create type(0), fd(1)!
[0;32;49m[03-10 07:18:35 ty D][tuya_tls.c:590] TUYA_TLS Begin Connect a2.tuyacn.com:443[0m
[0;32;49m[03-10 07:18:35 ty D][tuya_tls.c:341] mbedtls authmode: MBEDTLS_SSL_VERIFY_REQUIRED[0m
[0;32;49m[03-10 07:18:35 ty D][tuya_tls.c:354] load root ca cert.[0m
[0;32;49m[03-10 07:18:35 ty D][tuya_tls.c:661] socket fd is set. set to inner send/recv to handshake[0m
[0;36;49m[03-10 07:18:35 ty I][ducky_claw_chat.c:52] Free heap size:145568, Free psram heap size:7385840[0m
[0;32;49m[03-10 07:18:35 ty D][tuya_tls.c:323] mbedtls_cert_pkey_free.[0m
[0;32;49m[03-10 07:18:35 ty D][tuya_tls.c:702] handshake finish for a2.tuyacn.com. set send/recv to user set[0m
[0;32;49m[03-10 07:18:35 ty D][tuya_tls.c:708] TUYA_TLS Success Connect a2.tuyacn.com:443 Suit:TLS-ECDHE-RSA-WITH-AES-128-GCM-SHA256[0m
[0;32;49m[03-10 07:18:35 ty D][http_client_wrapper.c:119] tls connencted![0m
[0;32;49m[03-10 07:18:35 ty D][http_client_wrapper.c:147] http request send![0m
[0;32;49m[03-10 07:18:35 ty D][http_client_wrapper.c:40] HTTP header add key=User-Agent[0m
[0;32;49m[03-10 07:18:35 ty D][http_client_wrapper.c:40] HTTP header add key=Content-Type[0m
[0;32;49m[03-10 07:18:35 ty D][http_client_wrapper.c:51] Sending HTTP POST request to a2.tuyacn.com[0m
[0;32;49m[03-10 07:18:35 ty D][tls_transporter.c:122] tls transporter close socket fd:1[0m
[0;32;49m[03-10 07:18:35 ty D][tcp_transporter.c:200] tcp transporter close socket fd:1[0m
[0;32;49m[03-10 07:18:35 ty D][tls_transporter.c:130] tls transporter close tls handler:0x608ca798[0m
[0;32;49m[03-10 07:18:35 ty D][tuya_tls.c:819] TUYA_TLS Disconnect ENTER[0m
[0;32;49m[03-10 07:18:35 ty D][tuya_tls.c:844] TUYA_TLS Disconnect Success[0m
[0;32;49m[03-10 07:18:35 ty D][tuya_tls.c:511] tuya_tls_connect_destroy.[0m
[0;32;49m[03-10 07:18:35 ty D][atop_base.c:267] result:
{"t":1773127115,"success":false,"errorCode":"NOT_EXISTS","errorMsg":"Product Not exist"}[0m
[0;31;49m[03-10 07:18:35 ty E][atop_base.c:319] errorMsg:Product Not exist[0m
[0;32;49m[03-10 07:18:35 ty D][tuya_app_main.c:153] Tuya Event ID:12(TUYA_EVENT_TIMESTAMP_SYNC)[0m
[0;36;49m[03-10 07:18:35 ty I][tuya_app_main.c:154] Device Free heap 145488[0m
[0;36;49m[03-10 07:18:35 ty I][tuya_app_main.c:212] Sync timestamp:1773127115[0m
[0;31;49m[03-10 07:18:35 ty E][tuya_iot.c:274] activate_response_parse error:-2[0m
[0;32;49m[03-10 07:18:36 ty D][tal_kv.c:270] lfs key not found: uuid372137b7e155c1c5.devid[0m
[0;32;49m[03-10 07:18:36 ty D][atop_service.c:210] POST JSON:{"token":"Ln8n94u7","softVer":"1.0.0","productKey":"xxxxxxxxxxxxxxxx","protocolVer":"2.3","baselineVer":"40.07","options": "{\"otaChannel\":0, \"isFK\":false}","devAttribute":2048,"cadVer":"1.0.3","cdVer":"1.0.0","t":1773127116}[0m
[0;32;49m[03-10 07:18:36 ty D][atop_base.c:417] TUYA_HTTPS_ATOP_URL: /d.json?[0m
[0;32;49m[03-10 07:18:36 ty D][atop_base.c:434] request url len:125: /d.json?a=thing.device.opensdk.active&et=3&t=1773127116&uuid=uuid372137b7e155c1c5&v=1.0&sign=75be2fac473f119b25a6a2483b3391e8[0m
[0;32;49m[03-10 07:18:36 ty D][atop_base.c:448] atop_request_data_encode[0m
[0;32;49m[03-10 07:18:36 ty D][atop_base.c:457] out post data len:517, data:data=6530393739643233653032659573BADC012056852D60A539E7E762E26DA3B535273924E8303E5BCB3F19E59AD48DB635886586CB00C36177C3707DF1B199DEABFBF063F258CE6AC3452136DA0B1A488CA8C8472265433047885F8D0DBD28D67569A595B2B1AA15767C6B5EE6D068D30FFFE6DD87C30A49B0066C4B4A52A632C64FAD578BDEB5127C20F844CD6ABB953533199F6E0764090AC1F72FA3E0FA30B74F603D3BC1FF46CE2D7A27D7CFB619A9F6D8BC64B8E2568FAC1CD535F23BAE866D9D7B2E1B0BC5CD50327A883CAEC9767E4258F96F2D1097F9E77DE9AA98DB0FEFEAB032ED5F63437A7DCAEBB7DF1FA09B23947CF2635B4410A50C6E2F46EE0E[0m
[0;32;49m[03-10 07:18:36 ty D][atop_base.c:469] http request send![0m
tkl_net_socket_create type(0), fd(1)!
[0;32;49m[03-10 07:18:36 ty D][tuya_tls.c:590] TUYA_TLS Begin Connect a2.tuyacn.com:443[0m
[0;32;49m[03-10 07:18:36 ty D][tuya_tls.c:341] mbedtls authmode: MBEDTLS_SSL_VERIFY_REQUIRED[0m
[0;32;49m[03-10 07:18:36 ty D][tuya_tls.c:354] load root ca cert.[0m
[0;32;49m[03-10 07:18:36 ty D][tuya_tls.c:661] socket fd is set. set to inner send/recv to handshake[0m
[0;32;49m[03-10 07:18:36 ty D][tuya_tls.c:323] mbedtls_cert_pkey_free.[0m
[0;32;49m[03-10 07:18:36 ty D][tuya_tls.c:702] handshake finish for a2.tuyacn.com. set send/recv to user set[0m
[0;32;49m[03-10 07:18:36 ty D][tuya_tls.c:708] TUYA_TLS Success Connect a2.tuyacn.com:443 Suit:TLS-ECDHE-RSA-WITH-AES-128-GCM-SHA256[0m
[0;32;49m[03-10 07:18:36 ty D][http_client_wrapper.c:119] tls connencted![0m
[0;32;49m[03-10 07:18:36 ty D][http_client_wrapper.c:147] http request send![0m
[0;32;49m[03-10 07:18:36 ty D][http_client_wrapper.c:40] HTTP header add key=User-Agent[0m
[0;32;49m[03-10 07:18:36 ty D][http_client_wrapper.c:40] HTTP header add key=Content-Type[0m
[0;32;49m[03-10 07:18:36 ty D][http_client_wrapper.c:51] Sending HTTP POST request to a2.tuyacn.com[0m
[0;32;49m[03-10 07:18:36 ty D][tls_transporter.c:122] tls transporter close socket fd:1[0m
[0;32;49m[03-10 07:18:36 ty D][tcp_transporter.c:200] tcp transporter close socket fd:1[0m
[0;32;49m[03-10 07:18:36 ty D][tls_transporter.c:130] tls transporter close tls handler:0x608ca798[0m
[0;32;49m[03-10 07:18:36 ty D][tuya_tls.c:819] TUYA_TLS Disconnect ENTER[0m
[0;32;49m[03-10 07:18:36 ty D][tuya_tls.c:844] TUYA_TLS Disconnect Success[0m
[0;32;49m[03-10 07:18:36 ty D][tuya_tls.c:511] tuya_tls_connect_destroy.[0m
[0;32;49m[03-10 07:18:36 ty D][atop_base.c:267] result:
{"t":1773127117,"success":false,"errorCode":"NOT_EXISTS","errorMsg":"Product Not exist"}[0m
[0;31;49m[03-10 07:18:36 ty E][atop_base.c:319] errorMsg:Product Not exist[0m
[0;32;49m[03-10 07:18:36 ty D][tuya_app_main.c:153] Tuya Event ID:12(TUYA_EVENT_TIMESTAMP_SYNC)[0m
[0;36;49m[03-10 07:18:36 ty I][tuya_app_main.c:154] Device Free heap 145488[0m
[0;36;49m[03-10 07:18:36 ty I][tuya_app_main.c:212] Sync timestamp:1773127117[0m
[0;31;49m[03-10 07:18:37 ty E][tuya_iot.c:274] activate_response_parse error:-2[0m
[0;32;49m[03-10 07:18:38 ty D][tal_kv.c:270] lfs key not found: uuid372137b7e155c1c5.devid[0m
[0;32;49m[03-10 07:18:38 ty D][atop_service.c:210] POST JSON:{"token":"Ln8n94u7","softVer":"1.0.0","productKey":"xxxxxxxxxxxxxxxx","protocolVer":"2.3","baselineVer":"40.07","options": "{\"otaChannel\":0, \"isFK\":false}","devAttribute":2048,"cadVer":"1.0.3","cdVer":"1.0.0","t":1773127118}[0m
[0;32;49m[03-10 07:18:38 ty D][atop_base.c:417] TUYA_HTTPS_ATOP_URL: /d.json?[0m
[0;32;49m[03-10 07:18:38 ty D][atop_base.c:434] request url len:125: /d.json?a=thing.device.opensdk.active&et=3&t=1773127118&uuid=uuid372137b7e155c1c5&v=1.0&sign=80d8b5c20bc0952008f4a57cc85258ef[0m
[0;32;49m[03-10 07:18:38 ty D][atop_base.c:448] atop_request_data_encode[0m
[0;32;49m[03-10 07:18:38 ty D][atop_base.c:457] out post data len:517, data:data=306337386363333836323739F27B217BD6745BEBBA0F4DD82F1C3EF074C53743E66C06E2C92A6B5070A930893C4084F648A99F133FC3DE253F5F6310344B72C4A13DE79631E30F1E5F3B4049ACBE7F8CD8C7DE047AFD9F65D5BEB96769F40F62171AF7851042CE41A2A1A518CAB684863E8CD9A23D55C6A27D76F32F04D10A6C291643B2F97F064367B91A3081D6FC939868A8194C9BCACE48BD4E66896A56987D31BC42FF96A8C2670603AA962A270BBCF85632BA907DF64B5377E1D19784BACD684B116C2755AD817157BF40F05895E324AE9CD2554A003AFBD8BF8354567ABFA6655A55A1B900E94C7F511ABFE1858F54793B90E0C84EB0D40A29A62DF8A2[0m
[0;32;49m[03-10 07:18:38 ty D][atop_base.c:469] http request send![0m
tkl_net_socket_create type(0), fd(1)!
[0;32;49m[03-10 07:18:38 ty D][tuya_tls.c:590] TUYA_TLS Begin Connect a2.tuyacn.com:443[0m
[0;32;49m[03-10 07:18:38 ty D][tuya_tls.c:341] mbedtls authmode: MBEDTLS_SSL_VERIFY_REQUIRED[0m
[0;32;49m[03-10 07:18:38 ty D][tuya_tls.c:354] load root ca cert.[0m
[0;32;49m[03-10 07:18:38 ty D][tuya_tls.c:661] socket fd is set. set to inner send/recv to handshake[0m
[0;32;49m[03-10 07:18:38 ty D][tuya_tls.c:323] mbedtls_cert_pkey_free.[0m
[0;32;49m[03-10 07:18:38 ty D][tuya_tls.c:702] handshake finish for a2.tuyacn.com. set send/recv to user set[0m
[0;32;49m[03-10 07:18:38 ty D][tuya_tls.c:708] TUYA_TLS Success Connect a2.tuyacn.com:443 Suit:TLS-ECDHE-RSA-WITH-AES-128-GCM-SHA256[0m
[0;32;49m[03-10 07:18:38 ty D][http_client_wrapper.c:119] tls connencted![0m
[0;32;49m[03-10 07:18:38 ty D][http_client_wrapper.c:147] http request send![0m
[0;32;49m[03-10 07:18:38 ty D][http_client_wrapper.c:40] HTTP header add key=User-Agent[0m
[0;32;49m[03-10 07:18:38 ty D][http_client_wrapper.c:40] HTTP header add key=Content-Type[0m
[0;32;49m[03-10 07:18:38 ty D][http_client_wrapper.c:51] Sending HTTP POST request to a2.tuyacn.com[0m
[0;32;49m[03-10 07:18:38 ty D][tls_transporter.c:122] tls transporter close socket fd:1[0m
[0;32;49m[03-10 07:18:38 ty D][tcp_transporter.c:200] tcp transporter close socket fd:1[0m
[0;32;49m[03-10 07:18:38 ty D][tls_transporter.c:130] tls transporter close tls handler:0x608ca798[0m
[0;32;49m[03-10 07:18:38 ty D][tuya_tls.c:819] TUYA_TLS Disconnect ENTER[0m
[0;32;49m[03-10 07:18:38 ty D][tuya_tls.c:844] TUYA_TLS Disconnect Success[0m
[0;32;49m[03-10 07:18:38 ty D][tuya_tls.c:511] tuya_tls_connect_destroy.[0m
[0;32;49m[03-10 07:18:38 ty D][atop_base.c:267] result:
{"t":1773127119,"success":false,"errorCode":"NOT_EXISTS","errorMsg":"Product Not exist"}[0m
[0;31;49m[03-10 07:18:38 ty E][atop_base.c:319] errorMsg:Product Not exist[0m
[0;32;49m[03-10 07:18:38 ty D][tuya_app_main.c:153] Tuya Event ID:12(TUYA_EVENT_TIMESTAMP_SYNC)[0m
[0;36;49m[03-10 07:18:38 ty I][tuya_app_main.c:154] Device Free heap 145488[0m
[0;36;49m[03-10 07:18:38 ty I][tuya_app_main.c:212] Sync timestamp:1773127119[0m
[0;31;49m[03-10 07:18:39 ty E][tuya_iot.c:274] activate_response_parse error:-2[0m
[0;32;49m[03-10 07:18:40 ty D][tal_kv.c:270] lfs key not found: uuid372137b7e155c1c5.devid[0m
[0;32;49m[03-10 07:18:40 ty D][atop_service.c:210] POST JSON:{"token":"Ln8n94u7","softVer":"1.0.0","productKey":"xxxxxxxxxxxxxxxx","protocolVer":"2.3","baselineVer":"40.07","options": "{\"otaChannel\":0, \"isFK\":false}","devAttribute":2048,"cadVer":"1.0.3","cdVer":"1.0.0","t":1773127120}[0m
[0;32;49m[03-10 07:18:40 ty D][atop_base.c:417] TUYA_HTTPS_ATOP_URL: /d.json?[0m
[0;32;49m[03-10 07:18:40 ty D][atop_base.c:434] request url len:125: /d.json?a=thing.device.opensdk.active&et=3&t=1773127120&uuid=uuid372137b7e155c1c5&v=1.0&sign=0fa1354f99c70025ff06c09378e1dce7[0m
[0;32;49m[03-10 07:18:40 ty D][atop_base.c:448] atop_request_data_encode[0m
[0;32;49m[03-10 07:18:40 ty D][atop_base.c:457] out post data len:517, data:data=656336643636633037373932BFF145057AC84608BA5D2C58D8B684B081D7F816783871764DD5BCDA7A090D8A097422B02B7E67E76EA1177126790616A8EBDD5485528EFB0333FFE6CA4DABF702DB9B23AFD24F4E09D28878CA8D17F19585E9B198F77F9A85273589A76BB097B6E143D41DA9F4BA02E26AC5AEB9E045D82C9B316B12BD35B5A5ADC271B3C2442CA62EDE643A991E4BE6550C535139E0A101F571BA4B404E182E434BE42681E7BD4E8C0ED8868A5A0B669FA3401B6D51A6775BB0DBA4D6CBE87FE035F5E9458086E0F2D125877245E6874A1F20359A35EE425AC29868B94E1FBC2AB54561128963640D9E0E7D11E569A72ED2891DD7C7C8CD7F4A[0m
[0;32;49m[03-10 07:18:40 ty D][atop_base.c:469] http request send![0m
tkl_net_socket_create type(0), fd(1)!
[0;32;49m[03-10 07:18:40 ty D][tuya_tls.c:590] TUYA_TLS Begin Connect a2.tuyacn.com:443[0m
[0;32;49m[03-10 07:18:40 ty D][tuya_tls.c:341] mbedtls authmode: MBEDTLS_SSL_VERIFY_REQUIRED[0m
[0;32;49m[03-10 07:18:40 ty D][tuya_tls.c:354] load root ca cert.[0m
[0;32;49m[03-10 07:18:40 ty D][tuya_tls.c:661] socket fd is set. set to inner send/recv to handshake[0m
[0;32;49m[03-10 07:18:40 ty D][tuya_health.c:75] feed watchdog[0m
[0;32;49m[03-10 07:18:40 ty D][tuya_tls.c:323] mbedtls_cert_pkey_free.[0m
[0;32;49m[03-10 07:18:40 ty D][tuya_tls.c:702] handshake finish for a2.tuyacn.com. set send/recv to user set[0m
[0;32;49m[03-10 07:18:40 ty D][tuya_tls.c:708] TUYA_TLS Success Connect a2.tuyacn.com:443 Suit:TLS-ECDHE-RSA-WITH-AES-128-GCM-SHA256[0m
[0;32;49m[03-10 07:18:40 ty D][http_client_wrapper.c:119] tls connencted![0m
[0;32;49m[03-10 07:18:40 ty D][http_client_wrapper.c:147] http request send![0m
[0;32;49m[03-10 07:18:40 ty D][http_client_wrapper.c:40] HTTP header add key=User-Agent[0m
[0;32;49m[03-10 07:18:40 ty D][http_client_wrapper.c:40] HTTP header add key=Content-Type[0m
[0;32;49m[03-10 07:18:40 ty D][http_client_wrapper.c:51] Sending HTTP POST request to a2.tuyacn.com[0m
[0;32;49m[03-10 07:18:40 ty D][tls_transporter.c:122] tls transporter close socket fd:1[0m
[0;32;49m[03-10 07:18:40 ty D][tcp_transporter.c:200] tcp transporter close socket fd:1[0m
[0;32;49m[03-10 07:18:40 ty D][tls_transporter.c:130] tls transporter close tls handler:0x608ca798[0m
[0;32;49m[03-10 07:18:40 ty D][tuya_tls.c:819] TUYA_TLS Disconnect ENTER[0m
[0;32;49m[03-10 07:18:40 ty D][tuya_tls.c:844] TUYA_TLS Disconnect Success[0m
[0;32;49m[03-10 07:18:40 ty D][tuya_tls.c:511] tuya_tls_connect_destroy.[0m
[0;32;49m[03-10 07:18:40 ty D][atop_base.c:267] result:
{"t":1773127120,"success":false,"errorCode":"NOT_EXISTS","errorMsg":"Product Not exist"}[0m
[0;31;49m[03-10 07:18:40 ty E][atop_base.c:319] errorMsg:Product Not exist[0m
[0;32;49m[03-10 07:18:40 ty D][tuya_app_main.c:153] Tuya Event ID:12(TUYA_EVENT_TIMESTAMP_SYNC)[0m
[0;36;49m[03-10 07:18:40 ty I][tuya_app_main.c:154] Device Free heap 145488[0m
[0;36;49m[03-10 07:18:40 ty I][tuya_app_main.c:212] Sync timestamp:1773127120[0m
[0;31;49m[03-10 07:18:40 ty E][tuya_iot.c:274] activate_response_parse error:-2[0m
[0;32;49m[03-10 07:18:41 ty D][tal_kv.c:270] lfs key not found: uuid372137b7e155c1c5.devid[0m
[0;32;49m[03-10 07:18:41 ty D][atop_service.c:210] POST JSON:{"token":"Ln8n94u7","softVer":"1.0.0","productKey":"xxxxxxxxxxxxxxxx","protocolVer":"2.3","baselineVer":"40.07","options": "{\"otaChannel\":0, \"isFK\":false}","devAttribute":2048,"cadVer":"1.0.3","cdVer":"1.0.0","t":1773127121}[0m
[0;32;49m[03-10 07:18:41 ty D][atop_base.c:417] TUYA_HTTPS_ATOP_URL: /d.json?[0m
[0;32;49m[03-10 07:18:41 ty D][atop_base.c:434] request url len:125: /d.json?a=thing.device.opensdk.active&et=3&t=1773127121&uuid=uuid372137b7e155c1c5&v=1.0&sign=7b3bda1de4276ba05534a091c306be95[0m
[0;32;49m[03-10 07:18:41 ty D][atop_base.c:448] atop_request_data_encode[0m
[0;32;49m[03-10 07:18:41 ty D][atop_base.c:457] out post data len:517, data:data=36643261333963396331393834E8C72A60284875377F746B3953867464EBEECECAE6CEC7CCDBCC50944973C4E83EBA1CCC2383820B7912F47ED332AD394728FE537B44D9CE1FE06D1737B657B427571EACF70C1317F8317EC93C4DB9DAF4E4DAFCD8C9D447E683FB496EC099471BBC66F74E4278E1FC100CACABED8A61E48E8B540F4032FEE08F46EE6AA408C4A523C3FC924C78A388475A09611DBA91FFD19549BCB555235123417C1D38C16ACDF31A2521FEBC1F4746811F734CC2C0C9C69DE634FB6FD40777515F188B04A30A1ABEDE6BC8C21238FE809AF008DAA00D0F51F8D83CD58828E47F0C74AA5C3B5297A0CDE28C04E8B66A4C67170EE1CD8429A9[0m
[0;32;49m[03-10 07:18:41 ty D][atop_base.c:469] http request send![0m
tkl_net_socket_create type(0), fd(1)!
[0;32;49m[03-10 07:18:41 ty D][tuya_tls.c:590] TUYA_TLS Begin Connect a2.tuyacn.com:443[0m
[0;32;49m[03-10 07:18:41 ty D][tuya_tls.c:341] mbedtls authmode: MBEDTLS_SSL_VERIFY_REQUIRED[0m
[0;32;49m[03-10 07:18:41 ty D][tuya_tls.c:354] load root ca cert.[0m
[0;32;49m[03-10 07:18:41 ty D][tuya_tls.c:661] socket fd is set. set to inner send/recv to handshake[0m
[0;32;49m[03-10 07:18:41 ty D][tuya_tls.c:323] mbedtls_cert_pkey_free.[0m
[0;32;49m[03-10 07:18:41 ty D][tuya_tls.c:702] handshake finish for a2.tuyacn.com. set send/recv to user set[0m
[0;32;49m[03-10 07:18:41 ty D][tuya_tls.c:708] TUYA_TLS Success Connect a2.tuyacn.com:443 Suit:TLS-ECDHE-RSA-WITH-AES-128-GCM-SHA256[0m
[0;32;49m[03-10 07:18:41 ty D][http_client_wrapper.c:119] tls connencted![0m
[0;32;49m[03-10 07:18:41 ty D][http_client_wrapper.c:147] http request send![0m
[0;32;49m[03-10 07:18:41 ty D][http_client_wrapper.c:40] HTTP header add key=User-Agent[0m
[0;32;49m[03-10 07:18:41 ty D][http_client_wrapper.c:40] HTTP header add key=Content-Type[0m
[0;32;49m[03-10 07:18:41 ty D][http_client_wrapper.c:51] Sending HTTP POST request to a2.tuyacn.com[0m
[0;32;49m[03-10 07:18:41 ty D][tls_transporter.c:122] tls transporter close socket fd:1[0m
[0;32;49m[03-10 07:18:41 ty D][tcp_transporter.c:200] tcp transporter close socket fd:1[0m
[0;32;49m[03-10 07:18:41 ty D][tls_transporter.c:130] tls transporter close tls handler:0x608ca798[0m
[0;32;49m[03-10 07:18:41 ty D][tuya_tls.c:819] TUYA_TLS Disconnect ENTER[0m
[0;32;49m[03-10 07:18:41 ty D][tuya_tls.c:844] TUYA_TLS Disconnect Success[0m
[0;32;49m[03-10 07:18:41 ty D][tuya_tls.c:511] tuya_tls_connect_destroy.[0m
[0;32;49m[03-10 07:18:41 ty D][atop_base.c:267] result:
{"t":1773127122,"success":false,"errorCode":"NOT_EXISTS","errorMsg":"Product Not exist"}[0m
[0;31;49m[03-10 07:18:41 ty E][atop_base.c:319] errorMsg:Product Not exist[0m
[0;32;49m[03-10 07:18:41 ty D][tuya_app_main.c:153] Tuya Event ID:12(TUYA_EVENT_TIMESTAMP_SYNC)[0m
[0;36;49m[03-10 07:18:41 ty I][tuya_app_main.c:154] Device Free heap 145488[0m
[0;36;49m[03-10 07:18:41 ty I][tuya_app_main.c:212] Sync timestamp:1773127122[0m
[0;31;49m[03-10 07:18:42 ty E][tuya_iot.c:274] activate_response_parse error:-2[0m
[0;32;49m[03-10 07:18:43 ty D][tal_kv.c:270] lfs key not found: uuid372137b7e155c1c5.devid[0m
[0;32;49m[03-10 07:18:43 ty D][atop_service.c:210] POST JSON:{"token":"Ln8n94u7","softVer":"1.0.0","productKey":"xxxxxxxxxxxxxxxx","protocolVer":"2.3","baselineVer":"40.07","options": "{\"otaChannel\":0, \"isFK\":false}","devAttribute":2048,"cadVer":"1.0.3","cdVer":"1.0.0","t":1773127123}[0m
[0;32;49m[03-10 07:18:43 ty D][atop_base.c:417] TUYA_HTTPS_ATOP_URL: /d.json?[0m
[0;32;49m[03-10 07:18:43 ty D][atop_base.c:434] request url len:125: /d.json?a=thing.device.opensdk.active&et=3&t=1773127123&uuid=uuid372137b7e155c1c5&v=1.0&sign=cee7fa943efb7e539107427b7a74ffca[0m
[0;32;49m[03-10 07:18:43 ty D][atop_base.c:448] atop_request_data_encode[0m
[0;32;49m[03-10 07:18:43 ty D][atop_base.c:457] out post data len:517, data:data=653337326538383833636537F9FD62BCAB98B1C657DA34EA189C26D4C03F73F3A38758C18B5ED964FA0E7EC1085317D1DA677B178208B15028E4D33E8E35214AEE1C9F84D5E78156B9E096FBAFE4F4E5D22715186759D424A20FDF0D02384A20119CDBA780075F841C2DC7A73CE614FC0B82037A0D294D1D946D15B97D3DC1BB5341D220010021D9952817E7134457691CB8BBFFBC62C2CC6C8814CBD9DFAFA08C7FB6C6B32F06F876E820839B3DCB4E87A63A4BFC42353F4E6E522F6478A35DD230E933EFA8E76ECD240DF043E49ED5ABAFB52E667A937EE94D7E5F654C2666E21B252A9887C5D58D55ECB83E832CF0570EE18802D3E5B5860FBE56F01BBD42[0m
[0;32;49m[03-10 07:18:43 ty D][atop_base.c:469] http request send![0m
tkl_net_socket_create type(0), fd(1)!
[0;32;49m[03-10 07:18:43 ty D][tuya_tls.c:590] TUYA_TLS Begin Connect a2.tuyacn.com:443[0m
[0;32;49m[03-10 07:18:43 ty D][tuya_tls.c:341] mbedtls authmode: MBEDTLS_SSL_VERIFY_REQUIRED[0m
[0;32;49m[03-10 07:18:43 ty D][tuya_tls.c:354] load root ca cert.[0m
[0;32;49m[03-10 07:18:43 ty D][tuya_tls.c:661] socket fd is set. set to inner send/recv to handshake[0m
[0;32;49m[03-10 07:18:43 ty D][tuya_tls.c:323] mbedtls_cert_pkey_free.[0m
[0;32;49m[03-10 07:18:43 ty D][tuya_tls.c:702] handshake finish for a2.tuyacn.com. set send/recv to user set[0m
[0;32;49m[03-10 07:18:43 ty D][tuya_tls.c:708] TUYA_TLS Success Connect a2.tuyacn.com:443 Suit:TLS-ECDHE-RSA-WITH-AES-128-GCM-SHA256[0m
[0;32;49m[03-10 07:18:43 ty D][http_client_wrapper.c:119] tls connencted![0m
[0;32;49m[03-10 07:18:43 ty D][http_client_wrapper.c:147] http request send![0m
[0;32;49m[03-10 07:18:43 ty D][http_client_wrapper.c:40] HTTP header add key=User-Agent[0m
[0;32;49m[03-10 07:18:43 ty D][http_client_wrapper.c:40] HTTP header add key=Content-Type[0m
[0;32;49m[03-10 07:18:43 ty D][http_client_wrapper.c:51] Sending HTTP POST request to a2.tuyacn.com[0m
[0;32;49m[03-10 07:18:43 ty D][tls_transporter.c:122] tls transporter close socket fd:1[0m
[0;32;49m[03-10 07:18:43 ty D][tcp_transporter.c:200] tcp transporter close socket fd:1[0m
[0;32;49m[03-10 07:18:43 ty D][tls_transporter.c:130] tls transporter close tls handler:0x608ca798[0m
[0;32;49m[03-10 07:18:43 ty D][tuya_tls.c:819] TUYA_TLS Disconnect ENTER[0m
[0;32;49m[03-10 07:18:43 ty D][tuya_tls.c:844] TUYA_TLS Disconnect Success[0m
[0;32;49m[03-10 07:18:43 ty D][tuya_tls.c:511] tuya_tls_connect_destroy.[0m
[0;32;49m[03-10 07:18:43 ty D][atop_base.c:267] result:
{"t":1773127123,"success":false,"errorCode":"NOT_EXISTS","errorMsg":"Product Not exist"}[0m
[0;31;49m[03-10 07:18:43 ty E][atop_base.c:319] errorMsg:Product Not exist[0m
[0;32;49m[03-10 07:18:43 ty D][tuya_app_main.c:153] Tuya Event ID:12(TUYA_EVENT_TIMESTAMP_SYNC)[0m
[0;36;49m[03-10 07:18:43 ty I][tuya_app_main.c:154] Device Free heap 145488[0m
[0;36;49m[03-10 07:18:43 ty I][tuya_app_main.c:212] Sync timestamp:1773127123[0m
[0;31;49m[03-10 07:18:43 ty E][tuya_iot.c:274] activate_response_parse error:-2[0m
[0;32;49m[03-10 07:18:44 ty D][tal_kv.c:270] lfs key not found: uuid372137b7e155c1c5.devid[0m
[0;32;49m[03-10 07:18:44 ty D][atop_service.c:210] POST JSON:{"token":"Ln8n94u7","softVer":"1.0.0","productKey":"xxxxxxxxxxxxxxxx","protocolVer":"2.3","baselineVer":"40.07","options": "{\"otaChannel\":0, \"isFK\":false}","devAttribute":2048,"cadVer":"1.0.3","cdVer":"1.0.0","t":1773127124}[0m
[0;32;49m[03-10 07:18:44 ty D][atop_base.c:417] TUYA_HTTPS_ATOP_URL: /d.json?[0m
[0;32;49m[03-10 07:18:44 ty D][atop_base.c:434] request url len:125: /d.json?a=thing.device.opensdk.active&et=3&t=1773127124&uuid=uuid372137b7e155c1c5&v=1.0&sign=6683f5180e0812b7e1aea4b66979778e[0m
[0;32;49m[03-10 07:18:44 ty D][atop_base.c:448] atop_request_data_encode[0m
[0;32;49m[03-10 07:18:44 ty D][atop_base.c:457] out post data len:517, data:data=3263373738363066633161364EEEAF5D5B0353E3FC7E79B4021A2C68D31DFB7A73D5B763DCC89F919406CD72B9349A1076CD96EFDFB0B68F215855497A1EE32C2EC9EEAAF1F76AA03B252B3FB4073B931DD7C8904274F55AB4FE4C63D8A9921900E02845D7F172D889B48AF01C9BCA1CD60675FAFD1F0D2349D86CDA16B7B7A78A275EE10725B45AEF783906471F7D8E774FCC2D1298D2E1CD3B531B0056C56C91F78217ABBB8E7985DB3057B0CBC115C2F7A5C8F02BDB484782BCA787028FB9CFE171DAFE6CD494360044A01836A6510AAEFA33EC59A79A9BB34F20D59A21CC1A73A95FFEADBC08FE8C90E66437D2F918924C405A14C5E74BC238C6154FCD6D[0m
[0;32;49m[03-10 07:18:44 ty D][atop_base.c:469] http request send![0m
tkl_net_socket_create type(0), fd(1)!
[0;32;49m[03-10 07:18:44 ty D][tuya_tls.c:590] TUYA_TLS Begin Connect a2.tuyacn.com:443[0m
[0;32;49m[03-10 07:18:44 ty D][tuya_tls.c:341] mbedtls authmode: MBEDTLS_SSL_VERIFY_REQUIRED[0m
[0;32;49m[03-10 07:18:44 ty D][tuya_tls.c:354] load root ca cert.[0m
[0;32;49m[03-10 07:18:44 ty D][tuya_tls.c:661] socket fd is set. set to inner send/recv to handshake[0m
[0;32;49m[03-10 07:18:44 ty D][tuya_tls.c:323] mbedtls_cert_pkey_free.[0m
[0;32;49m[03-10 07:18:44 ty D][tuya_tls.c:702] handshake finish for a2.tuyacn.com. set send/recv to user set[0m
[0;32;49m[03-10 07:18:44 ty D][tuya_tls.c:708] TUYA_TLS Success Connect a2.tuyacn.com:443 Suit:TLS-ECDHE-RSA-WITH-AES-128-GCM-SHA256[0m
[0;32;49m[03-10 07:18:44 ty D][http_client_wrapper.c:119] tls connencted![0m
[0;32;49m[03-10 07:18:44 ty D][http_client_wrapper.c:147] http request send![0m
[0;32;49m[03-10 07:18:44 ty D][http_client_wrapper.c:40] HTTP header add key=User-Agent[0m
[0;32;49m[03-10 07:18:44 ty D][http_client_wrapper.c:40] HTTP header add key=Content-Type[0m
[0;32;49m[03-10 07:18:44 ty D][http_client_wrapper.c:51] Sending HTTP POST request to a2.tuyacn.com[0m
[0;32;49m[03-10 07:18:44 ty D][tls_transporter.c:122] tls transporter close socket fd:1[0m
[0;32;49m[03-10 07:18:44 ty D][tcp_transporter.c:200] tcp transporter close socket fd:1[0m
[0;32;49m[03-10 07:18:44 ty D][tls_transporter.c:130] tls transporter close tls handler:0x608ca798[0m
[0;32;49m[03-10 07:18:44 ty D][tuya_tls.c:819] TUYA_TLS Disconnect ENTER[0m
[0;32;49m[03-10 07:18:44 ty D][tuya_tls.c:844] TUYA_TLS Disconnect Success[0m
[0;32;49m[03-10 07:18:44 ty D][tuya_tls.c:511] tuya_tls_connect_destroy.[0m
[0;32;49m[03-10 07:18:44 ty D][atop_base.c:267] result:
{"t":1773127125,"success":false,"errorCode":"NOT_EXISTS","errorMsg":"Product Not exist"}[0m
[0;31;49m[03-10 07:18:44 ty E][atop_base.c:319] errorMsg:Product Not exist[0m
[0;32;49m[03-10 07:18:44 ty D][tuya_app_main.c:153] Tuya Event ID:12(TUYA_EVENT_TIMESTAMP_SYNC)[0m
[0;36;49m[03-10 07:18:44 ty I][tuya_app_main.c:154] Device Free heap 145488[0m
[0;36;49m[03-10 07:18:44 ty I][tuya_app_main.c:212] Sync timestamp:1773127125[0m
[0;31;49m[03-10 07:18:45 ty E][tuya_iot.c:274] activate_response_parse error:-2[0m
[0;36;49m[03-10 07:18:45 ty I][ducky_claw_chat.c:52] Free heap size:146736, Free psram heap size:7408712[0m
[0;32;49m[03-10 07:18:46 ty D][tal_kv.c:270] lfs key not found: uuid372137b7e155c1c5.devid[0m
[0;32;49m[03-10 07:18:46 ty D][atop_service.c:210] POST JSON:{"token":"Ln8n94u7","softVer":"1.0.0","productKey":"xxxxxxxxxxxxxxxx","protocolVer":"2.3","baselineVer":"40.07","options": "{\"otaChannel\":0, \"isFK\":false}","devAttribute":2048,"cadVer":"1.0.3","cdVer":"1.0.0","t":1773127126}[0m
[0;32;49m[03-10 07:18:46 ty D][atop_base.c:417] TUYA_HTTPS_ATOP_URL: /d.json?[0m
[0;32;49m[03-10 07:18:46 ty D][atop_base.c:434] request url len:125: /d.json?a=thing.device.opensdk.active&et=3&t=1773127126&uuid=uuid372137b7e155c1c5&v=1.0&sign=c7b2d2bc11c9843b94b667486e1da76d[0m
[0;32;49m[03-10 07:18:46 ty D][atop_base.c:448] atop_request_data_encode[0m
[0;32;49m[03-10 07:18:46 ty D][atop_base.c:457] out post data len:517, data:data=63643430336238623438656123C43E16DDD8644AB33F8BBC133DBF657770B9BDCE914FBE9EC6532C6E6084D1EF20BCBD7E87504C291B2DE0685B00C6C5AC288BCD86C93220F05600D7F5A9FB105BA0E342F659ACBEBFD6EFFAB230EEF7DB95D3E1D508252B644A8D0EE72348D73D30427838D4A8B83A8DF468615F7CF124EF00E1C2C593172B7C440D42FBBB943588362BCC746B824D93061C6B08F002D08C3860A8DAA5083D7A61DE496E0B13C2EB3447902AA91AF97E42B7D747C78F4E63D4245F647AFCF1D4DE5113EAE7E8DF86C0B22918669E89FA3A6CE3DAC5755B15D2B43796429497A941F04BC72CB7CDD6BDB525CFFEAA4C63CF5847B15AA1ABE3C6[0m
[0;32;49m[03-10 07:18:46 ty D][atop_base.c:469] http request send![0m
tkl_net_socket_create type(0), fd(1)!
[0;32;49m[03-10 07:18:46 ty D][tuya_tls.c:590] TUYA_TLS Begin Connect a2.tuyacn.com:443[0m
[0;32;49m[03-10 07:18:46 ty D][tuya_tls.c:341] mbedtls authmode: MBEDTLS_SSL_VERIFY_REQUIRED[0m
[0;32;49m[03-10 07:18:46 ty D][tuya_tls.c:354] load root ca cert.[0m
[0;32;49m[03-10 07:18:46 ty D][tuya_tls.c:661] socket fd is set. set to inner send/recv to handshake[0m
[0;32;49m[03-10 07:18:46 ty D][tuya_tls.c:323] mbedtls_cert_pkey_free.[0m
[0;32;49m[03-10 07:18:46 ty D][tuya_tls.c:702] handshake finish for a2.tuyacn.com. set send/recv to user set[0m
[0;32;49m[03-10 07:18:46 ty D][tuya_tls.c:708] TUYA_TLS Success Connect a2.tuyacn.com:443 Suit:TLS-ECDHE-RSA-WITH-AES-128-GCM-SHA256[0m
[0;32;49m[03-10 07:18:46 ty D][http_client_wrapper.c:119] tls connencted![0m
[0;32;49m[03-10 07:18:46 ty D][http_client_wrapper.c:147] http request send![0m
[0;32;49m[03-10 07:18:46 ty D][http_client_wrapper.c:40] HTTP header add key=User-Agent[0m
[0;32;49m[03-10 07:18:46 ty D][http_client_wrapper.c:40] HTTP header add key=Content-Type[0m
[0;32;49m[03-10 07:18:46 ty D][http_client_wrapper.c:51] Sending HTTP POST request to a2.tuyacn.com[0m
[0;32;49m[03-10 07:18:46 ty D][tls_transporter.c:122] tls transporter close socket fd:1[0m
[0;32;49m[03-10 07:18:46 ty D][tcp_transporter.c:200] tcp transporter close socket fd:1[0m
[0;32;49m[03-10 07:18:46 ty D][tls_transporter.c:130] tls transporter close tls handler:0x608ca798[0m
[0;32;49m[03-10 07:18:46 ty D][tuya_tls.c:819] TUYA_TLS Disconnect ENTER[0m
[0;32;49m[03-10 07:18:46 ty D][tuya_tls.c:844] TUYA_TLS Disconnect Success[0m
[0;32;49m[03-10 07:18:46 ty D][tuya_tls.c:511] tuya_tls_connect_destroy.[0m
[0;32;49m[03-10 07:18:46 ty D][atop_base.c:267] result:
{"t":1773127126,"success":false,"errorCode":"NOT_EXISTS","errorMsg":"Product Not exist"}[0m
[0;31;49m[03-10 07:18:46 ty E][atop_base.c:319] errorMsg:Product Not exist[0m
[0;32;49m[03-10 07:18:46 ty D][tuya_app_main.c:153] Tuya Event ID:12(TUYA_EVENT_TIMESTAMP_SYNC)[0m
[0;36;49m[03-10 07:18:46 ty I][tuya_app_main.c:154] Device Free heap 145488[0m
[0;36;49m[03-10 07:18:46 ty I][tuya_app_main.c:212] Sync timestamp:1773127126[0m
[0;31;49m[03-10 07:18:46 ty E][tuya_iot.c:274] activate_response_parse error:-2[0m
[0;32;49m[03-10 07:18:47 ty D][tal_kv.c:270] lfs key not found: uuid372137b7e155c1c5.devid[0m
[0;32;49m[03-10 07:18:47 ty D][atop_service.c:210] POST JSON:{"token":"Ln8n94u7","softVer":"1.0.0","productKey":"xxxxxxxxxxxxxxxx","protocolVer":"2.3","baselineVer":"40.07","options": "{\"otaChannel\":0, \"isFK\":false}","devAttribute":2048,"cadVer":"1.0.3","cdVer":"1.0.0","t":1773127127}[0m
[0;32;49m[03-10 07:18:47 ty D][atop_base.c:417] TUYA_HTTPS_ATOP_URL: /d.json?[0m
[0;32;49m[03-10 07:18:47 ty D][atop_base.c:434] request url len:125: /d.json?a=thing.device.opensdk.active&et=3&t=1773127127&uuid=uuid372137b7e155c1c5&v=1.0&sign=cefc5ccc19d5a2e6c706930bf7bbd170[0m
[0;32;49m[03-10 07:18:47 ty D][atop_base.c:448] atop_request_data_encode[0m
[0;32;49m[03-10 07:18:47 ty D][atop_base.c:457] out post data len:517, data:data=363134613333303932323961EE017BADBBEDAD9D50AD523F849A6D1A21E49FB6E9B2572806CE97D02150BAAEE21A92E5D302D4EC1C7E0C8FF5A1E1C47E87B382A488E870B790992A22DE02BF42C64199FD9CC5AA18D642C5A60A889A4486122A8B9795793C2EF8CB14551B640220A2F2F23D31F08DC73F0519A8CAD6AC7E3B6AC9CC76D01F387CDEA3DBBF3348E3555AF1EC0C2BE90C4DB24CD38583EDE66642FC0C6F73A7B79B8C206F1BCBFC8B94E4273142EB8CB039BCEFF3B7A295EDAF23B56DB0014AC3AF12B38B60114E1D5F7C6D6DD3ACB0B66ECD339D61A4197A6A6D754EE71B731D9D662E658C2F9750ED884C9BC35A781C22C384DE957E2F46FD45[0m
[0;32;49m[03-10 07:18:47 ty D][atop_base.c:469] http request send![0m
tkl_net_socket_create type(0), fd(1)!
[0;32;49m[03-10 07:18:47 ty D][tuya_tls.c:590] TUYA_TLS Begin Connect a2.tuyacn.com:443[0m
[0;32;49m[03-10 07:18:47 ty D][tuya_tls.c:341] mbedtls authmode: MBEDTLS_SSL_VERIFY_REQUIRED[0m
[0;32;49m[03-10 07:18:47 ty D][tuya_tls.c:354] load root ca cert.[0m
[0;32;49m[03-10 07:18:47 ty D][tuya_tls.c:661] socket fd is set. set to inner send/recv to handshake[0m
[0;32;49m[03-10 07:18:47 ty D][tuya_tls.c:323] mbedtls_cert_pkey_free.[0m
[0;32;49m[03-10 07:18:47 ty D][tuya_tls.c:702] handshake finish for a2.tuyacn.com. set send/recv to user set[0m
[0;32;49m[03-10 07:18:47 ty D][tuya_tls.c:708] TUYA_TLS Success Connect a2.tuyacn.com:443 Suit:TLS-ECDHE-RSA-WITH-AES-128-GCM-SHA256[0m
[0;32;49m[03-10 07:18:47 ty D][http_client_wrapper.c:119] tls connencted![0m
[0;32;49m[03-10 07:18:47 ty D][http_client_wrapper.c:147] http request send![0m
[0;32;49m[03-10 07:18:47 ty D][http_client_wrapper.c:40] HTTP header add key=User-Agent[0m
[0;32;49m[03-10 07:18:47 ty D][http_client_wrapper.c:40] HTTP header add key=Content-Type[0m
[0;32;49m[03-10 07:18:47 ty D][http_client_wrapper.c:51] Sending HTTP POST request to a2.tuyacn.com[0m
[0;32;49m[03-10 07:18:47 ty D][tls_transporter.c:122] tls transporter close socket fd:1[0m
[0;32;49m[03-10 07:18:47 ty D][tcp_transporter.c:200] tcp transporter close socket fd:1[0m
[0;32;49m[03-10 07:18:47 ty D][tls_transporter.c:130] tls transporter close tls handler:0x608ca798[0m
[0;32;49m[03-10 07:18:47 ty D][tuya_tls.c:819] TUYA_TLS Disconnect ENTER[0m
[0;32;49m[03-10 07:18:47 ty D][tuya_tls.c:844] TUYA_TLS Disconnect Success[0m
[0;32;49m[03-10 07:18:47 ty D][tuya_tls.c:511] tuya_tls_connect_destroy.[0m
[0;32;49m[03-10 07:18:47 ty D][atop_base.c:267] result:
{"t":1773127128,"success":false,"errorCode":"NOT_EXISTS","errorMsg":"Product Not exist"}[0m
[0;31;49m[03-10 07:18:47 ty E][atop_base.c:319] errorMsg:Product Not exist[0m
[0;32;49m[03-10 07:18:47 ty D][tuya_app_main.c:153] Tuya Event ID:12(TUYA_EVENT_TIMESTAMP_SYNC)[0m
[0;36;49m[03-10 07:18:47 ty I][tuya_app_main.c:154] Device Free heap 145544[0m
[0;36;49m[03-10 07:18:47 ty I][tuya_app_main.c:212] Sync timestamp:1773127128[0m
[0;31;49m[03-10 07:18:48 ty E][tuya_iot.c:274] activate_response_parse error:-2[0m
[0;32;49m[03-10 07:18:49 ty D][tal_kv.c:270] lfs key not found: uuid372137b7e155c1c5.devid[0m
[0;32;49m[03-10 07:18:49 ty D][atop_service.c:210] POST JSON:{"token":"Ln8n94u7","softVer":"1.0.0","productKey":"xxxxxxxxxxxxxxxx","protocolVer":"2.3","baselineVer":"40.07","options": "{\"otaChannel\":0, \"isFK\":false}","devAttribute":2048,"cadVer":"1.0.3","cdVer":"1.0.0","t":1773127129}[0m
[0;32;49m[03-10 07:18:49 ty D][atop_base.c:417] TUYA_HTTPS_ATOP_URL: /d.json?[0m
[0;32;49m[03-10 07:18:49 ty D][atop_base.c:434] request url len:125: /d.json?a=thing.device.opensdk.active&et=3&t=1773127129&uuid=uuid372137b7e155c1c5&v=1.0&sign=5457c5ea4f772c9d62d5cb671509a007[0m
[0;32;49m[03-10 07:18:49 ty D][atop_base.c:448] atop_request_data_encode[0m
[0;32;49m[03-10 07:18:49 ty D][atop_base.c:457] out post data len:517, data:data=3764353133663765646437647A1CBC8BAE206F99376262FF5CEF283B0FB5D3F7AAD8AFFCA506C797DB243DD10C3A8FF9D712D66082DC5E07DEBB74CA3FC4C4846707423004C4D0EB456A716A5EF9BF86A1134908DCD7A9B7506BA6E2562DA66E8D669636D5187F3337D275C274ADD379CC3376BCFFEE9CAFC9EDEDD4C0909F2D923AD0E5111065F0388804E8947275F5DB7F97EFF7B8BD7BD212DC997420787345A004D479DAD550654BB7425B4782F345894EF713A5537C40C9D987EA8085D95E87383BE3E567D98E5C5665668AABE5CB1968C569686F4DB8386BCB736B5AE044365203B5B9D5C4C861A3EE278E7DD52F6CF5C465FC761CC8C9CAC7FE87D6C4[0m
[0;32;49m[03-10 07:18:49 ty D][atop_base.c:469] http request send![0m
tkl_net_socket_create type(0), fd(1)!
[0;32;49m[03-10 07:18:49 ty D][tuya_tls.c:590] TUYA_TLS Begin Connect a2.tuyacn.com:443[0m
[0;32;49m[03-10 07:18:49 ty D][tuya_tls.c:341] mbedtls authmode: MBEDTLS_SSL_VERIFY_REQUIRED[0m
[0;32;49m[03-10 07:18:49 ty D][tuya_tls.c:354] load root ca cert.[0m
[0;32;49m[03-10 07:18:49 ty D][tuya_tls.c:661] socket fd is set. set to inner send/recv to handshake[0m
[0;32;49m[03-10 07:18:49 ty D][tuya_tls.c:323] mbedtls_cert_pkey_free.[0m
[0;32;49m[03-10 07:18:49 ty D][tuya_tls.c:702] handshake finish for a2.tuyacn.com. set send/recv to user set[0m
[0;32;49m[03-10 07:18:49 ty D][tuya_tls.c:708] TUYA_TLS Success Connect a2.tuyacn.com:443 Suit:TLS-ECDHE-RSA-WITH-AES-128-GCM-SHA256[0m
[0;32;49m[03-10 07:18:49 ty D][http_client_wrapper.c:119] tls connencted![0m
[0;32;49m[03-10 07:18:49 ty D][http_client_wrapper.c:147] http request send![0m
[0;32;49m[03-10 07:18:49 ty D][http_client_wrapper.c:40] HTTP header add key=User-Agent[0m
[0;32;49m[03-10 07:18:49 ty D][http_client_wrapper.c:40] HTTP header add key=Content-Type[0m
[0;32;49m[03-10 07:18:49 ty D][http_client_wrapper.c:51] Sending HTTP POST request to a2.tuyacn.com[0m
[0;32;49m[03-10 07:18:49 ty D][tls_transporter.c:122] tls transporter close socket fd:1[0m
[0;32;49m[03-10 07:18:49 ty D][tcp_transporter.c:200] tcp transporter close socket fd:1[0m
[0;32;49m[03-10 07:18:49 ty D][tls_transporter.c:130] tls transporter close tls handler:0x608ca798[0m
[0;32;49m[03-10 07:18:49 ty D][tuya_tls.c:819] TUYA_TLS Disconnect ENTER[0m
[0;32;49m[03-10 07:18:49 ty D][tuya_tls.c:844] TUYA_TLS Disconnect Success[0m
[0;32;49m[03-10 07:18:49 ty D][tuya_tls.c:511] tuya_tls_connect_destroy.[0m
[0;32;49m[03-10 07:18:49 ty D][atop_base.c:267] result:
{"t":1773127129,"success":false,"errorCode":"NOT_EXISTS","errorMsg":"Product Not exist"}[0m
[0;31;49m[03-10 07:18:49 ty E][atop_base.c:319] errorMsg:Product Not exist[0m
[0;32;49m[03-10 07:18:49 ty D][tuya_app_main.c:153] Tuya Event ID:12(TUYA_EVENT_TIMESTAMP_SYNC)[0m
[0;36;49m[03-10 07:18:49 ty I][tuya_app_main.c:154] Device Free heap 145488[0m
[0;36;49m[03-10 07:18:49 ty I][tuya_app_main.c:212] Sync timestamp:1773127129[0m
[0;31;49m[03-10 07:18:49 ty E][tuya_iot.c:274] activate_response_parse error:-2[0m
[0;32;49m[03-10 07:18:49 ty D][tuya_health.c:75] feed watchdog[0m
[0;32;49m[03-10 07:18:50 ty D][tal_kv.c:270] lfs key not found: uuid372137b7e155c1c5.devid[0m
[0;32;49m[03-10 07:18:50 ty D][atop_service.c:210] POST JSON:{"token":"Ln8n94u7","softVer":"1.0.0","productKey":"xxxxxxxxxxxxxxxx","protocolVer":"2.3","baselineVer":"40.07","options": "{\"otaChannel\":0, \"isFK\":false}","devAttribute":2048,"cadVer":"1.0.3","cdVer":"1.0.0","t":1773127130}[0m
[0;32;49m[03-10 07:18:50 ty D][atop_base.c:417] TUYA_HTTPS_ATOP_URL: /d.json?[0m
[0;32;49m[03-10 07:18:50 ty D][atop_base.c:434] request url len:125: /d.json?a=thing.device.opensdk.active&et=3&t=1773127130&uuid=uuid372137b7e155c1c5&v=1.0&sign=12c37562e6edfc841a80aaa54f87d8ee[0m
[0;32;49m[03-10 07:18:50 ty D][atop_base.c:448] atop_request_data_encode[0m
[0;32;49m[03-10 07:18:50 ty D][atop_base.c:457] out post data len:517, data:data=626366663238326630663162CA492418248FFE18BB870047084D68203D92291F0DE164406E60F9D7629988E2C1F9714BB49D9232A8B23CD96AB636EF411BA6C1037EDECDDD34471F18F1FE2691DA89F47DAD1AB0652C115C2D5F11AE4821A971C5B714F17ADB85991E3BB90B88B21AB273B0C02CAFAC2E485EB2E72193D2D4728C5AA493D2D06DB7BF2C53C22C4C6B37202025B7CEA27801BC407C5798D487D88D2F537768526A5074BE4138192CB1D53E6C188D3B704F9FBE7C3248507A7943EC9FB542CA1A5AF4C3575D40F4CFE6973EADB19C2F3502CF600748A91043DFD42B1D018F95169B6B6448D50AB03B71AFFE71D40E1D5728CB710F19DDA51EA811[0m
[0;32;49m[03-10 07:18:50 ty D][atop_base.c:469] http request send![0m
tkl_net_socket_create type(0), fd(1)!
[0;32;49m[03-10 07:18:50 ty D][tuya_tls.c:590] TUYA_TLS Begin Connect a2.tuyacn.com:443[0m
[0;32;49m[03-10 07:18:50 ty D][tuya_tls.c:341] mbedtls authmode: MBEDTLS_SSL_VERIFY_REQUIRED[0m
[0;32;49m[03-10 07:18:50 ty D][tuya_tls.c:354] load root ca cert.[0m
[0;32;49m[03-10 07:18:50 ty D][tuya_tls.c:661] socket fd is set. set to inner send/recv to handshake[0m
[0;32;49m[03-10 07:18:50 ty D][tuya_tls.c:323] mbedtls_cert_pkey_free.[0m
[0;32;49m[03-10 07:18:50 ty D][tuya_tls.c:702] handshake finish for a2.tuyacn.com. set send/recv to user set[0m
[0;32;49m[03-10 07:18:50 ty D][tuya_tls.c:708] TUYA_TLS Success Connect a2.tuyacn.com:443 Suit:TLS-ECDHE-RSA-WITH-AES-128-GCM-SHA256[0m
[0;32;49m[03-10 07:18:50 ty D][http_client_wrapper.c:119] tls connencted![0m
[0;32;49m[03-10 07:18:50 ty D][http_client_wrapper.c:147] http request send![0m
[0;32;49m[03-10 07:18:50 ty D][http_client_wrapper.c:40] HTTP header add key=User-Agent[0m
[0;32;49m[03-10 07:18:50 ty D][http_client_wrapper.c:40] HTTP header add key=Content-Type[0m
[0;32;49m[03-10 07:18:50 ty D][http_client_wrapper.c:51] Sending HTTP POST request to a2.tuyacn.com[0m
[0;32;49m[03-10 07:18:50 ty D][tls_transporter.c:122] tls transporter close socket fd:1[0m
[0;32;49m[03-10 07:18:50 ty D][tcp_transporter.c:200] tcp transporter close socket fd:1[0m
[0;32;49m[03-10 07:18:50 ty D][tls_transporter.c:130] tls transporter close tls handler:0x608ca798[0m
[0;32;49m[03-10 07:18:50 ty D][tuya_tls.c:819] TUYA_TLS Disconnect ENTER[0m
[0;32;49m[03-10 07:18:50 ty D][tuya_tls.c:844] TUYA_TLS Disconnect Success[0m
[0;32;49m[03-10 07:18:50 ty D][tuya_tls.c:511] tuya_tls_connect_destroy.[0m
[0;32;49m[03-10 07:18:50 ty D][atop_base.c:267] result:
{"t":1773127131,"success":false,"errorCode":"NOT_EXISTS","errorMsg":"Product Not exist"}[0m
[0;31;49m[03-10 07:18:50 ty E][atop_base.c:319] errorMsg:Product Not exist[0m
[0;32;49m[03-10 07:18:50 ty D][tuya_app_main.c:153] Tuya Event ID:12(TUYA_EVENT_TIMESTAMP_SYNC)[0m
[0;36;49m[03-10 07:18:50 ty I][tuya_app_main.c:154] Device Free heap 145488[0m
[0;36;49m[03-10 07:18:50 ty I][tuya_app_main.c:212] Sync timestamp:1773127131[0m
[0;31;49m[03-10 07:18:51 ty E][tuya_iot.c:274] activate_response_parse error:-2[0m
[0;32;49m[03-10 07:18:52 ty D][tal_kv.c:270] lfs key not found: uuid372137b7e155c1c5.devid[0m
[0;32;49m[03-10 07:18:52 ty D][atop_service.c:210] POST JSON:{"token":"Ln8n94u7","softVer":"1.0.0","productKey":"xxxxxxxxxxxxxxxx","protocolVer":"2.3","baselineVer":"40.07","options": "{\"otaChannel\":0, \"isFK\":false}","devAttribute":2048,"cadVer":"1.0.3","cdVer":"1.0.0","t":1773127132}[0m
[0;32;49m[03-10 07:18:52 ty D][atop_base.c:417] TUYA_HTTPS_ATOP_URL: /d.json?[0m
[0;32;49m[03-10 07:18:52 ty D][atop_base.c:434] request url len:125: /d.json?a=thing.device.opensdk.active&et=3&t=1773127132&uuid=uuid372137b7e155c1c5&v=1.0&sign=71e99fc3f690b4d5fcffa5b713682478[0m
[0;32;49m[03-10 07:18:52 ty D][atop_base.c:448] atop_request_data_encode[0m
[0;32;49m[03-10 07:18:52 ty D][atop_base.c:457] out post data len:517, data:data=38346630656466366638316105D8D46F2E2D2D121A06C57454FC3672947A6A093C49E71C5EF1C495B0241C698EAB4765B86E2520C300E20617820E026CC2BC660FDDF40842BB04913C5C538E4758EF499C214D7558F1714C8C98540881A4C0EA77033B8263D8D3FABF25EEC1AA2394E5831F254327F794A3A2D3BF4076444F3247CDE245A28CF2D1692ABFF4C49D80791BD70CB814818A46E9C87DEDC9A750665A48663E2D427DBC9415FBA3CF192AD398BFCF034D67A4706BEAB3FAE033F21C5629D2B84345CAB0E9A3CFBDF8AD4EC8A2E59C6C36577D8CD8C169BFF251FDC33C31D3BF61E3F9B4B658BDE56DC3388ED01D10BA62D2BC25A96BC66C4C3C7B14[0m
[0;32;49m[03-10 07:18:52 ty D][atop_base.c:469] http request send![0m
tkl_net_socket_create type(0), fd(1)!
[0;32;49m[03-10 07:18:52 ty D][tuya_tls.c:590] TUYA_TLS Begin Connect a2.tuyacn.com:443[0m
[0;32;49m[03-10 07:18:52 ty D][tuya_tls.c:341] mbedtls authmode: MBEDTLS_SSL_VERIFY_REQUIRED[0m
[0;32;49m[03-10 07:18:52 ty D][tuya_tls.c:354] load root ca cert.[0m
[0;32;49m[03-10 07:18:52 ty D][tuya_tls.c:661] socket fd is set. set to inner send/recv to handshake[0m
[0;32;49m[03-10 07:18:52 ty D][tuya_tls.c:323] mbedtls_cert_pkey_free.[0m
[0;32;49m[03-10 07:18:52 ty D][tuya_tls.c:702] handshake finish for a2.tuyacn.com. set send/recv to user set[0m
[0;32;49m[03-10 07:18:52 ty D][tuya_tls.c:708] TUYA_TLS Success Connect a2.tuyacn.com:443 Suit:TLS-ECDHE-RSA-WITH-AES-128-GCM-SHA256[0m
[0;32;49m[03-10 07:18:52 ty D][http_client_wrapper.c:119] tls connencted![0m
[0;32;49m[03-10 07:18:52 ty D][http_client_wrapper.c:147] http request send![0m
[0;32;49m[03-10 07:18:52 ty D][http_client_wrapper.c:40] HTTP header add key=User-Agent[0m
[0;32;49m[03-10 07:18:52 ty D][http_client_wrapper.c:40] HTTP header add key=Content-Type[0m
[0;32;49m[03-10 07:18:52 ty D][http_client_wrapper.c:51] Sending HTTP POST request to a2.tuyacn.com[0m
[0;32;49m[03-10 07:18:52 ty D][tls_transporter.c:122] tls transporter close socket fd:1[0m
[0;32;49m[03-10 07:18:52 ty D][tcp_transporter.c:200] tcp transporter close socket fd:1[0m
[0;32;49m[03-10 07:18:52 ty D][tls_transporter.c:130] tls transporter close tls handler:0x608ca798[0m
[0;32;49m[03-10 07:18:52 ty D][tuya_tls.c:819] TUYA_TLS Disconnect ENTER[0m
[0;32;49m[03-10 07:18:52 ty D][tuya_tls.c:844] TUYA_TLS Disconnect Success[0m
[0;32;49m[03-10 07:18:52 ty D][tuya_tls.c:511] tuya_tls_connect_destroy.[0m
[0;32;49m[03-10 07:18:52 ty D][atop_base.c:267] result:
{"t":1773127132,"success":false,"errorCode":"NOT_EXISTS","errorMsg":"Product Not exist"}[0m
[0;31;49m[03-10 07:18:52 ty E][atop_base.c:319] errorMsg:Product Not exist[0m
[0;32;49m[03-10 07:18:52 ty D][tuya_app_main.c:153] Tuya Event ID:12(TUYA_EVENT_TIMESTAMP_SYNC)[0m
[0;36;49m[03-10 07:18:52 ty I][tuya_app_main.c:154] Device Free heap 145488[0m
[0;36;49m[03-10 07:18:52 ty I][tuya_app_main.c:212] Sync timestamp:1773127132[0m
[0;31;49m[03-10 07:18:52 ty E][tuya_iot.c:274] activate_response_parse error:-2[0m
[0;32;49m[03-10 07:18:53 ty D][tal_kv.c:270] lfs key not found: uuid372137b7e155c1c5.devid[0m
[0;32;49m[03-10 07:18:53 ty D][atop_service.c:210] POST JSON:{"token":"Ln8n94u7","softVer":"1.0.0","productKey":"xxxxxxxxxxxxxxxx","protocolVer":"2.3","baselineVer":"40.07","options": "{\"otaChannel\":0, \"isFK\":false}","devAttribute":2048,"cadVer":"1.0.3","cdVer":"1.0.0","t":1773127133}[0m
[0;32;49m[03-10 07:18:53 ty D][atop_base.c:417] TUYA_HTTPS_ATOP_URL: /d.json?[0m
[0;32;49m[03-10 07:18:53 ty D][atop_base.c:434] request url len:125: /d.json?a=thing.device.opensdk.active&et=3&t=1773127133&uuid=uuid372137b7e155c1c5&v=1.0&sign=988ebff816d7c92f302f0cf2c8ef6a3b[0m
[0;32;49m[03-10 07:18:53 ty D][atop_base.c:448] atop_request_data_encode[0m
[0;32;49m[03-10 07:18:53 ty D][atop_base.c:457] out post data len:517, data:data=6363366234646337666138347B2BAE52941628D9EBAF704E67B6560DA0D0B181786E381B64656D8155523CC5E441D03DBFB53AAF1E3B34330E88817052A24B39803E2DE435C91208356931F6CC9C93B195EAC4634CD4190778550C62A1C5053AFBBF8C8348D94ED5DE12A03FAD260841A10B5749740FCE93906B61C4FD8A1D3482B8717B13AF7A102E778DAD559570934822483381101F0DE2DF001201BCDBEC89FA64704F63F8F7407D216AE7B3378BFEB7A22FB62DAACF2DBF53C1AF2D635A788AA992E3A6C4E183145CBE4418AF5C48DEC50600FC64A881D25349EE4242FAB3990FD1609E79CE923C116323EE513DC018E4FDA9773846A4F31A986A14CF18[0m
[0;32;49m[03-10 07:18:53 ty D][atop_base.c:469] http request send![0m
tkl_net_socket_create type(0), fd(1)!
[0;32;49m[03-10 07:18:53 ty D][tuya_tls.c:590] TUYA_TLS Begin Connect a2.tuyacn.com:443[0m
[0;32;49m[03-10 07:18:53 ty D][tuya_tls.c:341] mbedtls authmode: MBEDTLS_SSL_VERIFY_REQUIRED[0m
[0;32;49m[03-10 07:18:53 ty D][tuya_tls.c:354] load root ca cert.[0m
[0;32;49m[03-10 07:18:53 ty D][tuya_tls.c:661] socket fd is set. set to inner send/recv to handshake[0m
[0;32;49m[03-10 07:18:53 ty D][tuya_tls.c:323] mbedtls_cert_pkey_free.[0m
[0;32;49m[03-10 07:18:53 ty D][tuya_tls.c:702] handshake finish for a2.tuyacn.com. set send/recv to user set[0m
[0;32;49m[03-10 07:18:53 ty D][tuya_tls.c:708] TUYA_TLS Success Connect a2.tuyacn.com:443 Suit:TLS-ECDHE-RSA-WITH-AES-128-GCM-SHA256[0m
[0;32;49m[03-10 07:18:53 ty D][http_client_wrapper.c:119] tls connencted![0m
[0;32;49m[03-10 07:18:53 ty D][http_client_wrapper.c:147] http request send![0m
[0;32;49m[03-10 07:18:53 ty D][http_client_wrapper.c:40] HTTP header add key=User-Agent[0m
[0;32;49m[03-10 07:18:53 ty D][http_client_wrapper.c:40] HTTP header add key=Content-Type[0m
[0;32;49m[03-10 07:18:53 ty D][http_client_wrapper.c:51] Sending HTTP POST request to a2.tuyacn.com[0m
[0;32;49m[03-10 07:18:53 ty D][tls_transporter.c:122] tls transporter close socket fd:1[0m
[0;32;49m[03-10 07:18:53 ty D][tcp_transporter.c:200] tcp transporter close socket fd:1[0m
[0;32;49m[03-10 07:18:53 ty D][tls_transporter.c:130] tls transporter close tls handler:0x608ca798[0m
[0;32;49m[03-10 07:18:53 ty D][tuya_tls.c:819] TUYA_TLS Disconnect ENTER[0m
[0;32;49m[03-10 07:18:53 ty D][tuya_tls.c:844] TUYA_TLS Disconnect Success[0m
[0;32;49m[03-10 07:18:53 ty D][tuya_tls.c:511] tuya_tls_connect_destroy.[0m
[0;32;49m[03-10 07:18:53 ty D][atop_base.c:267] result:
{"t":1773127134,"success":false,"errorCode":"NOT_EXISTS","errorMsg":"Product Not exist"}[0m
[0;31;49m[03-10 07:18:53 ty E][atop_base.c:319] errorMsg:Product Not exist[0m
[0;32;49m[03-10 07:18:53 ty D][tuya_app_main.c:153] Tuya Event ID:12(TUYA_EVENT_TIMESTAMP_SYNC)[0m
[0;36;49m[03-10 07:18:53 ty I][tuya_app_main.c:154] Device Free heap 145488[0m
[0;36;49m[03-10 07:18:53 ty I][tuya_app_main.c:212] Sync timestamp:1773127134[0m
[0;31;49m[03-10 07:18:54 ty E][tuya_iot.c:274] activate_response_parse error:-2[0m
[0;32;49m[03-10 07:18:55 ty D][tal_kv.c:270] lfs key not found: uuid372137b7e155c1c5.devid[0m
[0;32;49m[03-10 07:18:55 ty D][atop_service.c:210] POST JSON:{"token":"Ln8n94u7","softVer":"1.0.0","productKey":"xxxxxxxxxxxxxxxx","protocolVer":"2.3","baselineVer":"40.07","options": "{\"otaChannel\":0, \"isFK\":false}","devAttribute":2048,"cadVer":"1.0.3","cdVer":"1.0.0","t":1773127135}[0m
[0;32;49m[03-10 07:18:55 ty D][atop_base.c:417] TUYA_HTTPS_ATOP_URL: /d.json?[0m
[0;32;49m[03-10 07:18:55 ty D][atop_base.c:434] request url len:125: /d.json?a=thing.device.opensdk.active&et=3&t=1773127135&uuid=uuid372137b7e155c1c5&v=1.0&sign=2b549c687754dea1403e2ac6a604d224[0m
[0;32;49m[03-10 07:18:55 ty D][atop_base.c:448] atop_request_data_encode[0m
[0;32;49m[03-10 07:18:55 ty D][atop_base.c:457] out post data len:517, data:data=653739363030323062633933504983787DC3F6A5860E7A7AF605E91C5326C38FAD428D647E277E1245B47DF415D50B4AF405E73721EFFC8084C7FD62E4BF6A8A1520FD052689FAF9CF1EBAAEB2D077F15FD3E0CB1D35DAEE6C1C5191F1A5CBF0EE09C29325423842E90D623F63B5BE4E842507803DFF89DBD4E1C2C634E6542F718D0EE13613FF35EB35049B068A06E75EA717A8B4341FD906BACC9E9F3FEF1956B48AFA038B99F265DF155613E156569D8E152E512D739B79E280AAE32643FB2595CC4A0DA2325847D55254A316CC0739219956F627D4A023EB8994C620A00982E33CB59DA00A38139B6DB846F983AD116DBCF5C735B087B8BF47368D9E19A4[0m
[0;32;49m[03-10 07:18:55 ty D][atop_base.c:469] http request send![0m
tkl_net_socket_create type(0), fd(1)!
[0;32;49m[03-10 07:18:55 ty D][tuya_tls.c:590] TUYA_TLS Begin Connect a2.tuyacn.com:443[0m
[0;32;49m[03-10 07:18:55 ty D][tuya_tls.c:341] mbedtls authmode: MBEDTLS_SSL_VERIFY_REQUIRED[0m
[0;32;49m[03-10 07:18:55 ty D][tuya_tls.c:354] load root ca cert.[0m
[0;32;49m[03-10 07:18:55 ty D][tuya_tls.c:661] socket fd is set. set to inner send/recv to handshake[0m
[0;32;49m[03-10 07:18:55 ty D][tuya_tls.c:323] mbedtls_cert_pkey_free.[0m
[0;32;49m[03-10 07:18:55 ty D][tuya_tls.c:702] handshake finish for a2.tuyacn.com. set send/recv to user set[0m
[0;32;49m[03-10 07:18:55 ty D][tuya_tls.c:708] TUYA_TLS Success Connect a2.tuyacn.com:443 Suit:TLS-ECDHE-RSA-WITH-AES-128-GCM-SHA256[0m
[0;32;49m[03-10 07:18:55 ty D][http_client_wrapper.c:119] tls connencted![0m
[0;32;49m[03-10 07:18:55 ty D][http_client_wrapper.c:147] http request send![0m
[0;32;49m[03-10 07:18:55 ty D][http_client_wrapper.c:40] HTTP header add key=User-Agent[0m
[0;32;49m[03-10 07:18:55 ty D][http_client_wrapper.c:40] HTTP header add key=Content-Type[0m
[0;32;49m[03-10 07:18:55 ty D][http_client_wrapper.c:51] Sending HTTP POST request to a2.tuyacn.com[0m
[0;32;49m[03-10 07:18:55 ty D][tls_transporter.c:122] tls transporter close socket fd:1[0m
[0;32;49m[03-10 07:18:55 ty D][tcp_transporter.c:200] tcp transporter close socket fd:1[0m
[0;36;49m[03-10 07:18:55 ty I][ducky_claw_chat.c:52] Free heap size:145696, Free psram heap size:7390784[0m
[0;32;49m[03-10 07:18:55 ty D][tls_transporter.c:130] tls transporter close tls handler:0x608ca798[0m
[0;32;49m[03-10 07:18:55 ty D][tuya_tls.c:819] TUYA_TLS Disconnect ENTER[0m
[0;32;49m[03-10 07:18:55 ty D][tuya_tls.c:844] TUYA_TLS Disconnect Success[0m
[0;32;49m[03-10 07:18:55 ty D][tuya_tls.c:511] tuya_tls_connect_destroy.[0m
[0;32;49m[03-10 07:18:55 ty D][atop_base.c:267] result:
{"t":1773127135,"success":false,"errorCode":"NOT_EXISTS","errorMsg":"Product Not exist"}[0m
[0;31;49m[03-10 07:18:55 ty E][atop_base.c:319] errorMsg:Product Not exist[0m
[0;32;49m[03-10 07:18:55 ty D][tuya_app_main.c:153] Tuya Event ID:12(TUYA_EVENT_TIMESTAMP_SYNC)[0m
[0;36;49m[03-10 07:18:55 ty I][tuya_app_main.c:154] Device Free heap 145488[0m
[0;36;49m[03-10 07:18:55 ty I][tuya_app_main.c:212] Sync timestamp:1773127135[0m
[0;31;49m[03-10 07:18:55 ty E][tuya_iot.c:274] activate_response_parse error:-2[0m
[0;32;49m[03-10 07:18:56 ty D][tal_kv.c:270] lfs key not found: uuid372137b7e155c1c5.devid[0m
[0;32;49m[03-10 07:18:56 ty D][atop_service.c:210] POST JSON:{"token":"Ln8n94u7","softVer":"1.0.0","productKey":"xxxxxxxxxxxxxxxx","protocolVer":"2.3","baselineVer":"40.07","options": "{\"otaChannel\":0, \"isFK\":false}","devAttribute":2048,"cadVer":"1.0.3","cdVer":"1.0.0","t":1773127136}[0m
[0;32;49m[03-10 07:18:56 ty D][atop_base.c:417] TUYA_HTTPS_ATOP_URL: /d.json?[0m
[0;32;49m[03-10 07:18:56 ty D][atop_base.c:434] request url len:125: /d.json?a=thing.device.opensdk.active&et=3&t=1773127136&uuid=uuid372137b7e155c1c5&v=1.0&sign=ceb5e00a49a0bc0241876f9d3126452c[0m
[0;32;49m[03-10 07:18:56 ty D][atop_base.c:448] atop_request_data_encode[0m
[0;32;49m[03-10 07:18:56 ty D][atop_base.c:457] out post data len:517, data:data=33313533333534346239383240AA2626BB73AFF5FED9E3A53C0C90B38C24F07FAEA2A6329E11C76E6A373A62104A1BBD61E094E1D73C9E8FD0C9561491A63D26344F1B01CC868B6B87355BA90C426D10414D65E56402BE063FFED276C50B62F6CC6B5B408869AFE8D15D69B5422011CC3FBA483EDC0237BF114BC1D9AD50FF4B2580E369001B3407888CB50166D576DAD813B157E11F0B853D65ED55EBA5709524A757E499069F4C478C741193A3FD8D65E7F62573927F57847CECDF6CD9F44B236FC34801A0604C7F97B1A73F6454671F85C072833D67DB6FBC4C20190707B472F9CD41FD40B1C11B2EEA3830876C144A241265FDEFB90EB856E39A56A2191E[0m
[0;32;49m[03-10 07:18:56 ty D][atop_base.c:469] http request send![0m
tkl_net_socket_create type(0), fd(1)!
[0;32;49m[03-10 07:18:56 ty D][tuya_tls.c:590] TUYA_TLS Begin Connect a2.tuyacn.com:443[0m
[0;32;49m[03-10 07:18:56 ty D][tuya_tls.c:341] mbedtls authmode: MBEDTLS_SSL_VERIFY_REQUIRED[0m
[0;32;49m[03-10 07:18:56 ty D][tuya_tls.c:354] load root ca cert.[0m
[0;32;49m[03-10 07:18:56 ty D][tuya_tls.c:661] socket fd is set. set to inner send/recv to handshake[0m
[0;32;49m[03-10 07:18:56 ty D][tuya_tls.c:323] mbedtls_cert_pkey_free.[0m
[0;32;49m[03-10 07:18:56 ty D][tuya_tls.c:702] handshake finish for a2.tuyacn.com. set send/recv to user set[0m
[0;32;49m[03-10 07:18:56 ty D][tuya_tls.c:708] TUYA_TLS Success Connect a2.tuyacn.com:443 Suit:TLS-ECDHE-RSA-WITH-AES-128-GCM-SHA256[0m
[0;32;49m[03-10 07:18:56 ty D][http_client_wrapper.c:119] tls connencted![0m
[0;32;49m[03-10 07:18:56 ty D][http_client_wrapper.c:147] http request send![0m
[0;32;49m[03-10 07:18:56 ty D][http_client_wrapper.c:40] HTTP header add key=User-Agent[0m
[0;32;49m[03-10 07:18:56 ty D][http_client_wrapper.c:40] HTTP header add key=Content-Type[0m
[0;32;49m[03-10 07:18:56 ty D][http_client_wrapper.c:51] Sending HTTP POST request to a2.tuyacn.com[0m
[0;32;49m[03-10 07:18:56 ty D][tls_transporter.c:122] tls transporter close socket fd:1[0m
[0;32;49m[03-10 07:18:56 ty D][tcp_transporter.c:200] tcp transporter close socket fd:1[0m
[0;32;49m[03-10 07:18:56 ty D][tls_transporter.c:130] tls transporter close tls handler:0x608ca798[0m
[0;32;49m[03-10 07:18:56 ty D][tuya_tls.c:819] TUYA_TLS Disconnect ENTER[0m
[0;32;49m[03-10 07:18:56 ty D][tuya_tls.c:844] TUYA_TLS Disconnect Success[0m
[0;32;49m[03-10 07:18:56 ty D][tuya_tls.c:511] tuya_tls_connect_destroy.[0m
[0;32;49m[03-10 07:18:56 ty D][atop_base.c:267] result:
{"t":1773127137,"success":false,"errorCode":"NOT_EXISTS","errorMsg":"Product Not exist"}[0m
[0;31;49m[03-10 07:18:56 ty E][atop_base.c:319] errorMsg:Product Not exist[0m
[0;32;49m[03-10 07:18:56 ty D][tuya_app_main.c:153] Tuya Event ID:12(TUYA_EVENT_TIMESTAMP_SYNC)[0m
[0;36;49m[03-10 07:18:56 ty I][tuya_app_main.c:154] Device Free heap 145488[0m
[0;36;49m[03-10 07:18:56 ty I][tuya_app_main.c:212] Sync timestamp:1773127137[0m
[0;31;49m[03-10 07:18:57 ty E][tuya_iot.c:274] activate_response_parse error:-2[0m
[0;32;49m[03-10 07:18:58 ty D][tal_kv.c:270] lfs key not found: uuid372137b7e155c1c5.devid[0m
[0;32;49m[03-10 07:18:58 ty D][atop_service.c:210] POST JSON:{"token":"Ln8n94u7","softVer":"1.0.0","productKey":"xxxxxxxxxxxxxxxx","protocolVer":"2.3","baselineVer":"40.07","options": "{\"otaChannel\":0, \"isFK\":false}","devAttribute":2048,"cadVer":"1.0.3","cdVer":"1.0.0","t":1773127138}[0m
[0;32;49m[03-10 07:18:58 ty D][atop_base.c:417] TUYA_HTTPS_ATOP_URL: /d.json?[0m
[0;32;49m[03-10 07:18:58 ty D][atop_base.c:434] request url len:125: /d.json?a=thing.device.opensdk.active&et=3&t=1773127138&uuid=uuid372137b7e155c1c5&v=1.0&sign=553a1757a3b0ca8ee4b1fc018f62a1b0[0m
[0;32;49m[03-10 07:18:58 ty D][atop_base.c:448] atop_request_data_encode[0m
[0;32;49m[03-10 07:18:58 ty D][atop_base.c:457] out post data len:517, data:data=6566633336643137623434644D9B8419DC4E8DDD6A11C741134DECF14DB163C7C4CD7818A647C41F3FC2D5655F0F455123C80763CABDA4ED644CBA64280CCB9FA991AF67F389C63A427B356BE45D06CFAB171008CF284CCD6DF5A28992A2A95EB17CEB8D15DA3BDAF6BA208CFB370F1ACA04A640BE9444332DAFCE60545E521EF448C0B43E912D8EE83E0DCAA77E1460C16914908846FE936D8DEB0C62C8D9BAFAEF219725C7B3DD60ADFD0EEFF9F570EE621A14D2F5472DEBF0A4D12C1C36AF7935C0077B732C764192A3BAD9D5C9C94237FAFA8CEE1CBB8777F48BAE98E347280F55C06D8F4580AA8CD97D55DB4A8E539C87F4FD8601840FBE73BA8DDD3D09[0m
[0;32;49m[03-10 07:18:58 ty D][atop_base.c:469] http request send![0m
tkl_net_socket_create type(0), fd(1)!
[0;32;49m[03-10 07:18:58 ty D][tuya_tls.c:590] TUYA_TLS Begin Connect a2.tuyacn.com:443[0m
[0;32;49m[03-10 07:18:58 ty D][tuya_tls.c:341] mbedtls authmode: MBEDTLS_SSL_VERIFY_REQUIRED[0m
[0;32;49m[03-10 07:18:58 ty D][tuya_tls.c:354] load root ca cert.[0m
[0;32;49m[03-10 07:18:58 ty D][tuya_tls.c:661] socket fd is set. set to inner send/recv to handshake[0m
[0;32;49m[03-10 07:18:58 ty D][tuya_tls.c:323] mbedtls_cert_pkey_free.[0m
[0;32;49m[03-10 07:18:58 ty D][tuya_tls.c:702] handshake finish for a2.tuyacn.com. set send/recv to user set[0m
[0;32;49m[03-10 07:18:58 ty D][tuya_tls.c:708] TUYA_TLS Success Connect a2.tuyacn.com:443 Suit:TLS-ECDHE-RSA-WITH-AES-128-GCM-SHA256[0m
[0;32;49m[03-10 07:18:58 ty D][http_client_wrapper.c:119] tls connencted![0m
[0;32;49m[03-10 07:18:58 ty D][http_client_wrapper.c:147] http request send![0m
[0;32;49m[03-10 07:18:58 ty D][http_client_wrapper.c:40] HTTP header add key=User-Agent[0m
[0;32;49m[03-10 07:18:58 ty D][http_client_wrapper.c:40] HTTP header add key=Content-Type[0m
[0;32;49m[03-10 07:18:58 ty D][http_client_wrapper.c:51] Sending HTTP POST request to a2.tuyacn.com[0m
[0;32;49m[03-10 07:18:58 ty D][tls_transporter.c:122] tls transporter close socket fd:1[0m
[0;32;49m[03-10 07:18:58 ty D][tcp_transporter.c:200] tcp transporter close socket fd:1[0m
[0;32;49m[03-10 07:18:58 ty D][tls_transporter.c:130] tls transporter close tls handler:0x608ca798[0m
[0;32;49m[03-10 07:18:58 ty D][tuya_tls.c:819] TUYA_TLS Disconnect ENTER[0m
[0;32;49m[03-10 07:18:58 ty D][tuya_tls.c:844] TUYA_TLS Disconnect Success[0m
[0;32;49m[03-10 07:18:58 ty D][tuya_tls.c:511] tuya_tls_connect_destroy.[0m
[0;32;49m[03-10 07:18:58 ty D][atop_base.c:267] result:
{"t":1773127138,"success":false,"errorCode":"NOT_EXISTS","errorMsg":"Product Not exist"}[0m
[0;31;49m[03-10 07:18:58 ty E][atop_base.c:319] errorMsg:Product Not exist[0m
[0;32;49m[03-10 07:18:58 ty D][tuya_app_main.c:153] Tuya Event ID:12(TUYA_EVENT_TIMESTAMP_SYNC)[0m
[0;36;49m[03-10 07:18:58 ty I][tuya_app_main.c:154] Device Free heap 145488[0m
[0;36;49m[03-10 07:18:58 ty I][tuya_app_main.c:212] Sync timestamp:1773127138[0m
[0;31;49m[03-10 07:18:58 ty E][tuya_iot.c:274] activate_response_parse error:-2[0m
[0;32;49m[03-10 07:18:59 ty D][tal_kv.c:270] lfs key not found: uuid372137b7e155c1c5.devid[0m
[0;32;49m[03-10 07:18:59 ty D][atop_service.c:210] POST JSON:{"token":"Ln8n94u7","softVer":"1.0.0","productKey":"xxxxxxxxxxxxxxxx","protocolVer":"2.3","baselineVer":"40.07","options": "{\"otaChannel\":0, \"isFK\":false}","devAttribute":2048,"cadVer":"1.0.3","cdVer":"1.0.0","t":1773127139}[0m
[0;32;49m[03-10 07:18:59 ty D][atop_base.c:417] TUYA_HTTPS_ATOP_URL: /d.json?[0m
[0;32;49m[03-10 07:18:59 ty D][atop_base.c:434] request url len:125: /d.json?a=thing.device.opensdk.active&et=3&t=1773127139&uuid=uuid372137b7e155c1c5&v=1.0&sign=571f7e55ab6e609e493776a3487a7919[0m
[0;32;49m[03-10 07:18:59 ty D][atop_base.c:448] atop_request_data_encode[0m
[0;32;49m[03-10 07:18:59 ty D][atop_base.c:457] out post data len:517, data:data=63626135386433323766393191711C31C0C40C2FFA97EA875409FA4DA02667B12F9B871037255CF2C2B831977BA34F30908148F8FF639F278835B20CD21845A6D79397A8EB0D5F864055B5F2101895D6B1FC4A991665E21085A8F6461E8A6A21AC29BFC48390A386437CDA94FFC6842110945A37FBAF15964FC211D7B06E01A0046AC149B39C684706A31B0DD09520AEC4FF4FD6DB8FB248DEC5F17548A3640B1FB436B47006923E5C84B5A6A99FDE80724360D1626482C74EAC5F323BEE12CEDE29804F504AA512BD784A7A711A9A6C76DE03CBCE8A0D7EE5824A58001A6EC2CB3E1657F07AE642418B13F691A80F8CD23ECDE5C69CE226FD18157B7D93BB45[0m
[0;32;49m[03-10 07:18:59 ty D][atop_base.c:469] http request send![0m
tkl_net_socket_create type(0), fd(1)!
[0;32;49m[03-10 07:18:59 ty D][tuya_tls.c:590] TUYA_TLS Begin Connect a2.tuyacn.com:443[0m
[0;32;49m[03-10 07:18:59 ty D][tuya_tls.c:341] mbedtls authmode: MBEDTLS_SSL_VERIFY_REQUIRED[0m
[0;32;49m[03-10 07:18:59 ty D][tuya_tls.c:354] load root ca cert.[0m
[0;32;49m[03-10 07:18:59 ty D][tuya_tls.c:661] socket fd is set. set to inner send/recv to handshake[0m
[0;32;49m[03-10 07:18:59 ty D][tuya_health.c:75] feed watchdog[0m
[0;32;49m[03-10 07:18:59 ty D][tuya_tls.c:323] mbedtls_cert_pkey_free.[0m
[0;32;49m[03-10 07:18:59 ty D][tuya_tls.c:702] handshake finish for a2.tuyacn.com. set send/recv to user set[0m
[0;32;49m[03-10 07:18:59 ty D][tuya_tls.c:708] TUYA_TLS Success Connect a2.tuyacn.com:443 Suit:TLS-ECDHE-RSA-WITH-AES-128-GCM-SHA256[0m
[0;32;49m[03-10 07:18:59 ty D][http_client_wrapper.c:119] tls connencted![0m
[0;32;49m[03-10 07:18:59 ty D][http_client_wrapper.c:147] http request send![0m
[0;32;49m[03-10 07:18:59 ty D][http_client_wrapper.c:40] HTTP header add key=User-Agent[0m
[0;32;49m[03-10 07:18:59 ty D][http_client_wrapper.c:40] HTTP header add key=Content-Type[0m
[0;32;49m[03-10 07:18:59 ty D][http_client_wrapper.c:51] Sending HTTP POST request to a2.tuyacn.com[0m
[0;32;49m[03-10 07:18:59 ty D][tls_transporter.c:122] tls transporter close socket fd:1[0m
[0;32;49m[03-10 07:18:59 ty D][tcp_transporter.c:200] tcp transporter close socket fd:1[0m
[0;32;49m[03-10 07:18:59 ty D][tls_transporter.c:130] tls transporter close tls handler:0x608ca798[0m
[0;32;49m[03-10 07:18:59 ty D][tuya_tls.c:819] TUYA_TLS Disconnect ENTER[0m
[0;32;49m[03-10 07:18:59 ty D][tuya_tls.c:844] TUYA_TLS Disconnect Success[0m
[0;32;49m[03-10 07:18:59 ty D][tuya_tls.c:511] tuya_tls_connect_destroy.[0m
[0;32;49m[03-10 07:18:59 ty D][atop_base.c:267] result:
{"t":1773127140,"success":false,"errorCode":"NOT_EXISTS","errorMsg":"Product Not exist"}[0m
[0;31;49m[03-10 07:18:59 ty E][atop_base.c:319] errorMsg:Product Not exist[0m
[0;32;49m[03-10 07:18:59 ty D][tuya_app_main.c:153] Tuya Event ID:12(TUYA_EVENT_TIMESTAMP_SYNC)[0m
[0;36;49m[03-10 07:18:59 ty I][tuya_app_main.c:154] Device Free heap 145488[0m
[0;36;49m[03-10 07:18:59 ty I][tuya_app_main.c:212] Sync timestamp:1773127140[0m
[0;31;49m[03-10 07:19:00 ty E][tuya_iot.c:274] activate_response_parse error:-2[0m
[0;32;49m[03-10 07:19:01 ty D][tal_kv.c:270] lfs key not found: uuid372137b7e155c1c5.devid[0m
[0;32;49m[03-10 07:19:01 ty D][atop_service.c:210] POST JSON:{"token":"Ln8n94u7","softVer":"1.0.0","productKey":"xxxxxxxxxxxxxxxx","protocolVer":"2.3","baselineVer":"40.07","options": "{\"otaChannel\":0, \"isFK\":false}","devAttribute":2048,"cadVer":"1.0.3","cdVer":"1.0.0","t":1773127141}[0m
[0;32;49m[03-10 07:19:01 ty D][atop_base.c:417] TUYA_HTTPS_ATOP_URL: /d.json?[0m
[0;32;49m[03-10 07:19:01 ty D][atop_base.c:434] request url len:125: /d.json?a=thing.device.opensdk.active&et=3&t=1773127141&uuid=uuid372137b7e155c1c5&v=1.0&sign=d1d86c80eed8955d31b642ea0ebd208f[0m
[0;32;49m[03-10 07:19:01 ty D][atop_base.c:448] atop_request_data_encode[0m
[0;32;49m[03-10 07:19:01 ty D][atop_base.c:457] out post data len:517, data:data=6339393666376261373336324A03A9C7BA0A9FE9FC83D553C6E3A1C91B6BD434CD1B0918D38F574E4EC56874EE4263FCEFB3708B068A325BA4AB610C67A3EFD7AC5672AB88C3F94220A1FC1D59AC9728A271E2909F93FADFE43F283AA745D176277BD967DD84794405E34170E33462AEC16402C5D5D907B6E9A6FF5FF43672CCCDAFB098AE1908978C5652263416492ADF701841D9D989D69195A80A3568D8B74DC67670D6A338E4BDFEC3BA12CACFE21DCF86C1E32358FBE3F64290269ADA72AF9D105522205352DC38D938D648D448573E0C6BED810E78505DFC42D8988E81CAC1E4F535E699F2DD9BA28F9FA69394F459CDD6721D30943ABF62E2CF524ADC[0m
[0;32;49m[03-10 07:19:01 ty D][atop_base.c:469] http request send![0m
tkl_net_socket_create type(0), fd(1)!
[0;32;49m[03-10 07:19:01 ty D][tuya_tls.c:590] TUYA_TLS Begin Connect a2.tuyacn.com:443[0m
[0;32;49m[03-10 07:19:01 ty D][tuya_tls.c:341] mbedtls authmode: MBEDTLS_SSL_VERIFY_REQUIRED[0m
[0;32;49m[03-10 07:19:01 ty D][tuya_tls.c:354] load root ca cert.[0m
[0;32;49m[03-10 07:19:01 ty D][tuya_tls.c:661] socket fd is set. set to inner send/recv to handshake[0m
[0;32;49m[03-10 07:19:01 ty D][tuya_tls.c:323] mbedtls_cert_pkey_free.[0m
[0;32;49m[03-10 07:19:01 ty D][tuya_tls.c:702] handshake finish for a2.tuyacn.com. set send/recv to user set[0m
[0;32;49m[03-10 07:19:01 ty D][tuya_tls.c:708] TUYA_TLS Success Connect a2.tuyacn.com:443 Suit:TLS-ECDHE-RSA-WITH-AES-128-GCM-SHA256[0m
[0;32;49m[03-10 07:19:01 ty D][http_client_wrapper.c:119] tls connencted![0m
[0;32;49m[03-10 07:19:01 ty D][http_client_wrapper.c:147] http request send![0m
[0;32;49m[03-10 07:19:01 ty D][http_client_wrapper.c:40] HTTP header add key=User-Agent[0m
[0;32;49m[03-10 07:19:01 ty D][http_client_wrapper.c:40] HTTP header add key=Content-Type[0m
[0;32;49m[03-10 07:19:01 ty D][http_client_wrapper.c:51] Sending HTTP POST request to a2.tuyacn.com[0m
[0;32;49m[03-10 07:19:01 ty D][tls_transporter.c:122] tls transporter close socket fd:1[0m
[0;32;49m[03-10 07:19:01 ty D][tcp_transporter.c:200] tcp transporter close socket fd:1[0m
[0;32;49m[03-10 07:19:01 ty D][tls_transporter.c:130] tls transporter close tls handler:0x608ca798[0m
[0;32;49m[03-10 07:19:01 ty D][tuya_tls.c:819] TUYA_TLS Disconnect ENTER[0m
[0;32;49m[03-10 07:19:01 ty D][tuya_tls.c:844] TUYA_TLS Disconnect Success[0m
[0;32;49m[03-10 07:19:01 ty D][tuya_tls.c:511] tuya_tls_connect_destroy.[0m
[0;32;49m[03-10 07:19:01 ty D][atop_base.c:267] result:
{"t":1773127141,"success":false,"errorCode":"NOT_EXISTS","errorMsg":"Product Not exist"}[0m
[0;31;49m[03-10 07:19:01 ty E][atop_base.c:319] errorMsg:Product Not exist[0m
[0;32;49m[03-10 07:19:01 ty D][tuya_app_main.c:153] Tuya Event ID:12(TUYA_EVENT_TIMESTAMP_SYNC)[0m
[0;36;49m[03-10 07:19:01 ty I][tuya_app_main.c:154] Device Free heap 145488[0m
[0;36;49m[03-10 07:19:01 ty I][tuya_app_main.c:212] Sync timestamp:1773127141[0m
[0;31;49m[03-10 07:19:01 ty E][tuya_iot.c:274] activate_response_parse error:-2[0m
[0;32;49m[03-10 07:19:02 ty D][tal_kv.c:270] lfs key not found: uuid372137b7e155c1c5.devid[0m
[0;32;49m[03-10 07:19:02 ty D][atop_service.c:210] POST JSON:{"token":"Ln8n94u7","softVer":"1.0.0","productKey":"xxxxxxxxxxxxxxxx","protocolVer":"2.3","baselineVer":"40.07","options": "{\"otaChannel\":0, \"isFK\":false}","devAttribute":2048,"cadVer":"1.0.3","cdVer":"1.0.0","t":1773127142}[0m
[0;32;49m[03-10 07:19:02 ty D][atop_base.c:417] TUYA_HTTPS_ATOP_URL: /d.json?[0m
[0;32;49m[03-10 07:19:02 ty D][atop_base.c:434] request url len:125: /d.json?a=thing.device.opensdk.active&et=3&t=1773127142&uuid=uuid372137b7e155c1c5&v=1.0&sign=6a2674ee92c98d3dd199a3c315d3e7d3[0m
[0;32;49m[03-10 07:19:02 ty D][atop_base.c:448] atop_request_data_encode[0m
[0;32;49m[03-10 07:19:02 ty D][atop_base.c:457] out post data len:517, data:data=38376561303933623166316216CB7011EE88452CBD5A401A0E25B600C641421470DB454902AEDF0D6C33B6C93BAFCD10A3C5FF46AA2CF3945FD5A52858E24208A05767F016230F62E97E7CB0BA6AC402B86EF872396D0F44DA9E3656A6F651B7EDE1E73D408E66A5584677DB221D1ED54679EEE34342AFD5B6623C7E5ABA3BCF5EA5CDAA4F7D270009F346F181E81402AE598304296C0AFC1C1A43A9330117D770625569C946B7CB9FBDE7A247657DEF1F12C3BF0DC974BDBA5F6BE427312F062082350D209856FA947000C86D8D9A51B0271133A442D9E0362640AD46CF641EDF51F8A9399E61D73E0FF1E5695126AD8E0505B1404F60A89835F92FA8F82746[0m
[0;32;49m[03-10 07:19:02 ty D][atop_base.c:469] http request send![0m
tkl_net_socket_create type(0), fd(1)!
[0;32;49m[03-10 07:19:02 ty D][tuya_tls.c:590] TUYA_TLS Begin Connect a2.tuyacn.com:443[0m
[0;32;49m[03-10 07:19:02 ty D][tuya_tls.c:341] mbedtls authmode: MBEDTLS_SSL_VERIFY_REQUIRED[0m
[0;32;49m[03-10 07:19:02 ty D][tuya_tls.c:354] load root ca cert.[0m
[0;32;49m[03-10 07:19:02 ty D][tuya_tls.c:661] socket fd is set. set to inner send/recv to handshake[0m
[0;32;49m[03-10 07:19:02 ty D][tuya_tls.c:323] mbedtls_cert_pkey_free.[0m
[0;32;49m[03-10 07:19:02 ty D][tuya_tls.c:702] handshake finish for a2.tuyacn.com. set send/recv to user set[0m
[0;32;49m[03-10 07:19:02 ty D][tuya_tls.c:708] TUYA_TLS Success Connect a2.tuyacn.com:443 Suit:TLS-ECDHE-RSA-WITH-AES-128-GCM-SHA256[0m
[0;32;49m[03-10 07:19:02 ty D][http_client_wrapper.c:119] tls connencted![0m
[0;32;49m[03-10 07:19:02 ty D][http_client_wrapper.c:147] http request send![0m
[0;32;49m[03-10 07:19:02 ty D][http_client_wrapper.c:40] HTTP header add key=User-Agent[0m
[0;32;49m[03-10 07:19:02 ty D][http_client_wrapper.c:40] HTTP header add key=Content-Type[0m
[0;32;49m[03-10 07:19:02 ty D][http_client_wrapper.c:51] Sending HTTP POST request to a2.tuyacn.com[0m
[0;32;49m[03-10 07:19:02 ty D][tls_transporter.c:122] tls transporter close socket fd:1[0m
[0;32;49m[03-10 07:19:02 ty D][tcp_transporter.c:200] tcp transporter close socket fd:1[0m
[0;32;49m[03-10 07:19:02 ty D][tls_transporter.c:130] tls transporter close tls handler:0x608ca798[0m
[0;32;49m[03-10 07:19:02 ty D][tuya_tls.c:819] TUYA_TLS Disconnect ENTER[0m
[0;32;49m[03-10 07:19:02 ty D][tuya_tls.c:844] TUYA_TLS Disconnect Success[0m
[0;32;49m[03-10 07:19:02 ty D][tuya_tls.c:511] tuya_tls_connect_destroy.[0m
[0;32;49m[03-10 07:19:02 ty D][atop_base.c:267] result:
{"t":1773127143,"success":false,"errorCode":"NOT_EXISTS","errorMsg":"Product Not exist"}[0m
[0;31;49m[03-10 07:19:02 ty E][atop_base.c:319] errorMsg:Product Not exist[0m
[0;32;49m[03-10 07:19:02 ty D][tuya_app_main.c:153] Tuya Event ID:12(TUYA_EVENT_TIMESTAMP_SYNC)[0m
[0;36;49m[03-10 07:19:02 ty I][tuya_app_main.c:154] Device Free heap 145488[0m
[0;36;49m[03-10 07:19:02 ty I][tuya_app_main.c:212] Sync timestamp:1773127143[0m
[0;31;49m[03-10 07:19:03 ty E][tuya_iot.c:274] activate_response_parse error:-2[0m
[0;32;49m[03-10 07:19:04 ty D][tal_kv.c:270] lfs key not found: uuid372137b7e155c1c5.devid[0m
[0;32;49m[03-10 07:19:04 ty D][atop_service.c:210] POST JSON:{"token":"Ln8n94u7","softVer":"1.0.0","productKey":"xxxxxxxxxxxxxxxx","protocolVer":"2.3","baselineVer":"40.07","options": "{\"otaChannel\":0, \"isFK\":false}","devAttribute":2048,"cadVer":"1.0.3","cdVer":"1.0.0","t":1773127144}[0m
[0;32;49m[03-10 07:19:04 ty D][atop_base.c:417] TUYA_HTTPS_ATOP_URL: /d.json?[0m
[0;32;49m[03-10 07:19:04 ty D][atop_base.c:434] request url len:125: /d.json?a=thing.device.opensdk.active&et=3&t=1773127144&uuid=uuid372137b7e155c1c5&v=1.0&sign=3034401c6a491fb5fa652f8888329444[0m
[0;32;49m[03-10 07:19:04 ty D][atop_base.c:448] atop_request_data_encode[0m
[0;32;49m[03-10 07:19:04 ty D][atop_base.c:457] out post data len:517, data:data=313038363666626365356563D721D22D3661B8E116AB3CF31D334AC62EAA83918CEF3C1F29BD9BA67A5A0988D60FA2252BEFE0CECFEAA62A9CE05F3D0A11432DEE3A092968BD0C0B54910A8AFFB4002D101B6605A41DB095F75CFEBDA50436198EAE156C81E6D0E90723FB3A323A5CFCDB866C4010DD087E65044E273B3EC860533D86C565B2BABCBBD54CFCCFA38967A9A056DB08625CC27C078E0B5BCD0597BCBD7E9DB766E3F04C71055EA5C12E6E2EF33D5A1F399FBB10B3A1FCFDE1AF17BB9E220CD9B852DF9E2DDE960E1894A37EB4E961A0A711AD1605FA99476D7D4A543E1C080D7CB24FD4907C05AEEB7F9C4A676B4D6DA7C7AB3F2F1A65C752CFE8[0m
[0;32;49m[03-10 07:19:04 ty D][atop_base.c:469] http request send![0m
tkl_net_socket_create type(0), fd(1)!
[0;32;49m[03-10 07:19:04 ty D][tuya_tls.c:590] TUYA_TLS Begin Connect a2.tuyacn.com:443[0m
[0;32;49m[03-10 07:19:04 ty D][tuya_tls.c:341] mbedtls authmode: MBEDTLS_SSL_VERIFY_REQUIRED[0m
[0;32;49m[03-10 07:19:04 ty D][tuya_tls.c:354] load root ca cert.[0m
[0;32;49m[03-10 07:19:04 ty D][tuya_tls.c:661] socket fd is set. set to inner send/recv to handshake[0m
[0;32;49m[03-10 07:19:04 ty D][tuya_tls.c:323] mbedtls_cert_pkey_free.[0m
[0;32;49m[03-10 07:19:04 ty D][tuya_tls.c:702] handshake finish for a2.tuyacn.com. set send/recv to user set[0m
[0;32;49m[03-10 07:19:04 ty D][tuya_tls.c:708] TUYA_TLS Success Connect a2.tuyacn.com:443 Suit:TLS-ECDHE-RSA-WITH-AES-128-GCM-SHA256[0m
[0;32;49m[03-10 07:19:04 ty D][http_client_wrapper.c:119] tls connencted![0m
[0;32;49m[03-10 07:19:04 ty D][http_client_wrapper.c:147] http request send![0m
[0;32;49m[03-10 07:19:04 ty D][http_client_wrapper.c:40] HTTP header add key=User-Agent[0m
[0;32;49m[03-10 07:19:04 ty D][http_client_wrapper.c:40] HTTP header add key=Content-Type[0m
[0;32;49m[03-10 07:19:04 ty D][http_client_wrapper.c:51] Sending HTTP POST request to a2.tuyacn.com[0m
[0;32;49m[03-10 07:19:04 ty D][tls_transporter.c:122] tls transporter close socket fd:1[0m
[0;32;49m[03-10 07:19:04 ty D][tcp_transporter.c:200] tcp transporter close socket fd:1[0m
[0;32;49m[03-10 07:19:04 ty D][tls_transporter.c:130] tls transporter close tls handler:0x608ca798[0m
[0;32;49m[03-10 07:19:04 ty D][tuya_tls.c:819] TUYA_TLS Disconnect ENTER[0m
[0;32;49m[03-10 07:19:04 ty D][tuya_tls.c:844] TUYA_TLS Disconnect Success[0m
[0;32;49m[03-10 07:19:04 ty D][tuya_tls.c:511] tuya_tls_connect_destroy.[0m
[0;32;49m[03-10 07:19:04 ty D][atop_base.c:267] result:
{"t":1773127144,"success":false,"errorCode":"NOT_EXISTS","errorMsg":"Product Not exist"}[0m
[0;31;49m[03-10 07:19:04 ty E][atop_base.c:319] errorMsg:Product Not exist[0m
[0;32;49m[03-10 07:19:04 ty D][tuya_app_main.c:153] Tuya Event ID:12(TUYA_EVENT_TIMESTAMP_SYNC)[0m
[0;36;49m[03-10 07:19:04 ty I][tuya_app_main.c:154] Device Free heap 145488[0m
[0;36;49m[03-10 07:19:04 ty I][tuya_app_main.c:212] Sync timestamp:1773127144[0m
[0;31;49m[03-10 07:19:04 ty E][tuya_iot.c:274] activate_response_parse error:-2[0m
[0;36;49m[03-10 07:19:04 ty I][ducky_claw_chat.c:52] Free heap size:146736, Free psram heap size:7408712[0m
[0;32;49m[03-10 07:19:05 ty D][tal_kv.c:270] lfs key not found: uuid372137b7e155c1c5.devid[0m
[0;32;49m[03-10 07:19:05 ty D][atop_service.c:210] POST JSON:{"token":"Ln8n94u7","softVer":"1.0.0","productKey":"xxxxxxxxxxxxxxxx","protocolVer":"2.3","baselineVer":"40.07","options": "{\"otaChannel\":0, \"isFK\":false}","devAttribute":2048,"cadVer":"1.0.3","cdVer":"1.0.0","t":1773127145}[0m
[0;32;49m[03-10 07:19:05 ty D][atop_base.c:417] TUYA_HTTPS_ATOP_URL: /d.json?[0m
[0;32;49m[03-10 07:19:05 ty D][atop_base.c:434] request url len:125: /d.json?a=thing.device.opensdk.active&et=3&t=1773127145&uuid=uuid372137b7e155c1c5&v=1.0&sign=e525176e25bd85f0db77351f0a51b82f[0m
[0;32;49m[03-10 07:19:05 ty D][atop_base.c:448] atop_request_data_encode[0m
[0;32;49m[03-10 07:19:05 ty D][atop_base.c:457] out post data len:517, data:data=38616235383862376363663733152C62A3330C4E1642E2195C04505F7EFA1A11B11E512E02479D9F44E51378497AB20AFB1377606E6E9249A5D561AAA7D36C653F7EF40E72478E6419E068A4ACC107104B46C205C62D275D9B7C23071B5CD8AB12541D1F8C709E4C36439B36EA75FC721A98A1C54DFDDB187C9289CCC5FBFE015FE44EFEC963FB129D7E00B7F599DBD3C1A4C35DFA04ACA20C1F150B1EA11FC2D7A49B81E8104509840BF0CD9F186B3E8EB326B8556F641AB6294B0A0DA2146BA4A5DBDB8A6E41804EFE95EDE2314EB20B0E04C3A04252DE63A123F93874917F0A5A943E258E2B99A762DD15FC801B155A94B6061F33AE643DA6358259231B79[0m
[0;32;49m[03-10 07:19:05 ty D][atop_base.c:469] http request send![0m
tkl_net_socket_create type(0), fd(1)!
[0;32;49m[03-10 07:19:05 ty D][tuya_tls.c:590] TUYA_TLS Begin Connect a2.tuyacn.com:443[0m
[0;32;49m[03-10 07:19:05 ty D][tuya_tls.c:341] mbedtls authmode: MBEDTLS_SSL_VERIFY_REQUIRED[0m
[0;32;49m[03-10 07:19:05 ty D][tuya_tls.c:354] load root ca cert.[0m
[0;32;49m[03-10 07:19:05 ty D][tuya_tls.c:661] socket fd is set. set to inner send/recv to handshake[0m
[0;32;49m[03-10 07:19:05 ty D][tuya_tls.c:323] mbedtls_cert_pkey_free.[0m
[0;32;49m[03-10 07:19:05 ty D][tuya_tls.c:702] handshake finish for a2.tuyacn.com. set send/recv to user set[0m
[0;32;49m[03-10 07:19:05 ty D][tuya_tls.c:708] TUYA_TLS Success Connect a2.tuyacn.com:443 Suit:TLS-ECDHE-RSA-WITH-AES-128-GCM-SHA256[0m
[0;32;49m[03-10 07:19:05 ty D][http_client_wrapper.c:119] tls connencted![0m
[0;32;49m[03-10 07:19:05 ty D][http_client_wrapper.c:147] http request send![0m
[0;32;49m[03-10 07:19:05 ty D][http_client_wrapper.c:40] HTTP header add key=User-Agent[0m
[0;32;49m[03-10 07:19:05 ty D][http_client_wrapper.c:40] HTTP header add key=Content-Type[0m
[0;32;49m[03-10 07:19:05 ty D][http_client_wrapper.c:51] Sending HTTP POST request to a2.tuyacn.com[0m
[0;32;49m[03-10 07:19:05 ty D][tls_transporter.c:122] tls transporter close socket fd:1[0m
[0;32;49m[03-10 07:19:05 ty D][tcp_transporter.c:200] tcp transporter close socket fd:1[0m
[0;32;49m[03-10 07:19:05 ty D][tls_transporter.c:130] tls transporter close tls handler:0x608ca798[0m
[0;32;49m[03-10 07:19:05 ty D][tuya_tls.c:819] TUYA_TLS Disconnect ENTER[0m
[0;32;49m[03-10 07:19:05 ty D][tuya_tls.c:844] TUYA_TLS Disconnect Success[0m
[0;32;49m[03-10 07:19:05 ty D][tuya_tls.c:511] tuya_tls_connect_destroy.[0m
[0;32;49m[03-10 07:19:05 ty D][atop_base.c:267] result:
{"t":1773127146,"success":false,"errorCode":"NOT_EXISTS","errorMsg":"Product Not exist"}[0m
[0;31;49m[03-10 07:19:05 ty E][atop_base.c:319] errorMsg:Product Not exist[0m
[0;32;49m[03-10 07:19:05 ty D][tuya_app_main.c:153] Tuya Event ID:12(TUYA_EVENT_TIMESTAMP_SYNC)[0m
[0;36;49m[03-10 07:19:05 ty I][tuya_app_main.c:154] Device Free heap 145488[0m
[0;36;49m[03-10 07:19:05 ty I][tuya_app_main.c:212] Sync timestamp:1773127146[0m
[0;31;49m[03-10 07:19:06 ty E][tuya_iot.c:274] activate_response_parse error:-2[0m
[0;32;49m[03-10 07:19:07 ty D][tal_kv.c:270] lfs key not found: uuid372137b7e155c1c5.devid[0m
[0;32;49m[03-10 07:19:07 ty D][atop_service.c:210] POST JSON:{"token":"Ln8n94u7","softVer":"1.0.0","productKey":"xxxxxxxxxxxxxxxx","protocolVer":"2.3","baselineVer":"40.07","options": "{\"otaChannel\":0, \"isFK\":false}","devAttribute":2048,"cadVer":"1.0.3","cdVer":"1.0.0","t":1773127147}[0m
[0;32;49m[03-10 07:19:07 ty D][atop_base.c:417] TUYA_HTTPS_ATOP_URL: /d.json?[0m
[0;32;49m[03-10 07:19:07 ty D][atop_base.c:434] request url len:125: /d.json?a=thing.device.opensdk.active&et=3&t=1773127147&uuid=uuid372137b7e155c1c5&v=1.0&sign=3745a1db1dceb24e31f881e51cadbe81[0m
[0;32;49m[03-10 07:19:07 ty D][atop_base.c:448] atop_request_data_encode[0m
[0;32;49m[03-10 07:19:07 ty D][atop_base.c:457] out post data len:517, data:data=35316661383631663733393057E707183E53DF33502428D9D9D4EFC5395E36931F1BCED974A8BD6D196F63552A674A97CB6D7889DBF2591475BB5FB96398CAED2067A282B988FB2D64C5DABF42D8AD8D690FEA89659493B5B8C83510221FF41283CABBA1760A66CE2EF5298298C2B0285DCBDBCE1C3CCBBD5011A591A5DA07F522F5C85D0C4AE50F57A5F568A58786B1101B1FE3BE7374C854A45138664F6697B22BCD07FC50BC36D7DFCBC47882F3F59D54522C4530DE36BA309E8D5D40482A1B2392463B546DB4DEE9EA19B3004EFE132A845C7236AF1EECD2E5B567F2C27DC8EEF07EBC75324E821A8D13451499465CA14250FBC72EF24AC5181E02E6A223[0m
[0;32;49m[03-10 07:19:07 ty D][atop_base.c:469] http request send![0m
tkl_net_socket_create type(0), fd(1)!
[0;32;49m[03-10 07:19:07 ty D][tuya_tls.c:590] TUYA_TLS Begin Connect a2.tuyacn.com:443[0m
[0;32;49m[03-10 07:19:07 ty D][tuya_tls.c:341] mbedtls authmode: MBEDTLS_SSL_VERIFY_REQUIRED[0m
[0;32;49m[03-10 07:19:07 ty D][tuya_tls.c:354] load root ca cert.[0m
[0;32;49m[03-10 07:19:07 ty D][tuya_tls.c:661] socket fd is set. set to inner send/recv to handshake[0m
[0;32;49m[03-10 07:19:07 ty D][tuya_tls.c:323] mbedtls_cert_pkey_free.[0m
[0;32;49m[03-10 07:19:07 ty D][tuya_tls.c:702] handshake finish for a2.tuyacn.com. set send/recv to user set[0m
[0;32;49m[03-10 07:19:07 ty D][tuya_tls.c:708] TUYA_TLS Success Connect a2.tuyacn.com:443 Suit:TLS-ECDHE-RSA-WITH-AES-128-GCM-SHA256[0m
[0;32;49m[03-10 07:19:07 ty D][http_client_wrapper.c:119] tls connencted![0m
[0;32;49m[03-10 07:19:07 ty D][http_client_wrapper.c:147] http request send![0m
[0;32;49m[03-10 07:19:07 ty D][http_client_wrapper.c:40] HTTP header add key=User-Agent[0m
[0;32;49m[03-10 07:19:07 ty D][http_client_wrapper.c:40] HTTP header add key=Content-Type[0m
[0;32;49m[03-10 07:19:07 ty D][http_client_wrapper.c:51] Sending HTTP POST request to a2.tuyacn.com[0m
[0;32;49m[03-10 07:19:07 ty D][tls_transporter.c:122] tls transporter close socket fd:1[0m
[0;32;49m[03-10 07:19:07 ty D][tcp_transporter.c:200] tcp transporter close socket fd:1[0m
[0;32;49m[03-10 07:19:07 ty D][tls_transporter.c:130] tls transporter close tls handler:0x608ca798[0m
[0;32;49m[03-10 07:19:07 ty D][tuya_tls.c:819] TUYA_TLS Disconnect ENTER[0m
[0;32;49m[03-10 07:19:07 ty D][tuya_tls.c:844] TUYA_TLS Disconnect Success[0m
[0;32;49m[03-10 07:19:07 ty D][tuya_tls.c:511] tuya_tls_connect_destroy.[0m
[0;32;49m[03-10 07:19:07 ty D][atop_base.c:267] result:
{"t":1773127147,"success":false,"errorCode":"NOT_EXISTS","errorMsg":"Product Not exist"}[0m
[0;31;49m[03-10 07:19:07 ty E][atop_base.c:319] errorMsg:Product Not exist[0m
[0;32;49m[03-10 07:19:07 ty D][tuya_app_main.c:153] Tuya Event ID:12(TUYA_EVENT_TIMESTAMP_SYNC)[0m
[0;36;49m[03-10 07:19:07 ty I][tuya_app_main.c:154] Device Free heap 145488[0m
[0;36;49m[03-10 07:19:07 ty I][tuya_app_main.c:212] Sync timestamp:1773127147[0m
[0;31;49m[03-10 07:19:07 ty E][tuya_iot.c:274] activate_response_parse error:-2[0m
[0;32;49m[03-10 07:19:08 ty D][tal_kv.c:270] lfs key not found: uuid372137b7e155c1c5.devid[0m
[0;32;49m[03-10 07:19:08 ty D][atop_service.c:210] POST JSON:{"token":"Ln8n94u7","softVer":"1.0.0","productKey":"xxxxxxxxxxxxxxxx","protocolVer":"2.3","baselineVer":"40.07","options": "{\"otaChannel\":0, \"isFK\":false}","devAttribute":2048,"cadVer":"1.0.3","cdVer":"1.0.0","t":1773127148}[0m
[0;32;49m[03-10 07:19:08 ty D][atop_base.c:417] TUYA_HTTPS_ATOP_URL: /d.json?[0m
[0;32;49m[03-10 07:19:08 ty D][atop_base.c:434] request url len:125: /d.json?a=thing.device.opensdk.active&et=3&t=1773127148&uuid=uuid372137b7e155c1c5&v=1.0&sign=f1b6db08b6c3198c831c2f8cff118e8a[0m
[0;32;49m[03-10 07:19:08 ty D][atop_base.c:448] atop_request_data_encode[0m
[0;32;49m[03-10 07:19:08 ty D][atop_base.c:457] out post data len:517, data:data=6666363835303962373336329AD2A71EDEF1A18279193E270AEF3BED9DA9BCF7424D276C946B661AE870CFD6C99D13F373E318CF5856282188D23ACC55C5A51E98517FDE9912E213D8D559F8507E2E80A633316956810F9CBB8AF3BDCA8F71DA6114884665DB21778BC5B68A38EDDD4CEAF5F5D7C99CD9B5B64A23345417814BD5E625636228168CE6D9CC4F88D6A0525BD70EE04477A476E522D36A0F36C87DB4C1A1F8D949B604A7017F6FA7EC7214C92AD17A8E60C70E4808C099B0CC595D83A8A037990184A8371FA042FEE90E02B01775B7F5AA6B9884CDB981F4112711E64ACC2FA201E57A75CCF8BFBD829BA0DDA1A5BF3CE99FC6ACAADFD9842336A7[0m
[0;32;49m[03-10 07:19:08 ty D][atop_base.c:469] http request send![0m
tkl_net_socket_create type(0), fd(1)!
[0;32;49m[03-10 07:19:08 ty D][tuya_tls.c:590] TUYA_TLS Begin Connect a2.tuyacn.com:443[0m
[0;32;49m[03-10 07:19:08 ty D][tuya_tls.c:341] mbedtls authmode: MBEDTLS_SSL_VERIFY_REQUIRED[0m
[0;32;49m[03-10 07:19:08 ty D][tuya_tls.c:354] load root ca cert.[0m
[0;32;49m[03-10 07:19:08 ty D][tuya_tls.c:661] socket fd is set. set to inner send/recv to handshake[0m
[0;32;49m[03-10 07:19:08 ty D][tuya_tls.c:323] mbedtls_cert_pkey_free.[0m
[0;32;49m[03-10 07:19:08 ty D][tuya_tls.c:702] handshake finish for a2.tuyacn.com. set send/recv to user set[0m
[0;32;49m[03-10 07:19:08 ty D][tuya_tls.c:708] TUYA_TLS Success Connect a2.tuyacn.com:443 Suit:TLS-ECDHE-RSA-WITH-AES-128-GCM-SHA256[0m
[0;32;49m[03-10 07:19:08 ty D][http_client_wrapper.c:119] tls connencted![0m
[0;32;49m[03-10 07:19:08 ty D][http_client_wrapper.c:147] http request send![0m
[0;32;49m[03-10 07:19:08 ty D][http_client_wrapper.c:40] HTTP header add key=User-Agent[0m
[0;32;49m[03-10 07:19:08 ty D][http_client_wrapper.c:40] HTTP header add key=Content-Type[0m
[0;32;49m[03-10 07:19:08 ty D][http_client_wrapper.c:51] Sending HTTP POST request to a2.tuyacn.com[0m
[0;32;49m[03-10 07:19:08 ty D][tls_transporter.c:122] tls transporter close socket fd:1[0m
[0;32;49m[03-10 07:19:08 ty D][tcp_transporter.c:200] tcp transporter close socket fd:1[0m
[0;32;49m[03-10 07:19:08 ty D][tls_transporter.c:130] tls transporter close tls handler:0x608ca798[0m
[0;32;49m[03-10 07:19:08 ty D][tuya_tls.c:819] TUYA_TLS Disconnect ENTER[0m
[0;32;49m[03-10 07:19:08 ty D][tuya_tls.c:844] TUYA_TLS Disconnect Success[0m
[0;32;49m[03-10 07:19:08 ty D][tuya_tls.c:511] tuya_tls_connect_destroy.[0m
[0;32;49m[03-10 07:19:08 ty D][atop_base.c:267] result:
{"t":1773127149,"success":false,"errorCode":"NOT_EXISTS","errorMsg":"Product Not exist"}[0m
[0;31;49m[03-10 07:19:08 ty E][atop_base.c:319] errorMsg:Product Not exist[0m
[0;32;49m[03-10 07:19:08 ty D][tuya_app_main.c:153] Tuya Event ID:12(TUYA_EVENT_TIMESTAMP_SYNC)[0m
[0;36;49m[03-10 07:19:08 ty I][tuya_app_main.c:154] Device Free heap 145488[0m
[0;36;49m[03-10 07:19:08 ty I][tuya_app_main.c:212] Sync timestamp:1773127149[0m
[0;31;49m[03-10 07:19:09 ty E][tuya_iot.c:274] activate_response_parse error:-2[0m
[0;32;49m[03-10 07:19:09 ty D][tuya_health.c:75] feed watchdog[0m
[0;32;49m[03-10 07:19:10 ty D][tal_kv.c:270] lfs key not found: uuid372137b7e155c1c5.devid[0m
[0;32;49m[03-10 07:19:10 ty D][atop_service.c:210] POST JSON:{"token":"Ln8n94u7","softVer":"1.0.0","productKey":"xxxxxxxxxxxxxxxx","protocolVer":"2.3","baselineVer":"40.07","options": "{\"otaChannel\":0, \"isFK\":false}","devAttribute":2048,"cadVer":"1.0.3","cdVer":"1.0.0","t":1773127150}[0m
[0;32;49m[03-10 07:19:10 ty D][atop_base.c:417] TUYA_HTTPS_ATOP_URL: /d.json?[0m
[0;32;49m[03-10 07:19:10 ty D][atop_base.c:434] request url len:125: /d.json?a=thing.device.opensdk.active&et=3&t=1773127150&uuid=uuid372137b7e155c1c5&v=1.0&sign=78137097a75658ed1ee69bb2e14600c0[0m
[0;32;49m[03-10 07:19:10 ty D][atop_base.c:448] atop_request_data_encode[0m
[0;32;49m[03-10 07:19:10 ty D][atop_base.c:457] out post data len:517, data:data=3666306137646334646632309B4DF311BE33000648E8ED6D6648CAFF5F13EA125395113E05694494861E84C2D7D99F7F9F52B5C2FAB6649AA7C0A2E41DABDB2FDDE7F7A66E6FCC64CB38FDAC9D177993DB994B05A27EBFD1540F815839D42408A92618BE0B7E1D84717CF12709F690DECD3C8BA979AAECF247487B1E67A36EECBADD35ADDB0A2F60A0BAC86592A4F5BA3E6F44B85B5961CB8C6508FAB3D43086D0648F0293B2A3A1DEEDF05A1910DC0587C6E6C710951EBCF8342DEEB1C3BC80BB2FA57385BE9A4323F54690D7DE51A343E998197CFDBF959F1A59097C3CCAD18CDDA75125830B1EFF4B71FB77798CFA390A8C22AF87E1BA1D7B0E220797BFF6[0m
[0;32;49m[03-10 07:19:10 ty D][atop_base.c:469] http request send![0m
tkl_net_socket_create type(0), fd(1)!
[0;32;49m[03-10 07:19:10 ty D][tuya_tls.c:590] TUYA_TLS Begin Connect a2.tuyacn.com:443[0m
[0;32;49m[03-10 07:19:10 ty D][tuya_tls.c:341] mbedtls authmode: MBEDTLS_SSL_VERIFY_REQUIRED[0m
[0;32;49m[03-10 07:19:10 ty D][tuya_tls.c:354] load root ca cert.[0m
[0;32;49m[03-10 07:19:10 ty D][tuya_tls.c:661] socket fd is set. set to inner send/recv to handshake[0m
[0;32;49m[03-10 07:19:10 ty D][tuya_tls.c:323] mbedtls_cert_pkey_free.[0m
[0;32;49m[03-10 07:19:10 ty D][tuya_tls.c:702] handshake finish for a2.tuyacn.com. set send/recv to user set[0m
[0;32;49m[03-10 07:19:10 ty D][tuya_tls.c:708] TUYA_TLS Success Connect a2.tuyacn.com:443 Suit:TLS-ECDHE-RSA-WITH-AES-128-GCM-SHA256[0m
[0;32;49m[03-10 07:19:10 ty D][http_client_wrapper.c:119] tls connencted![0m
[0;32;49m[03-10 07:19:10 ty D][http_client_wrapper.c:147] http request send![0m
[0;32;49m[03-10 07:19:10 ty D][http_client_wrapper.c:40] HTTP header add key=User-Agent[0m
[0;32;49m[03-10 07:19:10 ty D][http_client_wrapper.c:40] HTTP header add key=Content-Type[0m
[0;32;49m[03-10 07:19:10 ty D][http_client_wrapper.c:51] Sending HTTP POST request to a2.tuyacn.com[0m
[0;32;49m[03-10 07:19:10 ty D][tls_transporter.c:122] tls transporter close socket fd:1[0m
[0;32;49m[03-10 07:19:10 ty D][tcp_transporter.c:200] tcp transporter close socket fd:1[0m
[0;32;49m[03-10 07:19:10 ty D][tls_transporter.c:130] tls transporter close tls handler:0x608ca798[0m
[0;32;49m[03-10 07:19:10 ty D][tuya_tls.c:819] TUYA_TLS Disconnect ENTER[0m
[0;32;49m[03-10 07:19:10 ty D][tuya_tls.c:844] TUYA_TLS Disconnect Success[0m
[0;32;49m[03-10 07:19:10 ty D][tuya_tls.c:511] tuya_tls_connect_destroy.[0m
[0;32;49m[03-10 07:19:10 ty D][atop_base.c:267] result:
{"t":1773127151,"success":false,"errorCode":"NOT_EXISTS","errorMsg":"Product Not exist"}[0m
[0;31;49m[03-10 07:19:10 ty E][atop_base.c:319] errorMsg:Product Not exist[0m
[0;32;49m[03-10 07:19:10 ty D][tuya_app_main.c:153] Tuya Event ID:12(TUYA_EVENT_TIMESTAMP_SYNC)[0m
[0;36;49m[03-10 07:19:10 ty I][tuya_app_main.c:154] Device Free heap 145488[0m
[0;36;49m[03-10 07:19:10 ty I][tuya_app_main.c:212] Sync timestamp:1773127151[0m
[0;31;49m[03-10 07:19:11 ty E][tuya_iot.c:274] activate_response_parse error:-2[0m
[0;32;49m[03-10 07:19:12 ty D][tal_kv.c:270] lfs key not found: uuid372137b7e155c1c5.devid[0m
[0;32;49m[03-10 07:19:12 ty D][atop_service.c:210] POST JSON:{"token":"Ln8n94u7","softVer":"1.0.0","productKey":"xxxxxxxxxxxxxxxx","protocolVer":"2.3","baselineVer":"40.07","options": "{\"otaChannel\":0, \"isFK\":false}","devAttribute":2048,"cadVer":"1.0.3","cdVer":"1.0.0","t":1773127152}[0m
[0;32;49m[03-10 07:19:12 ty D][atop_base.c:417] TUYA_HTTPS_ATOP_URL: /d.json?[0m
[0;32;49m[03-10 07:19:12 ty D][atop_base.c:434] request url len:125: /d.json?a=thing.device.opensdk.active&et=3&t=1773127152&uuid=uuid372137b7e155c1c5&v=1.0&sign=33271a7cc31ec41fdbf3c5a6ece90700[0m
[0;32;49m[03-10 07:19:12 ty D][atop_base.c:448] atop_request_data_encode[0m
[0;32;49m[03-10 07:19:12 ty D][atop_base.c:457] out post data len:517, data:data=333362383134666538626634282F4ED7111713C679A6D1D6FA1E6C8E6A6CEAE7C47B755FBD17C89336ACF1F33E0A81A0B99BDFC07F85A58D241BB8C7BF224A7BD2E581752675CA7D6F2BC6DE869B84D4B1BEAC19F68728FF3403D1A6ECEA5EE25961BC2C3F63340533D85A2ED7E0057E377DBA910DE7BB9E9F3BB91AD703451AAEE95358FF6C66C45D12995E255D22CD65AD08A93C701E5AE54272A7E8ABB0A5362AB7D023A9C241D5DFFF2433C27D184B90CEFDD69D787743358EC4895729769ED16BB86E86AFF8C644826FE43FA24D5FE586408E73480584821093A581BEB79D7A15A40FB43FF45621CB3E311FAB1C48B90830217CE277DBFBDE3628E5C30F[0m
[0;32;49m[03-10 07:19:12 ty D][atop_base.c:469] http request send![0m
tkl_net_socket_create type(0), fd(1)!
[0;32;49m[03-10 07:19:12 ty D][tuya_tls.c:590] TUYA_TLS Begin Connect a2.tuyacn.com:443[0m
[0;32;49m[03-10 07:19:12 ty D][tuya_tls.c:341] mbedtls authmode: MBEDTLS_SSL_VERIFY_REQUIRED[0m
[0;32;49m[03-10 07:19:12 ty D][tuya_tls.c:354] load root ca cert.[0m
[0;32;49m[03-10 07:19:12 ty D][tuya_tls.c:661] socket fd is set. set to inner send/recv to handshake[0m
[0;32;49m[03-10 07:19:12 ty D][tuya_tls.c:323] mbedtls_cert_pkey_free.[0m
[0;32;49m[03-10 07:19:12 ty D][tuya_tls.c:702] handshake finish for a2.tuyacn.com. set send/recv to user set[0m
[0;32;49m[03-10 07:19:12 ty D][tuya_tls.c:708] TUYA_TLS Success Connect a2.tuyacn.com:443 Suit:TLS-ECDHE-RSA-WITH-AES-128-GCM-SHA256[0m
[0;32;49m[03-10 07:19:12 ty D][http_client_wrapper.c:119] tls connencted![0m
[0;32;49m[03-10 07:19:12 ty D][http_client_wrapper.c:147] http request send![0m
[0;32;49m[03-10 07:19:12 ty D][http_client_wrapper.c:40] HTTP header add key=User-Agent[0m
[0;32;49m[03-10 07:19:12 ty D][http_client_wrapper.c:40] HTTP header add key=Content-Type[0m
[0;32;49m[03-10 07:19:12 ty D][http_client_wrapper.c:51] Sending HTTP POST request to a2.tuyacn.com[0m
[0;32;49m[03-10 07:19:12 ty D][tls_transporter.c:122] tls transporter close socket fd:1[0m
[0;32;49m[03-10 07:19:12 ty D][tcp_transporter.c:200] tcp transporter close socket fd:1[0m
[0;32;49m[03-10 07:19:12 ty D][tls_transporter.c:130] tls transporter close tls handler:0x608ca798[0m
[0;32;49m[03-10 07:19:12 ty D][tuya_tls.c:819] TUYA_TLS Disconnect ENTER[0m
[0;32;49m[03-10 07:19:12 ty D][tuya_tls.c:844] TUYA_TLS Disconnect Success[0m
[0;32;49m[03-10 07:19:12 ty D][tuya_tls.c:511] tuya_tls_connect_destroy.[0m
[0;32;49m[03-10 07:19:12 ty D][atop_base.c:267] result:
{"t":1773127152,"success":false,"errorCode":"NOT_EXISTS","errorMsg":"Product Not exist"}[0m
[0;31;49m[03-10 07:19:12 ty E][atop_base.c:319] errorMsg:Product Not exist[0m
[0;32;49m[03-10 07:19:12 ty D][tuya_app_main.c:153] Tuya Event ID:12(TUYA_EVENT_TIMESTAMP_SYNC)[0m
[0;36;49m[03-10 07:19:12 ty I][tuya_app_main.c:154] Device Free heap 145488[0m
[0;36;49m[03-10 07:19:12 ty I][tuya_app_main.c:212] Sync timestamp:1773127152[0m
[0;31;49m[03-10 07:19:12 ty E][tuya_iot.c:274] activate_response_parse error:-2[0m
[0;32;49m[03-10 07:19:13 ty D][tal_kv.c:270] lfs key not found: uuid372137b7e155c1c5.devid[0m
[0;32;49m[03-10 07:19:13 ty D][atop_service.c:210] POST JSON:{"token":"Ln8n94u7","softVer":"1.0.0","productKey":"xxxxxxxxxxxxxxxx","protocolVer":"2.3","baselineVer":"40.07","options": "{\"otaChannel\":0, \"isFK\":false}","devAttribute":2048,"cadVer":"1.0.3","cdVer":"1.0.0","t":1773127153}[0m
[0;32;49m[03-10 07:19:13 ty D][atop_base.c:417] TUYA_HTTPS_ATOP_URL: /d.json?[0m
[0;32;49m[03-10 07:19:13 ty D][atop_base.c:434] request url len:125: /d.json?a=thing.device.opensdk.active&et=3&t=1773127153&uuid=uuid372137b7e155c1c5&v=1.0&sign=f7181463beb8ba182473217df0ceeb5c[0m
[0;32;49m[03-10 07:19:13 ty D][atop_base.c:448] atop_request_data_encode[0m
[0;32;49m[03-10 07:19:13 ty D][atop_base.c:457] out post data len:517, data:data=33663330396132636231323228F242744FB485ED53F2B47D22BF6B609364814907DEEB3E9847E0F49A2E3B925E897082788FB67604F1259791B89A0C03AAAA3B2C8CB386F090919939E14647F5F3DFDE619F344163D75933C753B965CF904322FD119898A5C7AE0AB65089453489B1C958C79A0A7F1E36CBA20B014BD522CB95C7A9240752287404E189D16344EF38B49DB57AFA476525970F2ACE5EECBBF57CFA42368400DED498E875CD1BCC2065B5990F19DD8C28FD69F8DA9A98F200BC9F18D9DD56F1C1B79B0A794F75D73DF47F4E701F83D3A5FDCA147A955FB3F032FAD21F7D40D0356CB7C2813B3508F2C814178704E6729C5D8BB7E407BDE66138A9[0m
[0;32;49m[03-10 07:19:13 ty D][atop_base.c:469] http request send![0m
tkl_net_socket_create type(0), fd(1)!
[0;32;49m[03-10 07:19:13 ty D][tuya_tls.c:590] TUYA_TLS Begin Connect a2.tuyacn.com:443[0m
[0;32;49m[03-10 07:19:13 ty D][tuya_tls.c:341] mbedtls authmode: MBEDTLS_SSL_VERIFY_REQUIRED[0m
[0;32;49m[03-10 07:19:13 ty D][tuya_tls.c:354] load root ca cert.[0m
[0;32;49m[03-10 07:19:13 ty D][tuya_tls.c:661] socket fd is set. set to inner send/recv to handshake[0m
[0;32;49m[03-10 07:19:13 ty D][tuya_tls.c:323] mbedtls_cert_pkey_free.[0m
[0;32;49m[03-10 07:19:13 ty D][tuya_tls.c:702] handshake finish for a2.tuyacn.com. set send/recv to user set[0m
[0;32;49m[03-10 07:19:13 ty D][tuya_tls.c:708] TUYA_TLS Success Connect a2.tuyacn.com:443 Suit:TLS-ECDHE-RSA-WITH-AES-128-GCM-SHA256[0m
[0;32;49m[03-10 07:19:13 ty D][http_client_wrapper.c:119] tls connencted![0m
[0;32;49m[03-10 07:19:13 ty D][http_client_wrapper.c:147] http request send![0m
[0;32;49m[03-10 07:19:13 ty D][http_client_wrapper.c:40] HTTP header add key=User-Agent[0m
[0;32;49m[03-10 07:19:13 ty D][http_client_wrapper.c:40] HTTP header add key=Content-Type[0m
[0;32;49m[03-10 07:19:13 ty D][http_client_wrapper.c:51] Sending HTTP POST request to a2.tuyacn.com[0m
[0;32;49m[03-10 07:19:13 ty D][tls_transporter.c:122] tls transporter close socket fd:1[0m
[0;32;49m[03-10 07:19:13 ty D][tcp_transporter.c:200] tcp transporter close socket fd:1[0m
[0;32;49m[03-10 07:19:13 ty D][tls_transporter.c:130] tls transporter close tls handler:0x608ca798[0m
[0;32;49m[03-10 07:19:13 ty D][tuya_tls.c:819] TUYA_TLS Disconnect ENTER[0m
[0;32;49m[03-10 07:19:13 ty D][tuya_tls.c:844] TUYA_TLS Disconnect Success[0m
[0;32;49m[03-10 07:19:13 ty D][tuya_tls.c:511] tuya_tls_connect_destroy.[0m
[0;32;49m[03-10 07:19:13 ty D][atop_base.c:267] result:
{"t":1773127154,"success":false,"errorCode":"NOT_EXISTS","errorMsg":"Product Not exist"}[0m
[0;31;49m[03-10 07:19:13 ty E][atop_base.c:319] errorMsg:Product Not exist[0m
[0;32;49m[03-10 07:19:13 ty D][tuya_app_main.c:153] Tuya Event ID:12(TUYA_EVENT_TIMESTAMP_SYNC)[0m
[0;36;49m[03-10 07:19:13 ty I][tuya_app_main.c:154] Device Free heap 145488[0m
[0;36;49m[03-10 07:19:13 ty I][tuya_app_main.c:212] Sync timestamp:1773127154[0m
[0;31;49m[03-10 07:19:14 ty E][tuya_iot.c:274] activate_response_parse error:-2[0m
[0;32;49m[03-10 07:19:15 ty D][tal_kv.c:270] lfs key not found: uuid372137b7e155c1c5.devid[0m
[0;32;49m[03-10 07:19:15 ty D][atop_service.c:210] POST JSON:{"token":"Ln8n94u7","softVer":"1.0.0","productKey":"xxxxxxxxxxxxxxxx","protocolVer":"2.3","baselineVer":"40.07","options": "{\"otaChannel\":0, \"isFK\":false}","devAttribute":2048,"cadVer":"1.0.3","cdVer":"1.0.0","t":1773127155}[0m
[0;32;49m[03-10 07:19:15 ty D][atop_base.c:417] TUYA_HTTPS_ATOP_URL: /d.json?[0m
[0;32;49m[03-10 07:19:15 ty D][atop_base.c:434] request url len:125: /d.json?a=thing.device.opensdk.active&et=3&t=1773127155&uuid=uuid372137b7e155c1c5&v=1.0&sign=861695ab7f85dcc05104dcd649e01044[0m
[0;32;49m[03-10 07:19:15 ty D][atop_base.c:448] atop_request_data_encode[0m
[0;32;49m[03-10 07:19:15 ty D][atop_base.c:457] out post data len:517, data:data=3135386262663438343633307EFFECE6B1CE596B33F85770FF2BB1F4366182CA50F26045866842ECD39A1393E26375F9E34D797F46A8F5170B421E31B2A5611EE7DCD3DF9BBCF616C4A77465B34314AF692BDB7FF2812610E98AF904C556C8351047A735C7D6B8B28ABB1E0447AF0B4414C712F8AA8C006D5EC45EB46F87E507BBD2AC208D34744066C3895CC69295AC22346AA067EC00B7F7F0ED0E5ED14339FD43325D07B25C18DB22A86015B536038E46F6E6A1B70253BE153BDC12149897FF15A6CAB07A9EFBA66DA18496D23BD3B96D21CC3B0E8F43817FB490BAB227713C56AE022682149C7FDD8438796F35EF2EF1FD9734AD1AA6F381BD881FAEBE9B[0m
[0;32;49m[03-10 07:19:15 ty D][atop_base.c:469] http request send![0m
tkl_net_socket_create type(0), fd(1)!
[0;32;49m[03-10 07:19:15 ty D][tuya_tls.c:590] TUYA_TLS Begin Connect a2.tuyacn.com:443[0m
[0;32;49m[03-10 07:19:15 ty D][tuya_tls.c:341] mbedtls authmode: MBEDTLS_SSL_VERIFY_REQUIRED[0m
[0;32;49m[03-10 07:19:15 ty D][tuya_tls.c:354] load root ca cert.[0m
[0;32;49m[03-10 07:19:15 ty D][tuya_tls.c:661] socket fd is set. set to inner send/recv to handshake[0m
[0;32;49m[03-10 07:19:15 ty D][tuya_tls.c:323] mbedtls_cert_pkey_free.[0m
[0;32;49m[03-10 07:19:15 ty D][tuya_tls.c:702] handshake finish for a2.tuyacn.com. set send/recv to user set[0m
[0;32;49m[03-10 07:19:15 ty D][tuya_tls.c:708] TUYA_TLS Success Connect a2.tuyacn.com:443 Suit:TLS-ECDHE-RSA-WITH-AES-128-GCM-SHA256[0m
[0;32;49m[03-10 07:19:15 ty D][http_client_wrapper.c:119] tls connencted![0m
[0;32;49m[03-10 07:19:15 ty D][http_client_wrapper.c:147] http request send![0m
[0;32;49m[03-10 07:19:15 ty D][http_client_wrapper.c:40] HTTP header add key=User-Agent[0m
[0;32;49m[03-10 07:19:15 ty D][http_client_wrapper.c:40] HTTP header add key=Content-Type[0m
[0;32;49m[03-10 07:19:15 ty D][http_client_wrapper.c:51] Sending HTTP POST request to a2.tuyacn.com[0m
[0;36;49m[03-10 07:19:15 ty I][ducky_claw_chat.c:52] Free heap size:145696, Free psram heap size:7390656[0m
[0;32;49m[03-10 07:19:15 ty D][tls_transporter.c:122] tls transporter close socket fd:1[0m
[0;32;49m[03-10 07:19:15 ty D][tcp_transporter.c:200] tcp transporter close socket fd:1[0m
[0;32;49m[03-10 07:19:15 ty D][tls_transporter.c:130] tls transporter close tls handler:0x608ca798[0m
[0;32;49m[03-10 07:19:15 ty D][tuya_tls.c:819] TUYA_TLS Disconnect ENTER[0m
[0;32;49m[03-10 07:19:15 ty D][tuya_tls.c:844] TUYA_TLS Disconnect Success[0m
[0;32;49m[03-10 07:19:15 ty D][tuya_tls.c:511] tuya_tls_connect_destroy.[0m
[0;32;49m[03-10 07:19:15 ty D][atop_base.c:267] result:
{"t":1773127155,"success":false,"errorCode":"NOT_EXISTS","errorMsg":"Product Not exist"}[0m
[0;31;49m[03-10 07:19:15 ty E][atop_base.c:319] errorMsg:Product Not exist[0m
[0;32;49m[03-10 07:19:15 ty D][tuya_app_main.c:153] Tuya Event ID:12(TUYA_EVENT_TIMESTAMP_SYNC)[0m
[0;36;49m[03-10 07:19:15 ty I][tuya_app_main.c:154] Device Free heap 145488[0m
[0;36;49m[03-10 07:19:15 ty I][tuya_app_main.c:212] Sync timestamp:1773127155[0m
[0;31;49m[03-10 07:19:15 ty E][tuya_iot.c:274] activate_response_parse error:-2[0m
[0;32;49m[03-10 07:19:16 ty D][tal_kv.c:270] lfs key not found: uuid372137b7e155c1c5.devid[0m
[0;32;49m[03-10 07:19:16 ty D][atop_service.c:210] POST JSON:{"token":"Ln8n94u7","softVer":"1.0.0","productKey":"xxxxxxxxxxxxxxxx","protocolVer":"2.3","baselineVer":"40.07","options": "{\"otaChannel\":0, \"isFK\":false}","devAttribute":2048,"cadVer":"1.0.3","cdVer":"1.0.0","t":1773127156}[0m
[0;32;49m[03-10 07:19:16 ty D][atop_base.c:417] TUYA_HTTPS_ATOP_URL: /d.json?[0m
[0;32;49m[03-10 07:19:16 ty D][atop_base.c:434] request url len:125: /d.json?a=thing.device.opensdk.active&et=3&t=1773127156&uuid=uuid372137b7e155c1c5&v=1.0&sign=e8746be68157cf40140da4828261a2da[0m
[0;32;49m[03-10 07:19:16 ty D][atop_base.c:448] atop_request_data_encode[0m
[0;32;49m[03-10 07:19:16 ty D][atop_base.c:457] out post data len:517, data:data=663464326330353330653765F0972DCA6D3E12B8A21DDC6586DE9D358CDFBE86EE8782D4C5AB7B414C1DFEE39BA0459EC4692F518A35BDF9A9334662C11DBA4452F30874E4A404E752DA3E43C734E71A4BCA7C566A8AAF8406587B10CC42793211029D797CA175CA9E0A86DDB6A0FCE5553A0D81D00DFC79AC16DA699C13E972A83C7B5E18D3E871DB6AC79C271C355959C199078473B462F6C049A23F7F6898653E5FE46AF2B4FCECC22164553D9ABE24DF753F8552881991EF56A760C90CD97C825EC44D9EC3EE80CB46B67E3942F70FB97414F8E1F2F70EBA392E989E701F26362937E32CBFB09E2BC19F1457C4D3B4EBCF8C56A5FA3D7FA48A43B27FD2A2[0m
[0;32;49m[03-10 07:19:16 ty D][atop_base.c:469] http request send![0m
tkl_net_socket_create type(0), fd(1)!
[0;32;49m[03-10 07:19:16 ty D][tuya_tls.c:590] TUYA_TLS Begin Connect a2.tuyacn.com:443[0m
[0;32;49m[03-10 07:19:16 ty D][tuya_tls.c:341] mbedtls authmode: MBEDTLS_SSL_VERIFY_REQUIRED[0m
[0;32;49m[03-10 07:19:16 ty D][tuya_tls.c:354] load root ca cert.[0m
[0;32;49m[03-10 07:19:16 ty D][tuya_tls.c:661] socket fd is set. set to inner send/recv to handshake[0m
[0;32;49m[03-10 07:19:16 ty D][tuya_tls.c:323] mbedtls_cert_pkey_free.[0m
[0;32;49m[03-10 07:19:16 ty D][tuya_tls.c:702] handshake finish for a2.tuyacn.com. set send/recv to user set[0m
[0;32;49m[03-10 07:19:16 ty D][tuya_tls.c:708] TUYA_TLS Success Connect a2.tuyacn.com:443 Suit:TLS-ECDHE-RSA-WITH-AES-128-GCM-SHA256[0m
[0;32;49m[03-10 07:19:16 ty D][http_client_wrapper.c:119] tls connencted![0m
[0;32;49m[03-10 07:19:16 ty D][http_client_wrapper.c:147] http request send![0m
[0;32;49m[03-10 07:19:16 ty D][http_client_wrapper.c:40] HTTP header add key=User-Agent[0m
[0;32;49m[03-10 07:19:16 ty D][http_client_wrapper.c:40] HTTP header add key=Content-Type[0m
[0;32;49m[03-10 07:19:16 ty D][http_client_wrapper.c:51] Sending HTTP POST request to a2.tuyacn.com[0m
[0;32;49m[03-10 07:19:16 ty D][tls_transporter.c:122] tls transporter close socket fd:1[0m
[0;32;49m[03-10 07:19:16 ty D][tcp_transporter.c:200] tcp transporter close socket fd:1[0m
[0;32;49m[03-10 07:19:16 ty D][tls_transporter.c:130] tls transporter close tls handler:0x608ca798[0m
[0;32;49m[03-10 07:19:16 ty D][tuya_tls.c:819] TUYA_TLS Disconnect ENTER[0m
[0;32;49m[03-10 07:19:16 ty D][tuya_tls.c:844] TUYA_TLS Disconnect Success[0m
[0;32;49m[03-10 07:19:16 ty D][tuya_tls.c:511] tuya_tls_connect_destroy.[0m
[0;32;49m[03-10 07:19:16 ty D][atop_base.c:267] result:
{"t":1773127157,"success":false,"errorCode":"NOT_EXISTS","errorMsg":"Product Not exist"}[0m
[0;31;49m[03-10 07:19:16 ty E][atop_base.c:319] errorMsg:Product Not exist[0m
[0;32;49m[03-10 07:19:16 ty D][tuya_app_main.c:153] Tuya Event ID:12(TUYA_EVENT_TIMESTAMP_SYNC)[0m
[0;36;49m[03-10 07:19:16 ty I][tuya_app_main.c:154] Device Free heap 145488[0m
[0;36;49m[03-10 07:19:16 ty I][tuya_app_main.c:212] Sync timestamp:1773127157[0m
[0;31;49m[03-10 07:19:17 ty E][tuya_iot.c:274] activate_response_parse error:-2[0m
[0;32;49m[03-10 07:19:18 ty D][tal_kv.c:270] lfs key not found: uuid372137b7e155c1c5.devid[0m
[0;32;49m[03-10 07:19:18 ty D][atop_service.c:210] POST JSON:{"token":"Ln8n94u7","softVer":"1.0.0","productKey":"xxxxxxxxxxxxxxxx","protocolVer":"2.3","baselineVer":"40.07","options": "{\"otaChannel\":0, \"isFK\":false}","devAttribute":2048,"cadVer":"1.0.3","cdVer":"1.0.0","t":1773127158}[0m
[0;32;49m[03-10 07:19:18 ty D][atop_base.c:417] TUYA_HTTPS_ATOP_URL: /d.json?[0m
[0;32;49m[03-10 07:19:18 ty D][atop_base.c:434] request url len:125: /d.json?a=thing.device.opensdk.active&et=3&t=1773127158&uuid=uuid372137b7e155c1c5&v=1.0&sign=39f16f7015d0998e38273743094d2ea3[0m
[0;32;49m[03-10 07:19:18 ty D][atop_base.c:448] atop_request_data_encode[0m
[0;32;49m[03-10 07:19:18 ty D][atop_base.c:457] out post data len:517, data:data=633731353238633837346237E90B85CB3CE980E71DD16DB7C0AA55DB6F8A3448B6DC05CF7849F9E6C9A9C44A927A5C3AC659332C724CB796C67A11B116D4DF5A29C0AA32DE17DA5A55F51674D36A7B5007BF6535D12FB4649B9B60A2F11E2EED08943164E4CCC29B6253151AD15D906B816F041DD73A865120B617115BCC616FB266960C930C706E1665176102FCA2ACB856B21C7AF6A34896AC21072043DDFC2B77D4548E01440845B6B5730F5B29F526FBE77661E1082E009F7C9FB711864A66ECAF3D949C7D3FED61986E406BAC180FF571352E8DD77C701A4536744320C06A6594E786BFA95CAFE5F8EDC72C79A008B302254E00FD4D843900EAEA093959[0m
[0;32;49m[03-10 07:19:18 ty D][atop_base.c:469] http request send![0m
tkl_net_socket_create type(0), fd(1)!
[0;32;49m[03-10 07:19:18 ty D][tuya_tls.c:590] TUYA_TLS Begin Connect a2.tuyacn.com:443[0m
[0;32;49m[03-10 07:19:18 ty D][tuya_tls.c:341] mbedtls authmode: MBEDTLS_SSL_VERIFY_REQUIRED[0m
[0;32;49m[03-10 07:19:18 ty D][tuya_tls.c:354] load root ca cert.[0m
[0;32;49m[03-10 07:19:18 ty D][tuya_tls.c:661] socket fd is set. set to inner send/recv to handshake[0m
[0;32;49m[03-10 07:19:18 ty D][tuya_tls.c:323] mbedtls_cert_pkey_free.[0m
[0;32;49m[03-10 07:19:18 ty D][tuya_tls.c:702] handshake finish for a2.tuyacn.com. set send/recv to user set[0m
[0;32;49m[03-10 07:19:18 ty D][tuya_tls.c:708] TUYA_TLS Success Connect a2.tuyacn.com:443 Suit:TLS-ECDHE-RSA-WITH-AES-128-GCM-SHA256[0m
[0;32;49m[03-10 07:19:18 ty D][http_client_wrapper.c:119] tls connencted![0m
[0;32;49m[03-10 07:19:18 ty D][http_client_wrapper.c:147] http request send![0m
[0;32;49m[03-10 07:19:18 ty D][http_client_wrapper.c:40] HTTP header add key=User-Agent[0m
[0;32;49m[03-10 07:19:18 ty D][http_client_wrapper.c:40] HTTP header add key=Content-Type[0m
[0;32;49m[03-10 07:19:18 ty D][http_client_wrapper.c:51] Sending HTTP POST request to a2.tuyacn.com[0m
[0;32;49m[03-10 07:19:18 ty D][tls_transporter.c:122] tls transporter close socket fd:1[0m
[0;32;49m[03-10 07:19:18 ty D][tcp_transporter.c:200] tcp transporter close socket fd:1[0m
[0;32;49m[03-10 07:19:18 ty D][tls_transporter.c:130] tls transporter close tls handler:0x608ca798[0m
[0;32;49m[03-10 07:19:18 ty D][tuya_tls.c:819] TUYA_TLS Disconnect ENTER[0m
[0;32;49m[03-10 07:19:18 ty D][tuya_tls.c:844] TUYA_TLS Disconnect Success[0m
[0;32;49m[03-10 07:19:18 ty D][tuya_tls.c:511] tuya_tls_connect_destroy.[0m
[0;32;49m[03-10 07:19:18 ty D][atop_base.c:267] result:
{"t":1773127158,"success":false,"errorCode":"NOT_EXISTS","errorMsg":"Product Not exist"}[0m
[0;31;49m[03-10 07:19:18 ty E][atop_base.c:319] errorMsg:Product Not exist[0m
[0;32;49m[03-10 07:19:18 ty D][tuya_app_main.c:153] Tuya Event ID:12(TUYA_EVENT_TIMESTAMP_SYNC)[0m
[0;36;49m[03-10 07:19:18 ty I][tuya_app_main.c:154] Device Free heap 145488[0m
[0;36;49m[03-10 07:19:18 ty I][tuya_app_main.c:212] Sync timestamp:1773127158[0m
[0;31;49m[03-10 07:19:18 ty E][tuya_iot.c:274] activate_response_parse error:-2[0m
[0;32;49m[03-10 07:19:19 ty D][tal_kv.c:270] lfs key not found: uuid372137b7e155c1c5.devid[0m
[0;32;49m[03-10 07:19:19 ty D][atop_service.c:210] POST JSON:{"token":"Ln8n94u7","softVer":"1.0.0","productKey":"xxxxxxxxxxxxxxxx","protocolVer":"2.3","baselineVer":"40.07","options": "{\"otaChannel\":0, \"isFK\":false}","devAttribute":2048,"cadVer":"1.0.3","cdVer":"1.0.0","t":1773127159}[0m
[0;32;49m[03-10 07:19:19 ty D][atop_base.c:417] TUYA_HTTPS_ATOP_URL: /d.json?[0m
[0;32;49m[03-10 07:19:19 ty D][atop_base.c:434] request url len:125: /d.json?a=thing.device.opensdk.active&et=3&t=1773127159&uuid=uuid372137b7e155c1c5&v=1.0&sign=1f78998c7643d8be6da1301c8d96fb3a[0m
[0;32;49m[03-10 07:19:19 ty D][atop_base.c:448] atop_request_data_encode[0m
[0;32;49m[03-10 07:19:19 ty D][atop_base.c:457] out post data len:517, data:data=356539363434336336333432F02A4D575DD62E4FC8A4512D687BDC84B04B2AD81BBD3E1F684E02F968C4D7E57E967DF8D09C7FC1317695697DF51A743D5A18EC72A82ACCB7060C4B02EDFC039F802260F3BBA8613C6575319484DEAA15E883447E73B473F83725B6BF57EC67B9CA4C81DFD5E56D54C0CDCE0BEFD5C2B718C41F2704D5FF93C9CB15125205B3CE1440567B2B7273F5F9D530C413FCA0FD9AA924037E88D7AAABB1B9FBB35C0E5CA44DD10D04C31D9CD307B774540BB5902DE17B2766A7791213B90CFCB3334285DB392C70C795734A729D1D61EA62648664E82ED562956F916DDB4672407D08A220DF4E824D1D5841083F88030B6D9F5E03F4E7[0m
[0;32;49m[03-10 07:19:19 ty D][atop_base.c:469] http request send![0m
tkl_net_socket_create type(0), fd(1)!
[0;32;49m[03-10 07:19:19 ty D][tuya_tls.c:590] TUYA_TLS Begin Connect a2.tuyacn.com:443[0m
[0;32;49m[03-10 07:19:19 ty D][tuya_tls.c:341] mbedtls authmode: MBEDTLS_SSL_VERIFY_REQUIRED[0m
[0;32;49m[03-10 07:19:19 ty D][tuya_tls.c:354] load root ca cert.[0m
[0;32;49m[03-10 07:19:19 ty D][tuya_tls.c:661] socket fd is set. set to inner send/recv to handshake[0m
[0;32;49m[03-10 07:19:19 ty D][tuya_health.c:75] feed watchdog[0m
[0;32;49m[03-10 07:19:19 ty D][tuya_tls.c:323] mbedtls_cert_pkey_free.[0m
[0;32;49m[03-10 07:19:19 ty D][tuya_tls.c:702] handshake finish for a2.tuyacn.com. set send/recv to user set[0m
[0;32;49m[03-10 07:19:19 ty D][tuya_tls.c:708] TUYA_TLS Success Connect a2.tuyacn.com:443 Suit:TLS-ECDHE-RSA-WITH-AES-128-GCM-SHA256[0m
[0;32;49m[03-10 07:19:19 ty D][http_client_wrapper.c:119] tls connencted![0m
[0;32;49m[03-10 07:19:19 ty D][http_client_wrapper.c:147] http request send![0m
[0;32;49m[03-10 07:19:19 ty D][http_client_wrapper.c:40] HTTP header add key=User-Agent[0m
[0;32;49m[03-10 07:19:19 ty D][http_client_wrapper.c:40] HTTP header add key=Content-Type[0m
[0;32;49m[03-10 07:19:19 ty D][http_client_wrapper.c:51] Sending HTTP POST request to a2.tuyacn.com[0m
[0;32;49m[03-10 07:19:19 ty D][tls_transporter.c:122] tls transporter close socket fd:1[0m
[0;32;49m[03-10 07:19:19 ty D][tcp_transporter.c:200] tcp transporter close socket fd:1[0m
[0;32;49m[03-10 07:19:19 ty D][tls_transporter.c:130] tls transporter close tls handler:0x608ca798[0m
[0;32;49m[03-10 07:19:19 ty D][tuya_tls.c:819] TUYA_TLS Disconnect ENTER[0m
[0;32;49m[03-10 07:19:19 ty D][tuya_tls.c:844] TUYA_TLS Disconnect Success[0m
[0;32;49m[03-10 07:19:19 ty D][tuya_tls.c:511] tuya_tls_connect_destroy.[0m
[0;32;49m[03-10 07:19:19 ty D][atop_base.c:267] result:
{"t":1773127160,"success":false,"errorCode":"NOT_EXISTS","errorMsg":"Product Not exist"}[0m
[0;31;49m[03-10 07:19:19 ty E][atop_base.c:319] errorMsg:Product Not exist[0m
[0;32;49m[03-10 07:19:19 ty D][tuya_app_main.c:153] Tuya Event ID:12(TUYA_EVENT_TIMESTAMP_SYNC)[0m
[0;36;49m[03-10 07:19:19 ty I][tuya_app_main.c:154] Device Free heap 145488[0m
[0;36;49m[03-10 07:19:19 ty I][tuya_app_main.c:212] Sync timestamp:1773127160[0m
[0;31;49m[03-10 07:19:20 ty E][tuya_iot.c:274] activate_response_parse error:-2[0m
[0;32;49m[03-10 07:19:21 ty D][tal_kv.c:270] lfs key not found: uuid372137b7e155c1c5.devid[0m
[0;32;49m[03-10 07:19:21 ty D][atop_service.c:210] POST JSON:{"token":"Ln8n94u7","softVer":"1.0.0","productKey":"xxxxxxxxxxxxxxxx","protocolVer":"2.3","baselineVer":"40.07","options": "{\"otaChannel\":0, \"isFK\":false}","devAttribute":2048,"cadVer":"1.0.3","cdVer":"1.0.0","t":1773127161}[0m
[0;32;49m[03-10 07:19:21 ty D][atop_base.c:417] TUYA_HTTPS_ATOP_URL: /d.json?[0m
[0;32;49m[03-10 07:19:21 ty D][atop_base.c:434] request url len:125: /d.json?a=thing.device.opensdk.active&et=3&t=1773127161&uuid=uuid372137b7e155c1c5&v=1.0&sign=26b04cafc83446627f668e3e8159f357[0m
[0;32;49m[03-10 07:19:21 ty D][atop_base.c:448] atop_request_data_encode[0m
[0;32;49m[03-10 07:19:21 ty D][atop_base.c:457] out post data len:517, data:data=663534633031313633323435E761F3CF52C276B2F0D5B8328B5AFB685F5988B4273FC2EF9C1A7D2A3D7D4858562D9DA739992163DB302DB22F677EFA647C6D407509F5BD862639F6A5C671A786EC544E556EDAF23892E849A954A77A10DC5BAEF72181AE326B47B2F7067F4D6053EF546D6FE4882CEA084BB924F98A6DECEED01456DEC2EBA0872C7CFBC5BE2882FB8E93270B226D2494E3A1C737B761AE68FEFDAAD90857ED3AC42FEF32544E15830FBE156DFB786DC23203FBF3C076654D49EE0208266FBD338774AE9E35BAFE6A12055DE0CBC87B5088ED60FA12AA34E1787D0F701FF13B92237FAFD789F62E14BA2589CB3E76B84A742D34E8F68F1C2AAB[0m
[0;32;49m[03-10 07:19:21 ty D][atop_base.c:469] http request send![0m
tkl_net_socket_create type(0), fd(1)!
[0;32;49m[03-10 07:19:21 ty D][tuya_tls.c:590] TUYA_TLS Begin Connect a2.tuyacn.com:443[0m
[0;32;49m[03-10 07:19:21 ty D][tuya_tls.c:341] mbedtls authmode: MBEDTLS_SSL_VERIFY_REQUIRED[0m
[0;32;49m[03-10 07:19:21 ty D][tuya_tls.c:354] load root ca cert.[0m
[0;32;49m[03-10 07:19:21 ty D][tuya_tls.c:661] socket fd is set. set to inner send/recv to handshake[0m
[0;32;49m[03-10 07:19:21 ty D][tuya_tls.c:323] mbedtls_cert_pkey_free.[0m
[0;32;49m[03-10 07:19:21 ty D][tuya_tls.c:702] handshake finish for a2.tuyacn.com. set send/recv to user set[0m
[0;32;49m[03-10 07:19:21 ty D][tuya_tls.c:708] TUYA_TLS Success Connect a2.tuyacn.com:443 Suit:TLS-ECDHE-RSA-WITH-AES-128-GCM-SHA256[0m
[0;32;49m[03-10 07:19:21 ty D][http_client_wrapper.c:119] tls connencted![0m
[0;32;49m[03-10 07:19:21 ty D][http_client_wrapper.c:147] http request send![0m
[0;32;49m[03-10 07:19:21 ty D][http_client_wrapper.c:40] HTTP header add key=User-Agent[0m
[0;32;49m[03-10 07:19:21 ty D][http_client_wrapper.c:40] HTTP header add key=Content-Type[0m
[0;32;49m[03-10 07:19:21 ty D][http_client_wrapper.c:51] Sending HTTP POST request to a2.tuyacn.com[0m
[0;32;49m[03-10 07:19:21 ty D][tls_transporter.c:122] tls transporter close socket fd:1[0m
[0;32;49m[03-10 07:19:21 ty D][tcp_transporter.c:200] tcp transporter close socket fd:1[0m
[0;32;49m[03-10 07:19:21 ty D][tls_transporter.c:130] tls transporter close tls handler:0x608ca798[0m
[0;32;49m[03-10 07:19:21 ty D][tuya_tls.c:819] TUYA_TLS Disconnect ENTER[0m
[0;32;49m[03-10 07:19:21 ty D][tuya_tls.c:844] TUYA_TLS Disconnect Success[0m
[0;32;49m[03-10 07:19:21 ty D][tuya_tls.c:511] tuya_tls_connect_destroy.[0m
[0;32;49m[03-10 07:19:21 ty D][atop_base.c:267] result:
{"t":1773127162,"success":false,"errorCode":"NOT_EXISTS","errorMsg":"Product Not exist"}[0m
[0;31;49m[03-10 07:19:21 ty E][atop_base.c:319] errorMsg:Product Not exist[0m
[0;32;49m[03-10 07:19:21 ty D][tuya_app_main.c:153] Tuya Event ID:12(TUYA_EVENT_TIMESTAMP_SYNC)[0m
[0;36;49m[03-10 07:19:21 ty I][tuya_app_main.c:154] Device Free heap 145288[0m
[0;36;49m[03-10 07:19:21 ty I][tuya_app_main.c:212] Sync timestamp:1773127162[0m
[0;31;49m[03-10 07:19:22 ty E][tuya_iot.c:274] activate_response_parse error:-2[0m
[0;32;49m[03-10 07:19:23 ty D][tal_kv.c:270] lfs key not found: uuid372137b7e155c1c5.devid[0m
[0;32;49m[03-10 07:19:23 ty D][atop_service.c:210] POST JSON:{"token":"Ln8n94u7","softVer":"1.0.0","productKey":"xxxxxxxxxxxxxxxx","protocolVer":"2.3","baselineVer":"40.07","options": "{\"otaChannel\":0, \"isFK\":false}","devAttribute":2048,"cadVer":"1.0.3","cdVer":"1.0.0","t":1773127163}[0m
[0;32;49m[03-10 07:19:23 ty D][atop_base.c:417] TUYA_HTTPS_ATOP_URL: /d.json?[0m
[0;32;49m[03-10 07:19:23 ty D][atop_base.c:434] request url len:125: /d.json?a=thing.device.opensdk.active&et=3&t=1773127163&uuid=uuid372137b7e155c1c5&v=1.0&sign=b1c6c439a28a62d69f3004c6d840e97a[0m
[0;32;49m[03-10 07:19:23 ty D][atop_base.c:448] atop_request_data_encode[0m
[0;32;49m[03-10 07:19:23 ty D][atop_base.c:457] out post data len:517, data:data=333666343139653739646330C349CCEE07A48405EA0D566C48CAB0645EB53D3FB845B3963F4E0D0C3DEB40F9FE6B0BB08BDBE987BE2674E1375BDD9A4FB64EA7511D2EA08C7BA31D1718CB9B810D2502A5BA9C7FAFEDD59BC86D7DA1F5763688779793BB66CA5FC3930BFF0EE584C9B627753953E3920638D2D0DEE43B5A018B80D3C192B55F57DB836316E3A460625E4B22C0AD547B4F7EC03E0C85446132DF62E944341CC4B3008098E01D25CDE465B516F2D41CFDA99ABD0A526A23419C2C2E02EC9E5D2D0C9472B5B18C5D3762F43C6886C8845FD492B7700FC2B4876495828181BAC77A1FBD5AB88BFC2047830DB93DEB42D0441580509BD9DC6E6CFE34[0m
[0;32;49m[03-10 07:19:23 ty D][atop_base.c:469] http request send![0m
tkl_net_socket_create type(0), fd(1)!
[0;32;49m[03-10 07:19:23 ty D][tuya_tls.c:590] TUYA_TLS Begin Connect a2.tuyacn.com:443[0m
[0;32;49m[03-10 07:19:23 ty D][tuya_tls.c:341] mbedtls authmode: MBEDTLS_SSL_VERIFY_REQUIRED[0m
[0;32;49m[03-10 07:19:23 ty D][tuya_tls.c:354] load root ca cert.[0m
[0;32;49m[03-10 07:19:23 ty D][tuya_tls.c:661] socket fd is set. set to inner send/recv to handshake[0m
[0;32;49m[03-10 07:19:23 ty D][tuya_tls.c:323] mbedtls_cert_pkey_free.[0m
[0;32;49m[03-10 07:19:23 ty D][tuya_tls.c:702] handshake finish for a2.tuyacn.com. set send/recv to user set[0m
[0;32;49m[03-10 07:19:23 ty D][tuya_tls.c:708] TUYA_TLS Success Connect a2.tuyacn.com:443 Suit:TLS-ECDHE-RSA-WITH-AES-128-GCM-SHA256[0m
[0;32;49m[03-10 07:19:23 ty D][http_client_wrapper.c:119] tls connencted![0m
[0;32;49m[03-10 07:19:23 ty D][http_client_wrapper.c:147] http request send![0m
[0;32;49m[03-10 07:19:23 ty D][http_client_wrapper.c:40] HTTP header add key=User-Agent[0m
[0;32;49m[03-10 07:19:23 ty D][http_client_wrapper.c:40] HTTP header add key=Content-Type[0m
[0;32;49m[03-10 07:19:23 ty D][http_client_wrapper.c:51] Sending HTTP POST request to a2.tuyacn.com[0m
[0;32;49m[03-10 07:19:23 ty D][tls_transporter.c:122] tls transporter close socket fd:1[0m
[0;32;49m[03-10 07:19:23 ty D][tcp_transporter.c:200] tcp transporter close socket fd:1[0m
[0;32;49m[03-10 07:19:23 ty D][tls_transporter.c:130] tls transporter close tls handler:0x608ca798[0m
[0;32;49m[03-10 07:19:23 ty D][tuya_tls.c:819] TUYA_TLS Disconnect ENTER[0m
[0;32;49m[03-10 07:19:23 ty D][tuya_tls.c:844] TUYA_TLS Disconnect Success[0m
[0;32;49m[03-10 07:19:23 ty D][tuya_tls.c:511] tuya_tls_connect_destroy.[0m
[0;32;49m[03-10 07:19:23 ty D][atop_base.c:267] result:
{"t":1773127163,"success":false,"errorCode":"NOT_EXISTS","errorMsg":"Product Not exist"}[0m
[0;31;49m[03-10 07:19:23 ty E][atop_base.c:319] errorMsg:Product Not exist[0m
[0;32;49m[03-10 07:19:23 ty D][tuya_app_main.c:153] Tuya Event ID:12(TUYA_EVENT_TIMESTAMP_SYNC)[0m
[0;36;49m[03-10 07:19:23 ty I][tuya_app_main.c:154] Device Free heap 145488[0m
[0;36;49m[03-10 07:19:23 ty I][tuya_app_main.c:212] Sync timestamp:1773127163[0m
[0;31;49m[03-10 07:19:23 ty E][tuya_iot.c:274] activate_response_parse error:-2[0m
[0;32;49m[03-10 07:19:24 ty D][tal_kv.c:270] lfs key not found: uuid372137b7e155c1c5.devid[0m
[0;32;49m[03-10 07:19:24 ty D][atop_service.c:210] POST JSON:{"token":"Ln8n94u7","softVer":"1.0.0","productKey":"xxxxxxxxxxxxxxxx","protocolVer":"2.3","baselineVer":"40.07","options": "{\"otaChannel\":0, \"isFK\":false}","devAttribute":2048,"cadVer":"1.0.3","cdVer":"1.0.0","t":1773127164}[0m
[0;32;49m[03-10 07:19:24 ty D][atop_base.c:417] TUYA_HTTPS_ATOP_URL: /d.json?[0m
[0;32;49m[03-10 07:19:24 ty D][atop_base.c:434] request url len:125: /d.json?a=thing.device.opensdk.active&et=3&t=1773127164&uuid=uuid372137b7e155c1c5&v=1.0&sign=a090f8a3e015098be0af3c24a9547e1a[0m
[0;32;49m[03-10 07:19:24 ty D][atop_base.c:448] atop_request_data_encode[0m
[0;32;49m[03-10 07:19:24 ty D][atop_base.c:457] out post data len:517, data:data=3661363635663138366536337E87776B12B289EDF308971F7AFC1EDDCCDDB99C8480C2A9D2821705D9E98D841AF59BEBE4C9F253E6B52D05F4B25D7060B8A08692A9101E184A8F4B7AD98AB69F2EADE6C378E03C3FF087537D2435E591ABF12DA2333F8FEABF02D4B27FDF26A06FA435FBF01779E22D2640F1EDB1712002633CE918EB650C005BE7B2E6CEED84233CEC52CF3FB99F41D8C440E82BD1DB719B56EE76305DF3393161026B25FAC09C4F7515D4B9064E961202C86D34A70B64869372F8FB6AF9CDB3C40010E7F4249741083BA16C4715FCEC9D80042C79291184C016DFFD844C7A7747F52133A462768254EBA60CCBEC8417D8C6B7B4A4E3D2CD2C[0m
[0;32;49m[03-10 07:19:24 ty D][atop_base.c:469] http request send![0m
tkl_net_socket_create type(0), fd(1)!
[0;32;49m[03-10 07:19:24 ty D][tuya_tls.c:590] TUYA_TLS Begin Connect a2.tuyacn.com:443[0m
[0;32;49m[03-10 07:19:24 ty D][tuya_tls.c:341] mbedtls authmode: MBEDTLS_SSL_VERIFY_REQUIRED[0m
[0;32;49m[03-10 07:19:24 ty D][tuya_tls.c:354] load root ca cert.[0m
[0;32;49m[03-10 07:19:24 ty D][tuya_tls.c:661] socket fd is set. set to inner send/recv to handshake[0m
[0;32;49m[03-10 07:19:24 ty D][tuya_tls.c:323] mbedtls_cert_pkey_free.[0m
[0;32;49m[03-10 07:19:24 ty D][tuya_tls.c:702] handshake finish for a2.tuyacn.com. set send/recv to user set[0m
[0;32;49m[03-10 07:19:24 ty D][tuya_tls.c:708] TUYA_TLS Success Connect a2.tuyacn.com:443 Suit:TLS-ECDHE-RSA-WITH-AES-128-GCM-SHA256[0m
[0;32;49m[03-10 07:19:24 ty D][http_client_wrapper.c:119] tls connencted![0m
[0;32;49m[03-10 07:19:24 ty D][http_client_wrapper.c:147] http request send![0m
[0;32;49m[03-10 07:19:24 ty D][http_client_wrapper.c:40] HTTP header add key=User-Agent[0m
[0;32;49m[03-10 07:19:24 ty D][http_client_wrapper.c:40] HTTP header add key=Content-Type[0m
[0;32;49m[03-10 07:19:24 ty D][http_client_wrapper.c:51] Sending HTTP POST request to a2.tuyacn.com[0m
[0;32;49m[03-10 07:19:24 ty D][tls_transporter.c:122] tls transporter close socket fd:1[0m
[0;32;49m[03-10 07:19:24 ty D][tcp_transporter.c:200] tcp transporter close socket fd:1[0m
[0;32;49m[03-10 07:19:24 ty D][tls_transporter.c:130] tls transporter close tls handler:0x608ca798[0m
[0;32;49m[03-10 07:19:24 ty D][tuya_tls.c:819] TUYA_TLS Disconnect ENTER[0m
[0;32;49m[03-10 07:19:24 ty D][tuya_tls.c:844] TUYA_TLS Disconnect Success[0m
[0;32;49m[03-10 07:19:24 ty D][tuya_tls.c:511] tuya_tls_connect_destroy.[0m
[0;32;49m[03-10 07:19:24 ty D][atop_base.c:267] result:
{"t":1773127165,"success":false,"errorCode":"NOT_EXISTS","errorMsg":"Product Not exist"}[0m
[0;31;49m[03-10 07:19:24 ty E][atop_base.c:319] errorMsg:Product Not exist[0m
[0;32;49m[03-10 07:19:24 ty D][tuya_app_main.c:153] Tuya Event ID:12(TUYA_EVENT_TIMESTAMP_SYNC)[0m
[0;36;49m[03-10 07:19:24 ty I][tuya_app_main.c:154] Device Free heap 145488[0m
[0;36;49m[03-10 07:19:24 ty I][tuya_app_main.c:212] Sync timestamp:1773127165[0m
[0;31;49m[03-10 07:19:25 ty E][tuya_iot.c:274] activate_response_parse error:-2[0m
[0;36;49m[03-10 07:19:25 ty I][ducky_claw_chat.c:52] Free heap size:146736, Free psram heap size:7408712[0m
[0;32;49m[03-10 07:19:26 ty D][tal_kv.c:270] lfs key not found: uuid372137b7e155c1c5.devid[0m
[0;32;49m[03-10 07:19:26 ty D][atop_service.c:210] POST JSON:{"token":"Ln8n94u7","softVer":"1.0.0","productKey":"xxxxxxxxxxxxxxxx","protocolVer":"2.3","baselineVer":"40.07","options": "{\"otaChannel\":0, \"isFK\":false}","devAttribute":2048,"cadVer":"1.0.3","cdVer":"1.0.0","t":1773127166}[0m
[0;32;49m[03-10 07:19:26 ty D][atop_base.c:417] TUYA_HTTPS_ATOP_URL: /d.json?[0m
[0;32;49m[03-10 07:19:26 ty D][atop_base.c:434] request url len:125: /d.json?a=thing.device.opensdk.active&et=3&t=1773127166&uuid=uuid372137b7e155c1c5&v=1.0&sign=739f00aa906f9bb7c84edbe8e1243d3c[0m
[0;32;49m[03-10 07:19:26 ty D][atop_base.c:448] atop_request_data_encode[0m
[0;32;49m[03-10 07:19:26 ty D][atop_base.c:457] out post data len:517, data:data=6366663731663164396230302377E7913B7C1BC45E6583906F9238EC0DDBE387964AC0ED85E6D1CCCC4D1454D9053CC5FC08885B7AD4A73517D1E96EB14CEE3136DC29C80728AEC252E640EF4B37ACB48B9B7FD82DE9E8403D7D27465681684C084F9D240656C922B718AC9DAE7425397A26B36D0E0E0626BDA0CEC0A6AC6C07F9FACF8F9453BFB745F3C082F86FBE076F3F222D5B3DB60915299F7CA3C6EB6A047F304F4247E081A57667C25EF864AE520D7EAD6903C8CB84A93D71018DB7BF045E1950DCDDF3F313B81E22C5A1ACDD7DB6ED08DBC7BC945264B0335A9F4E9600A3C18F798C282AE9861E11BBC0A074744DFB469EA68A424E7DFE064ED52F1E[0m
[0;32;49m[03-10 07:19:26 ty D][atop_base.c:469] http request send![0m
tkl_net_socket_create type(0), fd(1)!
[0;32;49m[03-10 07:19:26 ty D][tuya_tls.c:590] TUYA_TLS Begin Connect a2.tuyacn.com:443[0m
[0;32;49m[03-10 07:19:26 ty D][tuya_tls.c:341] mbedtls authmode: MBEDTLS_SSL_VERIFY_REQUIRED[0m
[0;32;49m[03-10 07:19:26 ty D][tuya_tls.c:354] load root ca cert.[0m
[0;32;49m[03-10 07:19:26 ty D][tuya_tls.c:661] socket fd is set. set to inner send/recv to handshake[0m
[0;32;49m[03-10 07:19:26 ty D][tuya_tls.c:323] mbedtls_cert_pkey_free.[0m
[0;32;49m[03-10 07:19:26 ty D][tuya_tls.c:702] handshake finish for a2.tuyacn.com. set send/recv to user set[0m
[0;32;49m[03-10 07:19:26 ty D][tuya_tls.c:708] TUYA_TLS Success Connect a2.tuyacn.com:443 Suit:TLS-ECDHE-RSA-WITH-AES-128-GCM-SHA256[0m
[0;32;49m[03-10 07:19:26 ty D][http_client_wrapper.c:119] tls connencted![0m
[0;32;49m[03-10 07:19:26 ty D][http_client_wrapper.c:147] http request send![0m
[0;32;49m[03-10 07:19:26 ty D][http_client_wrapper.c:40] HTTP header add key=User-Agent[0m
[0;32;49m[03-10 07:19:26 ty D][http_client_wrapper.c:40] HTTP header add key=Content-Type[0m
[0;32;49m[03-10 07:19:26 ty D][http_client_wrapper.c:51] Sending HTTP POST request to a2.tuyacn.com[0m
[0;32;49m[03-10 07:19:26 ty D][tls_transporter.c:122] tls transporter close socket fd:1[0m
[0;32;49m[03-10 07:19:26 ty D][tcp_transporter.c:200] tcp transporter close socket fd:1[0m
[0;32;49m[03-10 07:19:26 ty D][tls_transporter.c:130] tls transporter close tls handler:0x608ca798[0m
[0;32;49m[03-10 07:19:26 ty D][tuya_tls.c:819] TUYA_TLS Disconnect ENTER[0m
[0;32;49m[03-10 07:19:26 ty D][tuya_tls.c:844] TUYA_TLS Disconnect Success[0m
[0;32;49m[03-10 07:19:26 ty D][tuya_tls.c:511] tuya_tls_connect_destroy.[0m
[0;32;49m[03-10 07:19:26 ty D][atop_base.c:267] result:
{"t":1773127166,"success":false,"errorCode":"NOT_EXISTS","errorMsg":"Product Not exist"}[0m
[0;31;49m[03-10 07:19:26 ty E][atop_base.c:319] errorMsg:Product Not exist[0m
[0;32;49m[03-10 07:19:26 ty D][tuya_app_main.c:153] Tuya Event ID:12(TUYA_EVENT_TIMESTAMP_SYNC)[0m
[0;36;49m[03-10 07:19:26 ty I][tuya_app_main.c:154] Device Free heap 145488[0m
[0;36;49m[03-10 07:19:26 ty I][tuya_app_main.c:212] Sync timestamp:1773127166[0m
[0;31;49m[03-10 07:19:26 ty E][tuya_iot.c:274] activate_response_parse error:-2[0m
[0;32;49m[03-10 07:19:27 ty D][tal_kv.c:270] lfs key not found: uuid372137b7e155c1c5.devid[0m
[0;32;49m[03-10 07:19:27 ty D][atop_service.c:210] POST JSON:{"token":"Ln8n94u7","softVer":"1.0.0","productKey":"xxxxxxxxxxxxxxxx","protocolVer":"2.3","baselineVer":"40.07","options": "{\"otaChannel\":0, \"isFK\":false}","devAttribute":2048,"cadVer":"1.0.3","cdVer":"1.0.0","t":1773127167}[0m
[0;32;49m[03-10 07:19:27 ty D][atop_base.c:417] TUYA_HTTPS_ATOP_URL: /d.json?[0m
[0;32;49m[03-10 07:19:27 ty D][atop_base.c:434] request url len:125: /d.json?a=thing.device.opensdk.active&et=3&t=1773127167&uuid=uuid372137b7e155c1c5&v=1.0&sign=fddfa2fad21beddd42adeea190701374[0m
[0;32;49m[03-10 07:19:27 ty D][atop_base.c:448] atop_request_data_encode[0m
[0;32;49m[03-10 07:19:27 ty D][atop_base.c:457] out post data len:517, data:data=333433306362333235643435BD8E2D25BEE43E63E6062949B311ED70E8E7041E9C8AD3F4390D592AB0D12D4A86B3F65B8DB7B36DC66EB6AF614C5A718BCC79AAB05FC4D69C3FFCE09E7A79D0F8941CF5D15FCFB1A23A750313E524E8523C2F15D43CC3928881EAD99931123FB793AE18B275FDA91702A883A5F8E69177A12FC659E6E9F7417E1F02E68E9DB4101EE132D1D29320E855874EB7617E47B7D8E9419987804FBA34C735D9298D3EB6029A57B36A3C29BB114C16317503F5B51A9CFF953EBCB521F67ABFC144C32E9955193C080A4B6CF8359D8168F5696F5E39A5CC95955881F2E3E5EB4369E77A0014B3AB8C2A2D8A4263FDFB97A0D2AA68917B80[0m
[0;32;49m[03-10 07:19:27 ty D][atop_base.c:469] http request send![0m
tkl_net_socket_create type(0), fd(1)!
[0;32;49m[03-10 07:19:27 ty D][tuya_tls.c:590] TUYA_TLS Begin Connect a2.tuyacn.com:443[0m
[0;32;49m[03-10 07:19:27 ty D][tuya_tls.c:341] mbedtls authmode: MBEDTLS_SSL_VERIFY_REQUIRED[0m
[0;32;49m[03-10 07:19:27 ty D][tuya_tls.c:354] load root ca cert.[0m
[0;32;49m[03-10 07:19:27 ty D][tuya_tls.c:661] socket fd is set. set to inner send/recv to handshake[0m
[0;32;49m[03-10 07:19:27 ty D][tuya_tls.c:323] mbedtls_cert_pkey_free.[0m
[0;32;49m[03-10 07:19:27 ty D][tuya_tls.c:702] handshake finish for a2.tuyacn.com. set send/recv to user set[0m
[0;32;49m[03-10 07:19:27 ty D][tuya_tls.c:708] TUYA_TLS Success Connect a2.tuyacn.com:443 Suit:TLS-ECDHE-RSA-WITH-AES-128-GCM-SHA256[0m
[0;32;49m[03-10 07:19:27 ty D][http_client_wrapper.c:119] tls connencted![0m
[0;32;49m[03-10 07:19:27 ty D][http_client_wrapper.c:147] http request send![0m
[0;32;49m[03-10 07:19:27 ty D][http_client_wrapper.c:40] HTTP header add key=User-Agent[0m
[0;32;49m[03-10 07:19:27 ty D][http_client_wrapper.c:40] HTTP header add key=Content-Type[0m
[0;32;49m[03-10 07:19:27 ty D][http_client_wrapper.c:51] Sending HTTP POST request to a2.tuyacn.com[0m
[0;32;49m[03-10 07:19:27 ty D][tls_transporter.c:122] tls transporter close socket fd:1[0m
[0;32;49m[03-10 07:19:27 ty D][tcp_transporter.c:200] tcp transporter close socket fd:1[0m
[0;32;49m[03-10 07:19:27 ty D][tls_transporter.c:130] tls transporter close tls handler:0x608ca798[0m
[0;32;49m[03-10 07:19:27 ty D][tuya_tls.c:819] TUYA_TLS Disconnect ENTER[0m
[0;32;49m[03-10 07:19:27 ty D][tuya_tls.c:844] TUYA_TLS Disconnect Success[0m
[0;32;49m[03-10 07:19:27 ty D][tuya_tls.c:511] tuya_tls_connect_destroy.[0m
[0;32;49m[03-10 07:19:27 ty D][atop_base.c:267] result:
{"t":1773127168,"success":false,"errorCode":"NOT_EXISTS","errorMsg":"Product Not exist"}[0m
[0;31;49m[03-10 07:19:27 ty E][atop_base.c:319] errorMsg:Product Not exist[0m
[0;32;49m[03-10 07:19:27 ty D][tuya_app_main.c:153] Tuya Event ID:12(TUYA_EVENT_TIMESTAMP_SYNC)[0m
[0;36;49m[03-10 07:19:27 ty I][tuya_app_main.c:154] Device Free heap 145488[0m
[0;36;49m[03-10 07:19:27 ty I][tuya_app_main.c:212] Sync timestamp:1773127168[0m
[0;31;49m[03-10 07:19:28 ty E][tuya_iot.c:274] activate_response_parse error:-2[0m
[0;32;49m[03-10 07:19:29 ty D][tal_kv.c:270] lfs key not found: uuid372137b7e155c1c5.devid[0m
[0;32;49m[03-10 07:19:29 ty D][atop_service.c:210] POST JSON:{"token":"Ln8n94u7","softVer":"1.0.0","productKey":"xxxxxxxxxxxxxxxx","protocolVer":"2.3","baselineVer":"40.07","options": "{\"otaChannel\":0, \"isFK\":false}","devAttribute":2048,"cadVer":"1.0.3","cdVer":"1.0.0","t":1773127169}[0m
[0;32;49m[03-10 07:19:29 ty D][atop_base.c:417] TUYA_HTTPS_ATOP_URL: /d.json?[0m
[0;32;49m[03-10 07:19:29 ty D][atop_base.c:434] request url len:125: /d.json?a=thing.device.opensdk.active&et=3&t=1773127169&uuid=uuid372137b7e155c1c5&v=1.0&sign=e8b710ba7a7933814b293ecfeb4d1f46[0m
[0;32;49m[03-10 07:19:29 ty D][atop_base.c:448] atop_request_data_encode[0m
[0;32;49m[03-10 07:19:29 ty D][atop_base.c:457] out post data len:517, data:data=333966303562653130303938945BC983F2B57802EE41655D2990A49BA1B862AC085448994064CC61B5A5E80E5316742645E2267CE52FAD19E54BC5FA3B345D08C4ACF6764CF2D65618537CFD3F629828FBD267669760CEFEFEDBFAB02A6D451D1876FDA17EF88385A9B990E606509FF78581807E1BCCF26199E2E6261959A2D7546D33BD4B2665D74DFE74BE4A098CD3AFD0A6504F92D8E2F102A1C9F098169D566D943852D0F780B6E3A8EECED26CA3571CE41FBE2C1A2DE9E2A8AD6F38DAF92A67843663BBF5605D397C7460C8F2E4D3B1BC45670500859A70816C41A8939488B8D0AE49BD7A85F0087E5A738E135F0660CFAE6FFED519D4E0FA179476254F[0m
[0;32;49m[03-10 07:19:29 ty D][atop_base.c:469] http request send![0m
tkl_net_socket_create type(0), fd(1)!
[0;32;49m[03-10 07:19:29 ty D][tuya_tls.c:590] TUYA_TLS Begin Connect a2.tuyacn.com:443[0m
[0;32;49m[03-10 07:19:29 ty D][tuya_tls.c:341] mbedtls authmode: MBEDTLS_SSL_VERIFY_REQUIRED[0m
[0;32;49m[03-10 07:19:29 ty D][tuya_tls.c:354] load root ca cert.[0m
[0;32;49m[03-10 07:19:29 ty D][tuya_tls.c:661] socket fd is set. set to inner send/recv to handshake[0m
[0;32;49m[03-10 07:19:29 ty D][tuya_tls.c:323] mbedtls_cert_pkey_free.[0m
[0;32;49m[03-10 07:19:29 ty D][tuya_tls.c:702] handshake finish for a2.tuyacn.com. set send/recv to user set[0m
[0;32;49m[03-10 07:19:29 ty D][tuya_tls.c:708] TUYA_TLS Success Connect a2.tuyacn.com:443 Suit:TLS-ECDHE-RSA-WITH-AES-128-GCM-SHA256[0m
[0;32;49m[03-10 07:19:29 ty D][http_client_wrapper.c:119] tls connencted![0m
[0;32;49m[03-10 07:19:29 ty D][http_client_wrapper.c:147] http request send![0m
[0;32;49m[03-10 07:19:29 ty D][http_client_wrapper.c:40] HTTP header add key=User-Agent[0m
[0;32;49m[03-10 07:19:29 ty D][http_client_wrapper.c:40] HTTP header add key=Content-Type[0m
[0;32;49m[03-10 07:19:29 ty D][http_client_wrapper.c:51] Sending HTTP POST request to a2.tuyacn.com[0m
[0;32;49m[03-10 07:19:29 ty D][tls_transporter.c:122] tls transporter close socket fd:1[0m
[0;32;49m[03-10 07:19:29 ty D][tcp_transporter.c:200] tcp transporter close socket fd:1[0m
[0;32;49m[03-10 07:19:29 ty D][tls_transporter.c:130] tls transporter close tls handler:0x608ca798[0m
[0;32;49m[03-10 07:19:29 ty D][tuya_tls.c:819] TUYA_TLS Disconnect ENTER[0m
[0;32;49m[03-10 07:19:29 ty D][tuya_tls.c:844] TUYA_TLS Disconnect Success[0m
[0;32;49m[03-10 07:19:29 ty D][tuya_tls.c:511] tuya_tls_connect_destroy.[0m
[0;32;49m[03-10 07:19:29 ty D][atop_base.c:267] result:
{"t":1773127169,"success":false,"errorCode":"NOT_EXISTS","errorMsg":"Product Not exist"}[0m
[0;31;49m[03-10 07:19:29 ty E][atop_base.c:319] errorMsg:Product Not exist[0m
[0;32;49m[03-10 07:19:29 ty D][tuya_app_main.c:153] Tuya Event ID:12(TUYA_EVENT_TIMESTAMP_SYNC)[0m
[0;36;49m[03-10 07:19:29 ty I][tuya_app_main.c:154] Device Free heap 145488[0m
[0;36;49m[03-10 07:19:29 ty I][tuya_app_main.c:212] Sync timestamp:1773127169[0m
[0;31;49m[03-10 07:19:29 ty E][tuya_iot.c:274] activate_response_parse error:-2[0m
[0;32;49m[03-10 07:19:29 ty D][tuya_health.c:75] feed watchdog[0m
[0;32;49m[03-10 07:19:30 ty D][tal_kv.c:270] lfs key not found: uuid372137b7e155c1c5.devid[0m
[0;32;49m[03-10 07:19:30 ty D][atop_service.c:210] POST JSON:{"token":"Ln8n94u7","softVer":"1.0.0","productKey":"xxxxxxxxxxxxxxxx","protocolVer":"2.3","baselineVer":"40.07","options": "{\"otaChannel\":0, \"isFK\":false}","devAttribute":2048,"cadVer":"1.0.3","cdVer":"1.0.0","t":1773127170}[0m
[0;32;49m[03-10 07:19:30 ty D][atop_base.c:417] TUYA_HTTPS_ATOP_URL: /d.json?[0m
[0;32;49m[03-10 07:19:30 ty D][atop_base.c:434] request url len:125: /d.json?a=thing.device.opensdk.active&et=3&t=1773127170&uuid=uuid372137b7e155c1c5&v=1.0&sign=437a64f4a3081bf68cc7252e47fb5a29[0m
[0;32;49m[03-10 07:19:30 ty D][atop_base.c:448] atop_request_data_encode[0m
[0;32;49m[03-10 07:19:30 ty D][atop_base.c:457] out post data len:517, data:data=6334313531363733386134316DDAB1C2CB5965DF6EE95028916FC45A80966D060684236922E12243DEADD2980A4D71B837BCD9036977EFF649619376A5139C5CB6D5F5637C1EA1F737FDF72C66CAFE91ACD439749FC8B20CE084A7327861C4E34818C0B8E6768D20FC501D1FCB6AC7B3F2E151C11FFD75A9B9CB6005F5F3B6BF94817901FA920DEB3C741F4FA9152B7E04641863C34DAE98E9204CF34EDD7F58C7CC16099002E66CFF3B95E156D802B1A88544AF57AE9200AA3D011ED5847E9850E17457112ACE727C09B7C46B9D98EA8FF8FFB8C50E8430CD15F6240DBD584E7AC53C5A6B0564906BC6D0F4AC8B11120566C952FD4870F57AA6213AEF699D45[0m
[0;32;49m[03-10 07:19:30 ty D][atop_base.c:469] http request send![0m
tkl_net_socket_create type(0), fd(1)!
[0;32;49m[03-10 07:19:30 ty D][tuya_tls.c:590] TUYA_TLS Begin Connect a2.tuyacn.com:443[0m
[0;32;49m[03-10 07:19:30 ty D][tuya_tls.c:341] mbedtls authmode: MBEDTLS_SSL_VERIFY_REQUIRED[0m
[0;32;49m[03-10 07:19:30 ty D][tuya_tls.c:354] load root ca cert.[0m
[0;32;49m[03-10 07:19:30 ty D][tuya_tls.c:661] socket fd is set. set to inner send/recv to handshake[0m
[0;32;49m[03-10 07:19:30 ty D][tuya_tls.c:323] mbedtls_cert_pkey_free.[0m
[0;32;49m[03-10 07:19:30 ty D][tuya_tls.c:702] handshake finish for a2.tuyacn.com. set send/recv to user set[0m
[0;32;49m[03-10 07:19:30 ty D][tuya_tls.c:708] TUYA_TLS Success Connect a2.tuyacn.com:443 Suit:TLS-ECDHE-RSA-WITH-AES-128-GCM-SHA256[0m
[0;32;49m[03-10 07:19:30 ty D][http_client_wrapper.c:119] tls connencted![0m
[0;32;49m[03-10 07:19:30 ty D][http_client_wrapper.c:147] http request send![0m
[0;32;49m[03-10 07:19:30 ty D][http_client_wrapper.c:40] HTTP header add key=User-Agent[0m
[0;32;49m[03-10 07:19:30 ty D][http_client_wrapper.c:40] HTTP header add key=Content-Type[0m
[0;32;49m[03-10 07:19:30 ty D][http_client_wrapper.c:51] Sending HTTP POST request to a2.tuyacn.com[0m
[0;32;49m[03-10 07:19:30 ty D][tls_transporter.c:122] tls transporter close socket fd:1[0m
[0;32;49m[03-10 07:19:30 ty D][tcp_transporter.c:200] tcp transporter close socket fd:1[0m
[0;32;49m[03-10 07:19:30 ty D][tls_transporter.c:130] tls transporter close tls handler:0x608ca798[0m
[0;32;49m[03-10 07:19:30 ty D][tuya_tls.c:819] TUYA_TLS Disconnect ENTER[0m
[0;32;49m[03-10 07:19:30 ty D][tuya_tls.c:844] TUYA_TLS Disconnect Success[0m
[0;32;49m[03-10 07:19:30 ty D][tuya_tls.c:511] tuya_tls_connect_destroy.[0m
[0;32;49m[03-10 07:19:30 ty D][atop_base.c:267] result:
{"t":1773127171,"success":false,"errorCode":"NOT_EXISTS","errorMsg":"Product Not exist"}[0m
[0;31;49m[03-10 07:19:30 ty E][atop_base.c:319] errorMsg:Product Not exist[0m
[0;32;49m[03-10 07:19:30 ty D][tuya_app_main.c:153] Tuya Event ID:12(TUYA_EVENT_TIMESTAMP_SYNC)[0m
[0;36;49m[03-10 07:19:30 ty I][tuya_app_main.c:154] Device Free heap 145488[0m
[0;36;49m[03-10 07:19:30 ty I][tuya_app_main.c:212] Sync timestamp:1773127171[0m
[0;31;49m[03-10 07:19:31 ty E][tuya_iot.c:274] activate_response_parse error:-2[0m
[0;32;49m[03-10 07:19:32 ty D][tal_kv.c:270] lfs key not found: uuid372137b7e155c1c5.devid[0m
[0;32;49m[03-10 07:19:32 ty D][atop_service.c:210] POST JSON:{"token":"Ln8n94u7","softVer":"1.0.0","productKey":"xxxxxxxxxxxxxxxx","protocolVer":"2.3","baselineVer":"40.07","options": "{\"otaChannel\":0, \"isFK\":false}","devAttribute":2048,"cadVer":"1.0.3","cdVer":"1.0.0","t":1773127172}[0m
[0;32;49m[03-10 07:19:32 ty D][atop_base.c:417] TUYA_HTTPS_ATOP_URL: /d.json?[0m
[0;32;49m[03-10 07:19:32 ty D][atop_base.c:434] request url len:125: /d.json?a=thing.device.opensdk.active&et=3&t=1773127172&uuid=uuid372137b7e155c1c5&v=1.0&sign=22afc9b50d26589591be6b6d0679958b[0m
[0;32;49m[03-10 07:19:32 ty D][atop_base.c:448] atop_request_data_encode[0m
[0;32;49m[03-10 07:19:32 ty D][atop_base.c:457] out post data len:517, data:data=3564376466326135633533308F7BEED16AB1EFE0828543F9F8E05CCE9906BD8B130BC169040FC7C8145279A287533248122C356A19AD9AE0E4AE0B04AB0F90219E6913D52D18855B5F38426EF93C2B782B61D84A68FC52F567C94A3CE38E27EFAF039DAE56B6D721971FEB57B271DFD4732BA57E17446746279CC6EB2D1427C8EB7819B4F59DC00C6619475286BDD9A32BA30BF55D493A33703C5DC70D20E55C505BF2570E9B8B1B8C7F024DA9D3E1C33F05745FB03951D6343711D30A1DB7D74DBD66ACE29F7436CD393FA509A5519CFE852E138FE510EA04C1F3DA73D5AA3E42B408C52206478478DCC1D9CBE0417FB156F36FBEDC961C03CE960F89E37E91[0m
[0;32;49m[03-10 07:19:32 ty D][atop_base.c:469] http request send![0m
tkl_net_socket_create type(0), fd(1)!
[0;32;49m[03-10 07:19:32 ty D][tuya_tls.c:590] TUYA_TLS Begin Connect a2.tuyacn.com:443[0m
[0;32;49m[03-10 07:19:32 ty D][tuya_tls.c:341] mbedtls authmode: MBEDTLS_SSL_VERIFY_REQUIRED[0m
[0;32;49m[03-10 07:19:32 ty D][tuya_tls.c:354] load root ca cert.[0m
[0;32;49m[03-10 07:19:32 ty D][tuya_tls.c:661] socket fd is set. set to inner send/recv to handshake[0m
[0;32;49m[03-10 07:19:32 ty D][tuya_tls.c:323] mbedtls_cert_pkey_free.[0m
[0;32;49m[03-10 07:19:32 ty D][tuya_tls.c:702] handshake finish for a2.tuyacn.com. set send/recv to user set[0m
[0;32;49m[03-10 07:19:32 ty D][tuya_tls.c:708] TUYA_TLS Success Connect a2.tuyacn.com:443 Suit:TLS-ECDHE-RSA-WITH-AES-128-GCM-SHA256[0m
[0;32;49m[03-10 07:19:32 ty D][http_client_wrapper.c:119] tls connencted![0m
[0;32;49m[03-10 07:19:32 ty D][http_client_wrapper.c:147] http request send![0m
[0;32;49m[03-10 07:19:32 ty D][http_client_wrapper.c:40] HTTP header add key=User-Agent[0m
[0;32;49m[03-10 07:19:32 ty D][http_client_wrapper.c:40] HTTP header add key=Content-Type[0m
[0;32;49m[03-10 07:19:32 ty D][http_client_wrapper.c:51] Sending HTTP POST request to a2.tuyacn.com[0m
[0;32;49m[03-10 07:19:32 ty D][tls_transporter.c:122] tls transporter close socket fd:1[0m
[0;32;49m[03-10 07:19:32 ty D][tcp_transporter.c:200] tcp transporter close socket fd:1[0m
[0;32;49m[03-10 07:19:32 ty D][tls_transporter.c:130] tls transporter close tls handler:0x608ca798[0m
[0;32;49m[03-10 07:19:32 ty D][tuya_tls.c:819] TUYA_TLS Disconnect ENTER[0m
[0;32;49m[03-10 07:19:32 ty D][tuya_tls.c:844] TUYA_TLS Disconnect Success[0m
[0;32;49m[03-10 07:19:32 ty D][tuya_tls.c:511] tuya_tls_connect_destroy.[0m
[0;32;49m[03-10 07:19:32 ty D][atop_base.c:267] result:
{"t":1773127173,"success":false,"errorCode":"NOT_EXISTS","errorMsg":"Product Not exist"}[0m
[0;31;49m[03-10 07:19:32 ty E][atop_base.c:319] errorMsg:Product Not exist[0m
[0;32;49m[03-10 07:19:32 ty D][tuya_app_main.c:153] Tuya Event ID:12(TUYA_EVENT_TIMESTAMP_SYNC)[0m
[0;36;49m[03-10 07:19:32 ty I][tuya_app_main.c:154] Device Free heap 145488[0m
[0;36;49m[03-10 07:19:32 ty I][tuya_app_main.c:212] Sync timestamp:1773127173[0m
[0;31;49m[03-10 07:19:33 ty E][tuya_iot.c:274] activate_response_parse error:-2[0m
[0;32;49m[03-10 07:19:34 ty D][tal_kv.c:270] lfs key not found: uuid372137b7e155c1c5.devid[0m
[0;32;49m[03-10 07:19:34 ty D][atop_service.c:210] POST JSON:{"token":"Ln8n94u7","softVer":"1.0.0","productKey":"xxxxxxxxxxxxxxxx","protocolVer":"2.3","baselineVer":"40.07","options": "{\"otaChannel\":0, \"isFK\":false}","devAttribute":2048,"cadVer":"1.0.3","cdVer":"1.0.0","t":1773127174}[0m
[0;32;49m[03-10 07:19:34 ty D][atop_base.c:417] TUYA_HTTPS_ATOP_URL: /d.json?[0m
[0;32;49m[03-10 07:19:34 ty D][atop_base.c:434] request url len:125: /d.json?a=thing.device.opensdk.active&et=3&t=1773127174&uuid=uuid372137b7e155c1c5&v=1.0&sign=582601489713090123796017b19bf9dc[0m
[0;32;49m[03-10 07:19:34 ty D][atop_base.c:448] atop_request_data_encode[0m
[0;32;49m[03-10 07:19:34 ty D][atop_base.c:457] out post data len:517, data:data=3865663462613963633061341338627BD1F9C2A5658106891911DC963F58FC67396F427CEC14CC32C81A00BB413C487D7BAAD9DA3C787F831990AB91DE779558140C1986177093AB99BB900FAAC2DDE57423B370FD2A1846BA42484426DF84DE205887C5306EAAF0DF76791B8060C628E8969C72BE4F3F9F21B97822B9174D87C0EAD4BC0465ABF08DC0D37EF110DAD0F7F45D0A9AC5126A100D8D488A3237A1A368061EDA40495FF277C40A158361C9B3B11AD7B27F17708F6CFA9305063BEEE3263FA6FAF0BCEBCD37EAA0FD382A48761F4BD867AC052BA1F1833A538C206B30A98417B922606C91D7CE912669EBE75B6A4DAB5BE3B803BB705DF622B2D62B[0m
[0;32;49m[03-10 07:19:34 ty D][atop_base.c:469] http request send![0m
tkl_net_socket_create type(0), fd(1)!
[0;32;49m[03-10 07:19:34 ty D][tuya_tls.c:590] TUYA_TLS Begin Connect a2.tuyacn.com:443[0m
[0;32;49m[03-10 07:19:34 ty D][tuya_tls.c:341] mbedtls authmode: MBEDTLS_SSL_VERIFY_REQUIRED[0m
[0;32;49m[03-10 07:19:34 ty D][tuya_tls.c:354] load root ca cert.[0m
[0;32;49m[03-10 07:19:34 ty D][tuya_tls.c:661] socket fd is set. set to inner send/recv to handshake[0m
[0;32;49m[03-10 07:19:34 ty D][tuya_tls.c:323] mbedtls_cert_pkey_free.[0m
[0;32;49m[03-10 07:19:34 ty D][tuya_tls.c:702] handshake finish for a2.tuyacn.com. set send/recv to user set[0m
[0;32;49m[03-10 07:19:34 ty D][tuya_tls.c:708] TUYA_TLS Success Connect a2.tuyacn.com:443 Suit:TLS-ECDHE-RSA-WITH-AES-128-GCM-SHA256[0m
[0;32;49m[03-10 07:19:34 ty D][http_client_wrapper.c:119] tls connencted![0m
[0;32;49m[03-10 07:19:34 ty D][http_client_wrapper.c:147] http request send![0m
[0;32;49m[03-10 07:19:34 ty D][http_client_wrapper.c:40] HTTP header add key=User-Agent[0m
[0;32;49m[03-10 07:19:34 ty D][http_client_wrapper.c:40] HTTP header add key=Content-Type[0m
[0;32;49m[03-10 07:19:34 ty D][http_client_wrapper.c:51] Sending HTTP POST request to a2.tuyacn.com[0m
[0;32;49m[03-10 07:19:34 ty D][tls_transporter.c:122] tls transporter close socket fd:1[0m
[0;32;49m[03-10 07:19:34 ty D][tcp_transporter.c:200] tcp transporter close socket fd:1[0m
[0;32;49m[03-10 07:19:34 ty D][tls_transporter.c:130] tls transporter close tls handler:0x608ca798[0m
[0;32;49m[03-10 07:19:34 ty D][tuya_tls.c:819] TUYA_TLS Disconnect ENTER[0m
[0;32;49m[03-10 07:19:34 ty D][tuya_tls.c:844] TUYA_TLS Disconnect Success[0m
[0;32;49m[03-10 07:19:34 ty D][tuya_tls.c:511] tuya_tls_connect_destroy.[0m
[0;32;49m[03-10 07:19:34 ty D][atop_base.c:267] result:
{"t":1773127174,"success":false,"errorCode":"NOT_EXISTS","errorMsg":"Product Not exist"}[0m
[0;31;49m[03-10 07:19:34 ty E][atop_base.c:319] errorMsg:Product Not exist[0m
[0;32;49m[03-10 07:19:34 ty D][tuya_app_main.c:153] Tuya Event ID:12(TUYA_EVENT_TIMESTAMP_SYNC)[0m
[0;36;49m[03-10 07:19:34 ty I][tuya_app_main.c:154] Device Free heap 145488[0m
[0;36;49m[03-10 07:19:34 ty I][tuya_app_main.c:212] Sync timestamp:1773127174[0m
[0;31;49m[03-10 07:19:34 ty E][tuya_iot.c:274] activate_response_parse error:-2[0m
[0;32;49m[03-10 07:19:35 ty D][tal_kv.c:270] lfs key not found: uuid372137b7e155c1c5.devid[0m
[0;32;49m[03-10 07:19:35 ty D][atop_service.c:210] POST JSON:{"token":"Ln8n94u7","softVer":"1.0.0","productKey":"xxxxxxxxxxxxxxxx","protocolVer":"2.3","baselineVer":"40.07","options": "{\"otaChannel\":0, \"isFK\":false}","devAttribute":2048,"cadVer":"1.0.3","cdVer":"1.0.0","t":1773127175}[0m
[0;32;49m[03-10 07:19:35 ty D][atop_base.c:417] TUYA_HTTPS_ATOP_URL: /d.json?[0m
[0;32;49m[03-10 07:19:35 ty D][atop_base.c:434] request url len:125: /d.json?a=thing.device.opensdk.active&et=3&t=1773127175&uuid=uuid372137b7e155c1c5&v=1.0&sign=03ce0bd51fa3d07722f12297170475d7[0m
[0;32;49m[03-10 07:19:35 ty D][atop_base.c:448] atop_request_data_encode[0m
[0;32;49m[03-10 07:19:35 ty D][atop_base.c:457] out post data len:517, data:data=3864333864633136363931334E433A7989AAFA23DA440541BC2CA2E5FAD975A3DB95B0A4A2BFB9AC3AD5E801DB619572641F5E41576ED9360AB7213BECF4B3B9311D01529A811C3D803D3E0EF15A95BEF66B9C403B711CBDF2AE3C309A66197A3DD7B1EED76C0CD95B895BC25E52CC81F1B6BD53740B420D51B1799D6C383067567B61C146BA44B91FB375B39881778F7956D105FFDCBDEB71F1932002982132D7649FCA15A8429721E065CB39B5BB6917C19D9ABE6D9C7C7662C7D2EBC5D5B5F5A04CB9C0CE8F47EBB055AD3768A4243FBE66C29FC3E32C41C3B38EFA3AF290F8C0EB899CA089C90B97AC3BFA9599C5D74EFC54C741B245221A36689DDB0748[0m
[0;32;49m[03-10 07:19:35 ty D][atop_base.c:469] http request send![0m
tkl_net_socket_create type(0), fd(1)!
[0;32;49m[03-10 07:19:35 ty D][tuya_tls.c:590] TUYA_TLS Begin Connect a2.tuyacn.com:443[0m
[0;32;49m[03-10 07:19:35 ty D][tuya_tls.c:341] mbedtls authmode: MBEDTLS_SSL_VERIFY_REQUIRED[0m
[0;32;49m[03-10 07:19:35 ty D][tuya_tls.c:354] load root ca cert.[0m
[0;32;49m[03-10 07:19:35 ty D][tuya_tls.c:661] socket fd is set. set to inner send/recv to handshake[0m
[0;36;49m[03-10 07:19:35 ty I][ducky_claw_chat.c:52] Free heap size:145568, Free psram heap size:7386144[0m
[0;32;49m[03-10 07:19:35 ty D][tuya_tls.c:323] mbedtls_cert_pkey_free.[0m
[0;32;49m[03-10 07:19:35 ty D][tuya_tls.c:702] handshake finish for a2.tuyacn.com. set send/recv to user set[0m
[0;32;49m[03-10 07:19:35 ty D][tuya_tls.c:708] TUYA_TLS Success Connect a2.tuyacn.com:443 Suit:TLS-ECDHE-RSA-WITH-AES-128-GCM-SHA256[0m
[0;32;49m[03-10 07:19:35 ty D][http_client_wrapper.c:119] tls connencted![0m
[0;32;49m[03-10 07:19:35 ty D][http_client_wrapper.c:147] http request send![0m
[0;32;49m[03-10 07:19:35 ty D][http_client_wrapper.c:40] HTTP header add key=User-Agent[0m
[0;32;49m[03-10 07:19:35 ty D][http_client_wrapper.c:40] HTTP header add key=Content-Type[0m
[0;32;49m[03-10 07:19:35 ty D][http_client_wrapper.c:51] Sending HTTP POST request to a2.tuyacn.com[0m
[0;32;49m[03-10 07:19:35 ty D][tls_transporter.c:122] tls transporter close socket fd:1[0m
[0;32;49m[03-10 07:19:35 ty D][tcp_transporter.c:200] tcp transporter close socket fd:1[0m
[0;32;49m[03-10 07:19:35 ty D][tls_transporter.c:130] tls transporter close tls handler:0x608ca798[0m
[0;32;49m[03-10 07:19:35 ty D][tuya_tls.c:819] TUYA_TLS Disconnect ENTER[0m
[0;32;49m[03-10 07:19:35 ty D][tuya_tls.c:844] TUYA_TLS Disconnect Success[0m
[0;32;49m[03-10 07:19:35 ty D][tuya_tls.c:511] tuya_tls_connect_destroy.[0m
[0;32;49m[03-10 07:19:35 ty D][atop_base.c:267] result:
{"t":1773127176,"success":false,"errorCode":"NOT_EXISTS","errorMsg":"Product Not exist"}[0m
[0;31;49m[03-10 07:19:35 ty E][atop_base.c:319] errorMsg:Product Not exist[0m
[0;32;49m[03-10 07:19:35 ty D][tuya_app_main.c:153] Tuya Event ID:12(TUYA_EVENT_TIMESTAMP_SYNC)[0m
[0;36;49m[03-10 07:19:35 ty I][tuya_app_main.c:154] Device Free heap 145488[0m
[0;36;49m[03-10 07:19:35 ty I][tuya_app_main.c:212] Sync timestamp:1773127176[0m
[0;31;49m[03-10 07:19:36 ty E][tuya_iot.c:274] activate_response_parse error:-2[0m
[0;32;49m[03-10 07:19:37 ty D][tal_kv.c:270] lfs key not found: uuid372137b7e155c1c5.devid[0m
[0;32;49m[03-10 07:19:37 ty D][atop_service.c:210] POST JSON:{"token":"Ln8n94u7","softVer":"1.0.0","productKey":"xxxxxxxxxxxxxxxx","protocolVer":"2.3","baselineVer":"40.07","options": "{\"otaChannel\":0, \"isFK\":false}","devAttribute":2048,"cadVer":"1.0.3","cdVer":"1.0.0","t":1773127177}[0m
[0;32;49m[03-10 07:19:37 ty D][atop_base.c:417] TUYA_HTTPS_ATOP_URL: /d.json?[0m
[0;32;49m[03-10 07:19:37 ty D][atop_base.c:434] request url len:125: /d.json?a=thing.device.opensdk.active&et=3&t=1773127177&uuid=uuid372137b7e155c1c5&v=1.0&sign=84a70b1db1d3c66719758a99b3fb1f35[0m
[0;32;49m[03-10 07:19:37 ty D][atop_base.c:448] atop_request_data_encode[0m
[0;32;49m[03-10 07:19:37 ty D][atop_base.c:457] out post data len:517, data:data=323838313135623632336133F3D1B7C4A9A8A697751ADBD08E04F93CEB782D151D246BB94D85DC7F93269E44F99850F600EC8BA7431E1C41746A9C511691C3A41EF0C9E91365912D933F2734F040EA51F9336D504937575861B5425479654E7DAE335F14513CC0C3E9716F7A05F81D00D983ADF24D82886DF56C6D39D5342AE11E737983AF838EA08CCD05C570FB0A2ACF6C7647956EB85F7B93A2C72B6C8A71FCBAB67788A3DA90F3D772D35268CA975CC64B7E29F7CBF8E0CBB5EED4351A251AB675BA4FF54B978BD96C1C6784F3A359BAB3B092FCD5F3D0DBE92A9688A40667E2EC172CB4A249D9C55C43638D6952A4A7A4B725761D3CAE3E3CFCDEC20B5B[0m
[0;32;49m[03-10 07:19:37 ty D][atop_base.c:469] http request send![0m
tkl_net_socket_create type(0), fd(1)!
[0;32;49m[03-10 07:19:37 ty D][tuya_tls.c:590] TUYA_TLS Begin Connect a2.tuyacn.com:443[0m
[0;32;49m[03-10 07:19:37 ty D][tuya_tls.c:341] mbedtls authmode: MBEDTLS_SSL_VERIFY_REQUIRED[0m
[0;32;49m[03-10 07:19:37 ty D][tuya_tls.c:354] load root ca cert.[0m
[0;32;49m[03-10 07:19:37 ty D][tuya_tls.c:661] socket fd is set. set to inner send/recv to handshake[0m
[0;32;49m[03-10 07:19:37 ty D][tuya_tls.c:323] mbedtls_cert_pkey_free.[0m
[0;32;49m[03-10 07:19:37 ty D][tuya_tls.c:702] handshake finish for a2.tuyacn.com. set send/recv to user set[0m
[0;32;49m[03-10 07:19:37 ty D][tuya_tls.c:708] TUYA_TLS Success Connect a2.tuyacn.com:443 Suit:TLS-ECDHE-RSA-WITH-AES-128-GCM-SHA256[0m
[0;32;49m[03-10 07:19:37 ty D][http_client_wrapper.c:119] tls connencted![0m
[0;32;49m[03-10 07:19:37 ty D][http_client_wrapper.c:147] http request send![0m
[0;32;49m[03-10 07:19:37 ty D][http_client_wrapper.c:40] HTTP header add key=User-Agent[0m
[0;32;49m[03-10 07:19:37 ty D][http_client_wrapper.c:40] HTTP header add key=Content-Type[0m
[0;32;49m[03-10 07:19:37 ty D][http_client_wrapper.c:51] Sending HTTP POST request to a2.tuyacn.com[0m
[0;32;49m[03-10 07:19:37 ty D][tls_transporter.c:122] tls transporter close socket fd:1[0m
[0;32;49m[03-10 07:19:37 ty D][tcp_transporter.c:200] tcp transporter close socket fd:1[0m
[0;32;49m[03-10 07:19:37 ty D][tls_transporter.c:130] tls transporter close tls handler:0x608ca798[0m
[0;32;49m[03-10 07:19:37 ty D][tuya_tls.c:819] TUYA_TLS Disconnect ENTER[0m
[0;32;49m[03-10 07:19:37 ty D][tuya_tls.c:844] TUYA_TLS Disconnect Success[0m
[0;32;49m[03-10 07:19:37 ty D][tuya_tls.c:511] tuya_tls_connect_destroy.[0m
[0;32;49m[03-10 07:19:37 ty D][atop_base.c:267] result:
{"t":1773127177,"success":false,"errorCode":"NOT_EXISTS","errorMsg":"Product Not exist"}[0m
[0;31;49m[03-10 07:19:37 ty E][atop_base.c:319] errorMsg:Product Not exist[0m
[0;32;49m[03-10 07:19:37 ty D][tuya_app_main.c:153] Tuya Event ID:12(TUYA_EVENT_TIMESTAMP_SYNC)[0m
[0;36;49m[03-10 07:19:37 ty I][tuya_app_main.c:154] Device Free heap 145488[0m
[0;36;49m[03-10 07:19:37 ty I][tuya_app_main.c:212] Sync timestamp:1773127177[0m
[0;31;49m[03-10 07:19:37 ty E][tuya_iot.c:274] activate_response_parse error:-2[0m
[0;32;49m[03-10 07:19:38 ty D][tal_kv.c:270] lfs key not found: uuid372137b7e155c1c5.devid[0m
[0;32;49m[03-10 07:19:38 ty D][atop_service.c:210] POST JSON:{"token":"Ln8n94u7","softVer":"1.0.0","productKey":"xxxxxxxxxxxxxxxx","protocolVer":"2.3","baselineVer":"40.07","options": "{\"otaChannel\":0, \"isFK\":false}","devAttribute":2048,"cadVer":"1.0.3","cdVer":"1.0.0","t":1773127178}[0m
[0;32;49m[03-10 07:19:38 ty D][atop_base.c:417] TUYA_HTTPS_ATOP_URL: /d.json?[0m
[0;32;49m[03-10 07:19:38 ty D][atop_base.c:434] request url len:125: /d.json?a=thing.device.opensdk.active&et=3&t=1773127178&uuid=uuid372137b7e155c1c5&v=1.0&sign=269251ab4cdae43f2d2e86650e52a566[0m
[0;32;49m[03-10 07:19:38 ty D][atop_base.c:448] atop_request_data_encode[0m
[0;32;49m[03-10 07:19:38 ty D][atop_base.c:457] out post data len:517, data:data=62393638626531616237353447F09F71A7BEFB01FD0FFEA64ED41E0DE4AC1388277EFB3668109524C10B65D2EFE7AF3F53502F8C29DAE8F3EAF4101E8280ABD66A482B80826321793B0AAE613B7E415BF81E3CBFB5C8E241E122A6EF9A00AC9E026DC47D010163CFDD541CD1FC7B1281E8D3ED6AAD4640802D13B3871E1A29BBDC5CF78A38970EC55AE79FC5E66F05584BE38E77D0514D3467001127F686AF12BF4FC962D6F6D245B0372E2279EE44DB9E299438820E3C1D0D0314C67BA26167F5755DC6FD7058DF91C4629329E8F5979984E889126742771EA48FA6C92D672449B5D90BAC988D60A89DFF82A6771184D884BD3BEC337BD96AE190141B57FA12[0m
[0;32;49m[03-10 07:19:38 ty D][atop_base.c:469] http request send![0m
tkl_net_socket_create type(0), fd(1)!
[0;32;49m[03-10 07:19:38 ty D][tuya_tls.c:590] TUYA_TLS Begin Connect a2.tuyacn.com:443[0m
[0;32;49m[03-10 07:19:38 ty D][tuya_tls.c:341] mbedtls authmode: MBEDTLS_SSL_VERIFY_REQUIRED[0m
[0;32;49m[03-10 07:19:38 ty D][tuya_tls.c:354] load root ca cert.[0m
[0;32;49m[03-10 07:19:38 ty D][tuya_tls.c:661] socket fd is set. set to inner send/recv to handshake[0m
[0;32;49m[03-10 07:19:38 ty D][tuya_tls.c:323] mbedtls_cert_pkey_free.[0m
[0;32;49m[03-10 07:19:38 ty D][tuya_tls.c:702] handshake finish for a2.tuyacn.com. set send/recv to user set[0m
[0;32;49m[03-10 07:19:38 ty D][tuya_tls.c:708] TUYA_TLS Success Connect a2.tuyacn.com:443 Suit:TLS-ECDHE-RSA-WITH-AES-128-GCM-SHA256[0m
[0;32;49m[03-10 07:19:38 ty D][http_client_wrapper.c:119] tls connencted![0m
[0;32;49m[03-10 07:19:38 ty D][http_client_wrapper.c:147] http request send![0m
[0;32;49m[03-10 07:19:38 ty D][http_client_wrapper.c:40] HTTP header add key=User-Agent[0m
[0;32;49m[03-10 07:19:38 ty D][http_client_wrapper.c:40] HTTP header add key=Content-Type[0m
[0;32;49m[03-10 07:19:38 ty D][http_client_wrapper.c:51] Sending HTTP POST request to a2.tuyacn.com[0m
[0;32;49m[03-10 07:19:38 ty D][tls_transporter.c:122] tls transporter close socket fd:1[0m
[0;32;49m[03-10 07:19:38 ty D][tcp_transporter.c:200] tcp transporter close socket fd:1[0m
[0;32;49m[03-10 07:19:38 ty D][tls_transporter.c:130] tls transporter close tls handler:0x608ca798[0m
[0;32;49m[03-10 07:19:38 ty D][tuya_tls.c:819] TUYA_TLS Disconnect ENTER[0m
[0;32;49m[03-10 07:19:38 ty D][tuya_tls.c:844] TUYA_TLS Disconnect Success[0m
[0;32;49m[03-10 07:19:38 ty D][tuya_tls.c:511] tuya_tls_connect_destroy.[0m
[0;32;49m[03-10 07:19:38 ty D][atop_base.c:267] result:
{"t":1773127179,"success":false,"errorCode":"NOT_EXISTS","errorMsg":"Product Not exist"}[0m
[0;31;49m[03-10 07:19:38 ty E][atop_base.c:319] errorMsg:Product Not exist[0m
[0;32;49m[03-10 07:19:38 ty D][tuya_app_main.c:153] Tuya Event ID:12(TUYA_EVENT_TIMESTAMP_SYNC)[0m
[0;36;49m[03-10 07:19:38 ty I][tuya_app_main.c:154] Device Free heap 145488[0m
[0;36;49m[03-10 07:19:38 ty I][tuya_app_main.c:212] Sync timestamp:1773127179[0m
[0;31;49m[03-10 07:19:39 ty E][tuya_iot.c:274] activate_response_parse error:-2[0m
[0;32;49m[03-10 07:19:39 ty D][tuya_health.c:75] feed watchdog[0m
[0;32;49m[03-10 07:19:40 ty D][tal_kv.c:270] lfs key not found: uuid372137b7e155c1c5.devid[0m
[0;32;49m[03-10 07:19:40 ty D][atop_service.c:210] POST JSON:{"token":"Ln8n94u7","softVer":"1.0.0","productKey":"xxxxxxxxxxxxxxxx","protocolVer":"2.3","baselineVer":"40.07","options": "{\"otaChannel\":0, \"isFK\":false}","devAttribute":2048,"cadVer":"1.0.3","cdVer":"1.0.0","t":1773127180}[0m
[0;32;49m[03-10 07:19:40 ty D][atop_base.c:417] TUYA_HTTPS_ATOP_URL: /d.json?[0m
[0;32;49m[03-10 07:19:40 ty D][atop_base.c:434] request url len:125: /d.json?a=thing.device.opensdk.active&et=3&t=1773127180&uuid=uuid372137b7e155c1c5&v=1.0&sign=88f5c0352cd19564b5f152fc8e7ab99e[0m
[0;32;49m[03-10 07:19:40 ty D][atop_base.c:448] atop_request_data_encode[0m
[0;32;49m[03-10 07:19:40 ty D][atop_base.c:457] out post data len:517, data:data=303264343032626630353166D7B482087D689E14DCD23B1DE6329A07145071907343B68DB8F5CCB192C14F408F2CF2A0C61C433F6C527551E3D46256401C1CB957FB066ED06650EA888C3E74242BC274CE82F87CA03561628BDA78276E886391B08E6576E39189F738521D62953B491085882F57474D9AA2332219D95096FBC23B3257825EB3C886666DD8C58BD7C1DC3F142F715A5DA860ADE6FD933AD34B3E72EA2C5A6D9DF92D75698A8C40156D3B0FE24841D46F8077ED7C186D60C1C6A3A68B6E3D67CEB100AD8FFE623B1DC90F47F71E8F447E950372DBF92E1F066255615D4D2B3C1B8E11398633E7609F10D6EFCE5C6FFBDE72353E9996A5D1F180CE[0m
[0;32;49m[03-10 07:19:40 ty D][atop_base.c:469] http request send![0m
tkl_net_socket_create type(0), fd(1)!
[0;32;49m[03-10 07:19:40 ty D][tuya_tls.c:590] TUYA_TLS Begin Connect a2.tuyacn.com:443[0m
[0;32;49m[03-10 07:19:40 ty D][tuya_tls.c:341] mbedtls authmode: MBEDTLS_SSL_VERIFY_REQUIRED[0m
[0;32;49m[03-10 07:19:40 ty D][tuya_tls.c:354] load root ca cert.[0m
[0;32;49m[03-10 07:19:40 ty D][tuya_tls.c:661] socket fd is set. set to inner send/recv to handshake[0m
[0;32;49m[03-10 07:19:40 ty D][tuya_tls.c:323] mbedtls_cert_pkey_free.[0m
[0;32;49m[03-10 07:19:40 ty D][tuya_tls.c:702] handshake finish for a2.tuyacn.com. set send/recv to user set[0m
[0;32;49m[03-10 07:19:40 ty D][tuya_tls.c:708] TUYA_TLS Success Connect a2.tuyacn.com:443 Suit:TLS-ECDHE-RSA-WITH-AES-128-GCM-SHA256[0m
[0;32;49m[03-10 07:19:40 ty D][http_client_wrapper.c:119] tls connencted![0m
[0;32;49m[03-10 07:19:40 ty D][http_client_wrapper.c:147] http request send![0m
[0;32;49m[03-10 07:19:40 ty D][http_client_wrapper.c:40] HTTP header add key=User-Agent[0m
[0;32;49m[03-10 07:19:40 ty D][http_client_wrapper.c:40] HTTP header add key=Content-Type[0m
[0;32;49m[03-10 07:19:40 ty D][http_client_wrapper.c:51] Sending HTTP POST request to a2.tuyacn.com[0m
[0;32;49m[03-10 07:19:40 ty D][tls_transporter.c:122] tls transporter close socket fd:1[0m
[0;32;49m[03-10 07:19:40 ty D][tcp_transporter.c:200] tcp transporter close socket fd:1[0m
[0;32;49m[03-10 07:19:40 ty D][tls_transporter.c:130] tls transporter close tls handler:0x608ca798[0m
[0;32;49m[03-10 07:19:40 ty D][tuya_tls.c:819] TUYA_TLS Disconnect ENTER[0m
[0;32;49m[03-10 07:19:40 ty D][tuya_tls.c:844] TUYA_TLS Disconnect Success[0m
[0;32;49m[03-10 07:19:40 ty D][tuya_tls.c:511] tuya_tls_connect_destroy.[0m
[0;32;49m[03-10 07:19:40 ty D][atop_base.c:267] result:
{"t":1773127180,"success":false,"errorCode":"NOT_EXISTS","errorMsg":"Product Not exist"}[0m
[0;31;49m[03-10 07:19:40 ty E][atop_base.c:319] errorMsg:Product Not exist[0m
[0;32;49m[03-10 07:19:40 ty D][tuya_app_main.c:153] Tuya Event ID:12(TUYA_EVENT_TIMESTAMP_SYNC)[0m
[0;36;49m[03-10 07:19:40 ty I][tuya_app_main.c:154] Device Free heap 145488[0m
[0;36;49m[03-10 07:19:40 ty I][tuya_app_main.c:212] Sync timestamp:1773127180[0m
[0;31;49m[03-10 07:19:40 ty E][tuya_iot.c:274] activate_response_parse error:-2[0m
[0;32;49m[03-10 07:19:41 ty D][tal_kv.c:270] lfs key not found: uuid372137b7e155c1c5.devid[0m
[0;32;49m[03-10 07:19:41 ty D][atop_service.c:210] POST JSON:{"token":"Ln8n94u7","softVer":"1.0.0","productKey":"xxxxxxxxxxxxxxxx","protocolVer":"2.3","baselineVer":"40.07","options": "{\"otaChannel\":0, \"isFK\":false}","devAttribute":2048,"cadVer":"1.0.3","cdVer":"1.0.0","t":1773127181}[0m
[0;32;49m[03-10 07:19:41 ty D][atop_base.c:417] TUYA_HTTPS_ATOP_URL: /d.json?[0m
[0;32;49m[03-10 07:19:41 ty D][atop_base.c:434] request url len:125: /d.json?a=thing.device.opensdk.active&et=3&t=1773127181&uuid=uuid372137b7e155c1c5&v=1.0&sign=a1aaf7b7a5aa24d7e303c6332bb093c9[0m
[0;32;49m[03-10 07:19:41 ty D][atop_base.c:448] atop_request_data_encode[0m
[0;32;49m[03-10 07:19:41 ty D][atop_base.c:457] out post data len:517, data:data=333439303833383634353864F178E18568FB9EA8935753A121854FAB3CECC3A6E95E92288C5D844EE21B36D4BBEFC29D8B7109585D86F4B2BAFD45FA298F65524A4360ABBCD19A44D6D1333960CDBEA2F9FE3878EB0CA3DD2FDC08835A4135348B80775E7DB1B019E82A19C066F0359181E51387D8E6DB127655A422FBEC429DDB2E7276FDB8459227B571594159E03509FF9D81E844EBE3B4005DD6B2201F9DA4F7975DCB0633BBB9C72381910221FA14D047FF8BA52036545F387D0D9F03DDAB204664131462707937215DE8A85733E84F76FD58D8523FE7A2C7D9889F7D61EC75637EDAB134FE7862A31DA4522E2E0CBD63BA6EFC1BFF89140992A499F024[0m
[0;32;49m[03-10 07:19:41 ty D][atop_base.c:469] http request send![0m
tkl_net_socket_create type(0), fd(1)!
[0;32;49m[03-10 07:19:41 ty D][tuya_tls.c:590] TUYA_TLS Begin Connect a2.tuyacn.com:443[0m
[0;32;49m[03-10 07:19:41 ty D][tuya_tls.c:341] mbedtls authmode: MBEDTLS_SSL_VERIFY_REQUIRED[0m
[0;32;49m[03-10 07:19:41 ty D][tuya_tls.c:354] load root ca cert.[0m
[0;32;49m[03-10 07:19:41 ty D][tuya_tls.c:661] socket fd is set. set to inner send/recv to handshake[0m
[0;32;49m[03-10 07:19:41 ty D][tuya_tls.c:323] mbedtls_cert_pkey_free.[0m
[0;32;49m[03-10 07:19:41 ty D][tuya_tls.c:702] handshake finish for a2.tuyacn.com. set send/recv to user set[0m
[0;32;49m[03-10 07:19:41 ty D][tuya_tls.c:708] TUYA_TLS Success Connect a2.tuyacn.com:443 Suit:TLS-ECDHE-RSA-WITH-AES-128-GCM-SHA256[0m
[0;32;49m[03-10 07:19:41 ty D][http_client_wrapper.c:119] tls connencted![0m
[0;32;49m[03-10 07:19:41 ty D][http_client_wrapper.c:147] http request send![0m
[0;32;49m[03-10 07:19:41 ty D][http_client_wrapper.c:40] HTTP header add key=User-Agent[0m
[0;32;49m[03-10 07:19:41 ty D][http_client_wrapper.c:40] HTTP header add key=Content-Type[0m
[0;32;49m[03-10 07:19:41 ty D][http_client_wrapper.c:51] Sending HTTP POST request to a2.tuyacn.com[0m
[0;32;49m[03-10 07:19:41 ty D][tls_transporter.c:122] tls transporter close socket fd:1[0m
[0;32;49m[03-10 07:19:41 ty D][tcp_transporter.c:200] tcp transporter close socket fd:1[0m
[0;32;49m[03-10 07:19:41 ty D][tls_transporter.c:130] tls transporter close tls handler:0x608ca798[0m
[0;32;49m[03-10 07:19:41 ty D][tuya_tls.c:819] TUYA_TLS Disconnect ENTER[0m
[0;32;49m[03-10 07:19:41 ty D][tuya_tls.c:844] TUYA_TLS Disconnect Success[0m
[0;32;49m[03-10 07:19:41 ty D][tuya_tls.c:511] tuya_tls_connect_destroy.[0m
[0;32;49m[03-10 07:19:41 ty D][atop_base.c:267] result:
{"t":1773127182,"success":false,"errorCode":"NOT_EXISTS","errorMsg":"Product Not exist"}[0m
[0;31;49m[03-10 07:19:41 ty E][atop_base.c:319] errorMsg:Product Not exist[0m
[0;32;49m[03-10 07:19:41 ty D][tuya_app_main.c:153] Tuya Event ID:12(TUYA_EVENT_TIMESTAMP_SYNC)[0m
[0;36;49m[03-10 07:19:41 ty I][tuya_app_main.c:154] Device Free heap 145488[0m
[0;36;49m[03-10 07:19:41 ty I][tuya_app_main.c:212] Sync timestamp:1773127182[0m
[0;31;49m[03-10 07:19:42 ty E][tuya_iot.c:274] activate_response_parse error:-2[0m
[0;32;49m[03-10 07:19:43 ty D][tal_kv.c:270] lfs key not found: uuid372137b7e155c1c5.devid[0m
[0;32;49m[03-10 07:19:43 ty D][atop_service.c:210] POST JSON:{"token":"Ln8n94u7","softVer":"1.0.0","productKey":"xxxxxxxxxxxxxxxx","protocolVer":"2.3","baselineVer":"40.07","options": "{\"otaChannel\":0, \"isFK\":false}","devAttribute":2048,"cadVer":"1.0.3","cdVer":"1.0.0","t":1773127183}[0m
[0;32;49m[03-10 07:19:43 ty D][atop_base.c:417] TUYA_HTTPS_ATOP_URL: /d.json?[0m
[0;32;49m[03-10 07:19:43 ty D][atop_base.c:434] request url len:125: /d.json?a=thing.device.opensdk.active&et=3&t=1773127183&uuid=uuid372137b7e155c1c5&v=1.0&sign=ebe155ee0eeca6228ddac6273b36960f[0m
[0;32;49m[03-10 07:19:43 ty D][atop_base.c:448] atop_request_data_encode[0m
[0;32;49m[03-10 07:19:43 ty D][atop_base.c:457] out post data len:517, data:data=3266336166623037363963339D13EF96C645683F301ED9BCB56F9A17BED84F3AB474E6F8937EA4483855B81AB23C9685BCB4562D5B43F43BF9ECD3647693C3859B3974E88B657B9D41A0B0A41348BFD92B591571E4A4C71DCD16F11304BE0EA358EA9E49CE41134040F1DB139C2E34FA21E69507FBD186CB00E40DF15DCD9A0B0530EFA215A701480FA34FA442DDBA953005CFF9D625658102C18E639D4990ACEF2784AE85F756E1F823C60B435FD60C6A2D0B8AA93D4D5CC916252C6B298CC4BD380F47C2BC4634E53CA4247D92D4F1ED14A6B20F2CE39EA6392EA93B41CAFB2FA702FC170140B2B834C7EC8DA26535B23E5CA3F1A17EE21AD00E17C04689C9[0m
[0;32;49m[03-10 07:19:43 ty D][atop_base.c:469] http request send![0m
tkl_net_socket_create type(0), fd(1)!
[0;32;49m[03-10 07:19:43 ty D][tuya_tls.c:590] TUYA_TLS Begin Connect a2.tuyacn.com:443[0m
[0;32;49m[03-10 07:19:43 ty D][tuya_tls.c:341] mbedtls authmode: MBEDTLS_SSL_VERIFY_REQUIRED[0m
[0;32;49m[03-10 07:19:43 ty D][tuya_tls.c:354] load root ca cert.[0m
[0;32;49m[03-10 07:19:43 ty D][tuya_tls.c:661] socket fd is set. set to inner send/recv to handshake[0m
[0;32;49m[03-10 07:19:43 ty D][tuya_tls.c:323] mbedtls_cert_pkey_free.[0m
[0;32;49m[03-10 07:19:43 ty D][tuya_tls.c:702] handshake finish for a2.tuyacn.com. set send/recv to user set[0m
[0;32;49m[03-10 07:19:43 ty D][tuya_tls.c:708] TUYA_TLS Success Connect a2.tuyacn.com:443 Suit:TLS-ECDHE-RSA-WITH-AES-128-GCM-SHA256[0m
[0;32;49m[03-10 07:19:43 ty D][http_client_wrapper.c:119] tls connencted![0m
[0;32;49m[03-10 07:19:43 ty D][http_client_wrapper.c:147] http request send![0m
[0;32;49m[03-10 07:19:43 ty D][http_client_wrapper.c:40] HTTP header add key=User-Agent[0m
[0;32;49m[03-10 07:19:43 ty D][http_client_wrapper.c:40] HTTP header add key=Content-Type[0m
[0;32;49m[03-10 07:19:43 ty D][http_client_wrapper.c:51] Sending HTTP POST request to a2.tuyacn.com[0m
[0;32;49m[03-10 07:19:43 ty D][tls_transporter.c:122] tls transporter close socket fd:1[0m
[0;32;49m[03-10 07:19:43 ty D][tcp_transporter.c:200] tcp transporter close socket fd:1[0m
[0;32;49m[03-10 07:19:43 ty D][tls_transporter.c:130] tls transporter close tls handler:0x608ca798[0m
[0;32;49m[03-10 07:19:43 ty D][tuya_tls.c:819] TUYA_TLS Disconnect ENTER[0m
[0;32;49m[03-10 07:19:43 ty D][tuya_tls.c:844] TUYA_TLS Disconnect Success[0m
[0;32;49m[03-10 07:19:43 ty D][tuya_tls.c:511] tuya_tls_connect_destroy.[0m
[0;32;49m[03-10 07:19:43 ty D][atop_base.c:267] result:
{"t":1773127183,"success":false,"errorCode":"NOT_EXISTS","errorMsg":"Product Not exist"}[0m
[0;31;49m[03-10 07:19:43 ty E][atop_base.c:319] errorMsg:Product Not exist[0m
[0;32;49m[03-10 07:19:43 ty D][tuya_app_main.c:153] Tuya Event ID:12(TUYA_EVENT_TIMESTAMP_SYNC)[0m
[0;36;49m[03-10 07:19:43 ty I][tuya_app_main.c:154] Device Free heap 145488[0m
[0;36;49m[03-10 07:19:43 ty I][tuya_app_main.c:212] Sync timestamp:1773127183[0m
[0;31;49m[03-10 07:19:43 ty E][tuya_iot.c:274] activate_response_parse error:-2[0m
[0;32;49m[03-10 07:19:44 ty D][tal_kv.c:270] lfs key not found: uuid372137b7e155c1c5.devid[0m
[0;32;49m[03-10 07:19:44 ty D][atop_service.c:210] POST JSON:{"token":"Ln8n94u7","softVer":"1.0.0","productKey":"xxxxxxxxxxxxxxxx","protocolVer":"2.3","baselineVer":"40.07","options": "{\"otaChannel\":0, \"isFK\":false}","devAttribute":2048,"cadVer":"1.0.3","cdVer":"1.0.0","t":1773127184}[0m
[0;32;49m[03-10 07:19:44 ty D][atop_base.c:417] TUYA_HTTPS_ATOP_URL: /d.json?[0m
[0;32;49m[03-10 07:19:44 ty D][atop_base.c:434] request url len:125: /d.json?a=thing.device.opensdk.active&et=3&t=1773127184&uuid=uuid372137b7e155c1c5&v=1.0&sign=70283621e3cfa6ba0e6bfc6fc0b3ea79[0m
[0;32;49m[03-10 07:19:44 ty D][atop_base.c:448] atop_request_data_encode[0m
[0;32;49m[03-10 07:19:44 ty D][atop_base.c:457] out post data len:517, data:data=306461323037633939636636D690DFD0F06B355DCEEF6A52BACA58F5C664F1044FBC25C66C311C1CE517456D7B7656BB882D4A87368820A7B7137C2808BF378D0807E74345766610DA683AA277055E447B8832360493D1F3B895890D30BE0990F516087025A5A2F0660D4EA58AFAA3F15DB375A32E5FC1DB6F49A178C37E25F1A6CA2F56DD6700DDAF7C86FAD5DAB535625494C4327ED086ED7880107F8EEB9B6B0D94E046503EE04932A203D243D60486E9A9C6A9922DC3DFEE47FA8EC80C96586581DD2E20ED451D17072265FBEA47872EC35CCA91CBC01F93FC69F6E265A2A221149DA867889FF4D3CFD1FF08B67DA4DC8C77FC35CC3CDAA8CD6AA15CA6E3[0m
[0;32;49m[03-10 07:19:44 ty D][atop_base.c:469] http request send![0m
tkl_net_socket_create type(0), fd(1)!
[0;32;49m[03-10 07:19:44 ty D][tuya_tls.c:590] TUYA_TLS Begin Connect a2.tuyacn.com:443[0m
[0;32;49m[03-10 07:19:44 ty D][tuya_tls.c:341] mbedtls authmode: MBEDTLS_SSL_VERIFY_REQUIRED[0m
[0;32;49m[03-10 07:19:44 ty D][tuya_tls.c:354] load root ca cert.[0m
[0;32;49m[03-10 07:19:44 ty D][tuya_tls.c:661] socket fd is set. set to inner send/recv to handshake[0m
[0;32;49m[03-10 07:19:44 ty D][tuya_tls.c:323] mbedtls_cert_pkey_free.[0m
[0;32;49m[03-10 07:19:44 ty D][tuya_tls.c:702] handshake finish for a2.tuyacn.com. set send/recv to user set[0m
[0;32;49m[03-10 07:19:44 ty D][tuya_tls.c:708] TUYA_TLS Success Connect a2.tuyacn.com:443 Suit:TLS-ECDHE-RSA-WITH-AES-128-GCM-SHA256[0m
[0;32;49m[03-10 07:19:44 ty D][http_client_wrapper.c:119] tls connencted![0m
[0;32;49m[03-10 07:19:44 ty D][http_client_wrapper.c:147] http request send![0m
[0;32;49m[03-10 07:19:44 ty D][http_client_wrapper.c:40] HTTP header add key=User-Agent[0m
[0;32;49m[03-10 07:19:44 ty D][http_client_wrapper.c:40] HTTP header add key=Content-Type[0m
[0;32;49m[03-10 07:19:44 ty D][http_client_wrapper.c:51] Sending HTTP POST request to a2.tuyacn.com[0m
[0;32;49m[03-10 07:19:44 ty D][tls_transporter.c:122] tls transporter close socket fd:1[0m
[0;32;49m[03-10 07:19:44 ty D][tcp_transporter.c:200] tcp transporter close socket fd:1[0m
[0;32;49m[03-10 07:19:44 ty D][tls_transporter.c:130] tls transporter close tls handler:0x608ca798[0m
[0;32;49m[03-10 07:19:44 ty D][tuya_tls.c:819] TUYA_TLS Disconnect ENTER[0m
[0;32;49m[03-10 07:19:44 ty D][tuya_tls.c:844] TUYA_TLS Disconnect Success[0m
[0;32;49m[03-10 07:19:44 ty D][tuya_tls.c:511] tuya_tls_connect_destroy.[0m
[0;32;49m[03-10 07:19:44 ty D][atop_base.c:267] result:
{"t":1773127185,"success":false,"errorCode":"NOT_EXISTS","errorMsg":"Product Not exist"}[0m
[0;31;49m[03-10 07:19:44 ty E][atop_base.c:319] errorMsg:Product Not exist[0m
[0;32;49m[03-10 07:19:44 ty D][tuya_app_main.c:153] Tuya Event ID:12(TUYA_EVENT_TIMESTAMP_SYNC)[0m
[0;36;49m[03-10 07:19:44 ty I][tuya_app_main.c:154] Device Free heap 145488[0m
[0;36;49m[03-10 07:19:44 ty I][tuya_app_main.c:212] Sync timestamp:1773127185[0m
[0;31;49m[03-10 07:19:45 ty E][tuya_iot.c:274] activate_response_parse error:-2[0m
[0;36;49m[03-10 07:19:45 ty I][ducky_claw_chat.c:52] Free heap size:146736, Free psram heap size:7408712[0m
[0;32;49m[03-10 07:19:46 ty D][tal_kv.c:270] lfs key not found: uuid372137b7e155c1c5.devid[0m
[0;32;49m[03-10 07:19:46 ty D][atop_service.c:210] POST JSON:{"token":"Ln8n94u7","softVer":"1.0.0","productKey":"xxxxxxxxxxxxxxxx","protocolVer":"2.3","baselineVer":"40.07","options": "{\"otaChannel\":0, \"isFK\":false}","devAttribute":2048,"cadVer":"1.0.3","cdVer":"1.0.0","t":1773127186}[0m
[0;32;49m[03-10 07:19:46 ty D][atop_base.c:417] TUYA_HTTPS_ATOP_URL: /d.json?[0m
[0;32;49m[03-10 07:19:46 ty D][atop_base.c:434] request url len:125: /d.json?a=thing.device.opensdk.active&et=3&t=1773127186&uuid=uuid372137b7e155c1c5&v=1.0&sign=add9005bf0e97861a3bdcca1a15a2232[0m
[0;32;49m[03-10 07:19:46 ty D][atop_base.c:448] atop_request_data_encode[0m
[0;32;49m[03-10 07:19:46 ty D][atop_base.c:457] out post data len:517, data:data=313637643731663065363230E20B8126F4A1FAC74A0A7475218A0BE4A7B928F1FF364E2D3109F7145552676A942B68642A2A329FAC06BDB2A87135370043B045A1D3BCE86515578BD6A5FF43D3FCBF9F0DF9B57F1629E0C0924FE3D4F9700DAE654E4374E31D4C96D4F05C19A113AEED4ACA8E56A1C30EB0D2E9E0DC23C41483D4924F7D135FF68BBB8FC35AFE0FB758F9D6CC6D7B0FF9F6469BC2D73ACD750D362EBBA12966B2F591D422DB774666F70CD2A264C435F53538FC61807054FA03D34133BB466D2B9E965F1311607960CF91EA94A12883EC36C9EE5ECDAB2BEE5E65DE94CD7C9ED422A22BA1F16B67B25814E4F9499F12618B9C0F71A37F36C48B[0m
[0;32;49m[03-10 07:19:46 ty D][atop_base.c:469] http request send![0m
tkl_net_socket_create type(0), fd(1)!
[0;32;49m[03-10 07:19:46 ty D][tuya_tls.c:590] TUYA_TLS Begin Connect a2.tuyacn.com:443[0m
[0;32;49m[03-10 07:19:46 ty D][tuya_tls.c:341] mbedtls authmode: MBEDTLS_SSL_VERIFY_REQUIRED[0m
[0;32;49m[03-10 07:19:46 ty D][tuya_tls.c:354] load root ca cert.[0m
[0;32;49m[03-10 07:19:46 ty D][tuya_tls.c:661] socket fd is set. set to inner send/recv to handshake[0m
[0;32;49m[03-10 07:19:46 ty D][tuya_tls.c:323] mbedtls_cert_pkey_free.[0m
[0;32;49m[03-10 07:19:46 ty D][tuya_tls.c:702] handshake finish for a2.tuyacn.com. set send/recv to user set[0m
[0;32;49m[03-10 07:19:46 ty D][tuya_tls.c:708] TUYA_TLS Success Connect a2.tuyacn.com:443 Suit:TLS-ECDHE-RSA-WITH-AES-128-GCM-SHA256[0m
[0;32;49m[03-10 07:19:46 ty D][http_client_wrapper.c:119] tls connencted![0m
[0;32;49m[03-10 07:19:46 ty D][http_client_wrapper.c:147] http request send![0m
[0;32;49m[03-10 07:19:46 ty D][http_client_wrapper.c:40] HTTP header add key=User-Agent[0m
[0;32;49m[03-10 07:19:46 ty D][http_client_wrapper.c:40] HTTP header add key=Content-Type[0m
[0;32;49m[03-10 07:19:46 ty D][http_client_wrapper.c:51] Sending HTTP POST request to a2.tuyacn.com[0m
[0;32;49m[03-10 07:19:46 ty D][tls_transporter.c:122] tls transporter close socket fd:1[0m
[0;32;49m[03-10 07:19:46 ty D][tcp_transporter.c:200] tcp transporter close socket fd:1[0m
[0;32;49m[03-10 07:19:46 ty D][tls_transporter.c:130] tls transporter close tls handler:0x608ca798[0m
[0;32;49m[03-10 07:19:46 ty D][tuya_tls.c:819] TUYA_TLS Disconnect ENTER[0m
[0;32;49m[03-10 07:19:46 ty D][tuya_tls.c:844] TUYA_TLS Disconnect Success[0m
[0;32;49m[03-10 07:19:46 ty D][tuya_tls.c:511] tuya_tls_connect_destroy.[0m
[0;32;49m[03-10 07:19:46 ty D][atop_base.c:267] result:
{"t":1773127186,"success":false,"errorCode":"NOT_EXISTS","errorMsg":"Product Not exist"}[0m
[0;31;49m[03-10 07:19:46 ty E][atop_base.c:319] errorMsg:Product Not exist[0m
[0;32;49m[03-10 07:19:46 ty D][tuya_app_main.c:153] Tuya Event ID:12(TUYA_EVENT_TIMESTAMP_SYNC)[0m
[0;36;49m[03-10 07:19:46 ty I][tuya_app_main.c:154] Device Free heap 145488[0m
[0;36;49m[03-10 07:19:46 ty I][tuya_app_main.c:212] Sync timestamp:1773127186[0m
[0;31;49m[03-10 07:19:46 ty E][tuya_iot.c:274] activate_response_parse error:-2[0m
[0;32;49m[03-10 07:19:47 ty D][tal_kv.c:270] lfs key not found: uuid372137b7e155c1c5.devid[0m
[0;32;49m[03-10 07:19:47 ty D][atop_service.c:210] POST JSON:{"token":"Ln8n94u7","softVer":"1.0.0","productKey":"xxxxxxxxxxxxxxxx","protocolVer":"2.3","baselineVer":"40.07","options": "{\"otaChannel\":0, \"isFK\":false}","devAttribute":2048,"cadVer":"1.0.3","cdVer":"1.0.0","t":1773127187}[0m
[0;32;49m[03-10 07:19:47 ty D][atop_base.c:417] TUYA_HTTPS_ATOP_URL: /d.json?[0m
[0;32;49m[03-10 07:19:47 ty D][atop_base.c:434] request url len:125: /d.json?a=thing.device.opensdk.active&et=3&t=1773127187&uuid=uuid372137b7e155c1c5&v=1.0&sign=288b0ea1916414bb98522ce2f871c086[0m
[0;32;49m[03-10 07:19:47 ty D][atop_base.c:448] atop_request_data_encode[0m
[0;32;49m[03-10 07:19:47 ty D][atop_base.c:457] out post data len:517, data:data=353335303932343630346230EBE54757FB41D2CEEC4928984676A3C20C4CBB95921091927911F4FE199A3B9615BD6238A250A56948ED5F432657DF28588F0FBA57E554B7680612659130DA832568619D224466BDBF51A25CD2EC57F492AA54673D255094BC5D27309BE6F826A3BAA7D48D2924B0BD7E6B8FF2F52296F504269BFB391C5B97E4CDC957CC4F984DDA19655B507490188C61DCAD8E3E48817989AE50DC6B688EEF172734996FBC8B1C4AD35AB0F21E00084D10D323D5D3AF1BD6C7ECCAC86F4070396529ED38F69F6E6DFBC1F232662867AA6329CDB0FE7A38570E5BD49F45B06AE239D23E08041CC3D46B73266B9DBBD5183EA66F8B1FD021F137[0m
[0;32;49m[03-10 07:19:47 ty D][atop_base.c:469] http request send![0m
tkl_net_socket_create type(0), fd(1)!
[0;32;49m[03-10 07:19:47 ty D][tuya_tls.c:590] TUYA_TLS Begin Connect a2.tuyacn.com:443[0m
[0;32;49m[03-10 07:19:47 ty D][tuya_tls.c:341] mbedtls authmode: MBEDTLS_SSL_VERIFY_REQUIRED[0m
[0;32;49m[03-10 07:19:47 ty D][tuya_tls.c:354] load root ca cert.[0m
[0;32;49m[03-10 07:19:47 ty D][tuya_tls.c:661] socket fd is set. set to inner send/recv to handshake[0m
[0;32;49m[03-10 07:19:47 ty D][tuya_tls.c:323] mbedtls_cert_pkey_free.[0m
[0;32;49m[03-10 07:19:47 ty D][tuya_tls.c:702] handshake finish for a2.tuyacn.com. set send/recv to user set[0m
[0;32;49m[03-10 07:19:47 ty D][tuya_tls.c:708] TUYA_TLS Success Connect a2.tuyacn.com:443 Suit:TLS-ECDHE-RSA-WITH-AES-128-GCM-SHA256[0m
[0;32;49m[03-10 07:19:47 ty D][http_client_wrapper.c:119] tls connencted![0m
[0;32;49m[03-10 07:19:47 ty D][http_client_wrapper.c:147] http request send![0m
[0;32;49m[03-10 07:19:47 ty D][http_client_wrapper.c:40] HTTP header add key=User-Agent[0m
[0;32;49m[03-10 07:19:47 ty D][http_client_wrapper.c:40] HTTP header add key=Content-Type[0m
[0;32;49m[03-10 07:19:47 ty D][http_client_wrapper.c:51] Sending HTTP POST request to a2.tuyacn.com[0m
[0;32;49m[03-10 07:19:47 ty D][tls_transporter.c:122] tls transporter close socket fd:1[0m
[0;32;49m[03-10 07:19:47 ty D][tcp_transporter.c:200] tcp transporter close socket fd:1[0m
[0;32;49m[03-10 07:19:47 ty D][tls_transporter.c:130] tls transporter close tls handler:0x608ca798[0m
[0;32;49m[03-10 07:19:47 ty D][tuya_tls.c:819] TUYA_TLS Disconnect ENTER[0m
[0;32;49m[03-10 07:19:47 ty D][tuya_tls.c:844] TUYA_TLS Disconnect Success[0m
[0;32;49m[03-10 07:19:47 ty D][tuya_tls.c:511] tuya_tls_connect_destroy.[0m
[0;32;49m[03-10 07:19:47 ty D][atop_base.c:267] result:
{"t":1773127188,"success":false,"errorCode":"NOT_EXISTS","errorMsg":"Product Not exist"}[0m
[0;31;49m[03-10 07:19:47 ty E][atop_base.c:319] errorMsg:Product Not exist[0m
[0;32;49m[03-10 07:19:47 ty D][tuya_app_main.c:153] Tuya Event ID:12(TUYA_EVENT_TIMESTAMP_SYNC)[0m
[0;36;49m[03-10 07:19:47 ty I][tuya_app_main.c:154] Device Free heap 145488[0m
[0;36;49m[03-10 07:19:47 ty I][tuya_app_main.c:212] Sync timestamp:1773127188[0m
[0;31;49m[03-10 07:19:48 ty E][tuya_iot.c:274] activate_response_parse error:-2[0m
[0;32;49m[03-10 07:19:49 ty D][tal_kv.c:270] lfs key not found: uuid372137b7e155c1c5.devid[0m
[0;32;49m[03-10 07:19:49 ty D][atop_service.c:210] POST JSON:{"token":"Ln8n94u7","softVer":"1.0.0","productKey":"xxxxxxxxxxxxxxxx","protocolVer":"2.3","baselineVer":"40.07","options": "{\"otaChannel\":0, \"isFK\":false}","devAttribute":2048,"cadVer":"1.0.3","cdVer":"1.0.0","t":1773127189}[0m
[0;32;49m[03-10 07:19:49 ty D][atop_base.c:417] TUYA_HTTPS_ATOP_URL: /d.json?[0m
[0;32;49m[03-10 07:19:49 ty D][atop_base.c:434] request url len:125: /d.json?a=thing.device.opensdk.active&et=3&t=1773127189&uuid=uuid372137b7e155c1c5&v=1.0&sign=2c45b222dcb84705003bc902eb4c0add[0m
[0;32;49m[03-10 07:19:49 ty D][atop_base.c:448] atop_request_data_encode[0m
[0;32;49m[03-10 07:19:49 ty D][atop_base.c:457] out post data len:517, data:data=333033363561333336313865669FB87456D7EEDCACB6FBB791BBE81897263BA3BD7F9C521C05D00AD53E59E8F042B8380275F37A7FF755B0304A6C22B6B69AE19E3AF9839123780F8121377FA6AA55DB66E987A0DC44D65ACBA6506765E1EA00A0C6038681105B33984F3907D7E1083B5759084F1DE590F3B415743F5A2336C6575452D2459069252AB9032290C78E9DD4C0476199CE99C60C5E2FB8E35187D2D53434DA7DE90D0F5848DCBED36A3ED83522F3FD8217419CEEF7F4D2D3354A4AA0EF6EA88F799C117B44B99D9116627BC7362090D4AAF14B5539F490FBC0A6C3C06BF9BEAA7BCA72233843E8B16961819ED55E3FE392B678C27375F4F21AD766[0m
[0;32;49m[03-10 07:19:49 ty D][atop_base.c:469] http request send![0m
tkl_net_socket_create type(0), fd(1)!
[0;32;49m[03-10 07:19:49 ty D][tuya_tls.c:590] TUYA_TLS Begin Connect a2.tuyacn.com:443[0m
[0;32;49m[03-10 07:19:49 ty D][tuya_tls.c:341] mbedtls authmode: MBEDTLS_SSL_VERIFY_REQUIRED[0m
[0;32;49m[03-10 07:19:49 ty D][tuya_tls.c:354] load root ca cert.[0m
[0;32;49m[03-10 07:19:49 ty D][tuya_tls.c:661] socket fd is set. set to inner send/recv to handshake[0m
[0;32;49m[03-10 07:19:49 ty D][ble_hs_hci_evt.c:152] evt code null:12[0m
[0;32;49m[03-10 07:19:49 ty D][tuya_tls.c:323] mbedtls_cert_pkey_free.[0m
[0;32;49m[03-10 07:19:49 ty D][tuya_tls.c:702] handshake finish for a2.tuyacn.com. set send/recv to user set[0m
[0;32;49m[03-10 07:19:49 ty D][tuya_tls.c:708] TUYA_TLS Success Connect a2.tuyacn.com:443 Suit:TLS-ECDHE-RSA-WITH-AES-128-GCM-SHA256[0m
[0;32;49m[03-10 07:19:49 ty D][http_client_wrapper.c:119] tls connencted![0m
[0;32;49m[03-10 07:19:49 ty D][http_client_wrapper.c:147] http request send![0m
[0;32;49m[03-10 07:19:49 ty D][http_client_wrapper.c:40] HTTP header add key=User-Agent[0m
[0;32;49m[03-10 07:19:49 ty D][http_client_wrapper.c:40] HTTP header add key=Content-Type[0m
[0;32;49m[03-10 07:19:49 ty D][http_client_wrapper.c:51] Sending HTTP POST request to a2.tuyacn.com[0m
[0;32;49m[03-10 07:19:49 ty D][tls_transporter.c:122] tls transporter close socket fd:1[0m
[0;32;49m[03-10 07:19:49 ty D][tcp_transporter.c:200] tcp transporter close socket fd:1[0m
[0;32;49m[03-10 07:19:49 ty D][tls_transporter.c:130] tls transporter close tls handler:0x608ca798[0m
[0;32;49m[03-10 07:19:49 ty D][tuya_tls.c:819] TUYA_TLS Disconnect ENTER[0m
[0;32;49m[03-10 07:19:49 ty D][tuya_tls.c:844] TUYA_TLS Disconnect Success[0m
[0;32;49m[03-10 07:19:49 ty D][tuya_tls.c:511] tuya_tls_connect_destroy.[0m
[0;32;49m[03-10 07:19:49 ty D][atop_base.c:267] result:
{"t":1773127189,"success":false,"errorCode":"NOT_EXISTS","errorMsg":"Product Not exist"}[0m
[0;31;49m[03-10 07:19:49 ty E][atop_base.c:319] errorMsg:Product Not exist[0m
[0;32;49m[03-10 07:19:49 ty D][tuya_app_main.c:153] Tuya Event ID:12(TUYA_EVENT_TIMESTAMP_SYNC)[0m
[0;36;49m[03-10 07:19:49 ty I][tuya_app_main.c:154] Device Free heap 145488[0m
[0;36;49m[03-10 07:19:49 ty I][tuya_app_main.c:212] Sync timestamp:1773127189[0m
[0;31;49m[03-10 07:19:49 ty E][tuya_iot.c:274] activate_response_parse error:-2[0m
[0;32;49m[03-10 07:19:49 ty D][tuya_health.c:75] feed watchdog[0m
[0;32;49m[03-10 07:19:49 ty D][ble_hs_hci_evt.c:152] evt code null:12[0m
[0;32;49m[03-10 07:19:50 ty D][tal_kv.c:270] lfs key not found: uuid372137b7e155c1c5.devid[0m
[0;32;49m[03-10 07:19:50 ty D][atop_service.c:210] POST JSON:{"token":"Ln8n94u7","softVer":"1.0.0","productKey":"xxxxxxxxxxxxxxxx","protocolVer":"2.3","baselineVer":"40.07","options": "{\"otaChannel\":0, \"isFK\":false}","devAttribute":2048,"cadVer":"1.0.3","cdVer":"1.0.0","t":1773127190}[0m
[0;32;49m[03-10 07:19:50 ty D][atop_base.c:417] TUYA_HTTPS_ATOP_URL: /d.json?[0m
[0;32;49m[03-10 07:19:50 ty D][atop_base.c:434] request url len:125: /d.json?a=thing.device.opensdk.active&et=3&t=1773127190&uuid=uuid372137b7e155c1c5&v=1.0&sign=a5c2f050abd9eab949ca386b1748a2cd[0m
[0;32;49m[03-10 07:19:50 ty D][atop_base.c:448] atop_request_data_encode[0m
[0;32;49m[03-10 07:19:50 ty D][atop_base.c:457] out post data len:517, data:data=376264383837656237353033248BE0699EC4DA423B80766689E2A6B999E35660A3341D6A151C87D601F43743EEFD103D8ACD853933FE0512002A41E571132A2C4E9D6B0FBF340C81923E4CB3D630AE1436FB40E6664ADF21E19345E6089E9F3BF77F6A98346AE98964544049B3FB220653A02AEF41D6856D969F8AFE9CDC2C7116168CCCB30A4FC5E8FE9557658315FAF6CD26AAFCB8F28BDA407F360A9011D53D76E9F497F14AEDE840B9B8736687FB8F4BD0AB651EB336A71059BC66753874B77C2761B87BDBAC34E260DA708D2E0A68932B3A6465310B5E2B4AF9450FD799CA72E1027C783CB8E9258D3E629EE34B099B19365A15D5176E3F340441E53414[0m
[0;32;49m[03-10 07:19:50 ty D][atop_base.c:469] http request send![0m
tkl_net_socket_create type(0), fd(1)!
[0;32;49m[03-10 07:19:50 ty D][tuya_tls.c:590] TUYA_TLS Begin Connect a2.tuyacn.com:443[0m
[0;32;49m[03-10 07:19:50 ty D][tuya_tls.c:341] mbedtls authmode: MBEDTLS_SSL_VERIFY_REQUIRED[0m
[0;32;49m[03-10 07:19:50 ty D][tuya_tls.c:354] load root ca cert.[0m
[0;32;49m[03-10 07:19:50 ty D][tuya_tls.c:661] socket fd is set. set to inner send/recv to handshake[0m
[0;32;49m[03-10 07:19:50 ty D][tuya_tls.c:323] mbedtls_cert_pkey_free.[0m
[0;32;49m[03-10 07:19:50 ty D][tuya_tls.c:702] handshake finish for a2.tuyacn.com. set send/recv to user set[0m
[0;32;49m[03-10 07:19:50 ty D][tuya_tls.c:708] TUYA_TLS Success Connect a2.tuyacn.com:443 Suit:TLS-ECDHE-RSA-WITH-AES-128-GCM-SHA256[0m
[0;32;49m[03-10 07:19:50 ty D][http_client_wrapper.c:119] tls connencted![0m
[0;32;49m[03-10 07:19:50 ty D][http_client_wrapper.c:147] http request send![0m
[0;32;49m[03-10 07:19:50 ty D][http_client_wrapper.c:40] HTTP header add key=User-Agent[0m
[0;32;49m[03-10 07:19:50 ty D][http_client_wrapper.c:40] HTTP header add key=Content-Type[0m
[0;32;49m[03-10 07:19:50 ty D][http_client_wrapper.c:51] Sending HTTP POST request to a2.tuyacn.com[0m
[0;32;49m[03-10 07:19:50 ty D][tls_transporter.c:122] tls transporter close socket fd:1[0m
[0;32;49m[03-10 07:19:50 ty D][tcp_transporter.c:200] tcp transporter close socket fd:1[0m
[0;32;49m[03-10 07:19:50 ty D][tls_transporter.c:130] tls transporter close tls handler:0x608ca798[0m
[0;32;49m[03-10 07:19:50 ty D][tuya_tls.c:819] TUYA_TLS Disconnect ENTER[0m
[0;32;49m[03-10 07:19:50 ty D][tuya_tls.c:844] TUYA_TLS Disconnect Success[0m
[0;32;49m[03-10 07:19:50 ty D][tuya_tls.c:511] tuya_tls_connect_destroy.[0m
[0;32;49m[03-10 07:19:50 ty D][atop_base.c:267] result:
{"t":1773127191,"success":false,"errorCode":"NOT_EXISTS","errorMsg":"Product Not exist"}[0m
[0;31;49m[03-10 07:19:50 ty E][atop_base.c:319] errorMsg:Product Not exist[0m
[0;32;49m[03-10 07:19:50 ty D][tuya_app_main.c:153] Tuya Event ID:12(TUYA_EVENT_TIMESTAMP_SYNC)[0m
[0;36;49m[03-10 07:19:50 ty I][tuya_app_main.c:154] Device Free heap 145488[0m
[0;36;49m[03-10 07:19:50 ty I][tuya_app_main.c:212] Sync timestamp:1773127191[0m
[0;31;49m[03-10 07:19:51 ty E][tuya_iot.c:274] activate_response_parse error:-2[0m
[0;32;49m[03-10 07:19:52 ty D][tal_kv.c:270] lfs key not found: uuid372137b7e155c1c5.devid[0m
[0;32;49m[03-10 07:19:52 ty D][atop_service.c:210] POST JSON:{"token":"Ln8n94u7","softVer":"1.0.0","productKey":"xxxxxxxxxxxxxxxx","protocolVer":"2.3","baselineVer":"40.07","options": "{\"otaChannel\":0, \"isFK\":false}","devAttribute":2048,"cadVer":"1.0.3","cdVer":"1.0.0","t":1773127192}[0m
[0;32;49m[03-10 07:19:52 ty D][atop_base.c:417] TUYA_HTTPS_ATOP_URL: /d.json?[0m
[0;32;49m[03-10 07:19:52 ty D][atop_base.c:434] request url len:125: /d.json?a=thing.device.opensdk.active&et=3&t=1773127192&uuid=uuid372137b7e155c1c5&v=1.0&sign=2439c7f63c08a36bfe75267e30f364a5[0m
[0;32;49m[03-10 07:19:52 ty D][atop_base.c:448] atop_request_data_encode[0m
[0;32;49m[03-10 07:19:52 ty D][atop_base.c:457] out post data len:517, data:data=3161656362653863333065344D69D61BD87C8B5CE8A211EA652930C05AA106A2D92EA763D8E915981A63920C4528671526460E5AB408C15964C3B27D07B0C99B13E8FB965C76F769B357F8CF9FB803D7B0791E37510BE8F0981CB1D48A1FE3A892695D49175EBEA42406F7DFE0CE3A78E10882BF91851A701540125E77D633B700B867AF5BFE88A27FEA88C8318D5C7AC350898D5A5BDAF03A40800DF541EE8FC17B0CF5F3F32B23A668D7774E007E34A1987448278E9CDDCCB2A2201BC20E8BA6C4975334CBBF999C4AAB4CED85E3AC295AA54285306D7D58FC3B5ACFB2278CD620E49CF40A1D23CE0811DD820999C2A625931D06112BDBA3D03E5ACA538527[0m
[0;32;49m[03-10 07:19:52 ty D][atop_base.c:469] http request send![0m
tkl_net_socket_create type(0), fd(1)!
[0;32;49m[03-10 07:19:52 ty D][tuya_tls.c:590] TUYA_TLS Begin Connect a2.tuyacn.com:443[0m
[0;32;49m[03-10 07:19:52 ty D][tuya_tls.c:341] mbedtls authmode: MBEDTLS_SSL_VERIFY_REQUIRED[0m
[0;32;49m[03-10 07:19:52 ty D][tuya_tls.c:354] load root ca cert.[0m
[0;32;49m[03-10 07:19:52 ty D][tuya_tls.c:661] socket fd is set. set to inner send/recv to handshake[0m
[0;32;49m[03-10 07:19:52 ty D][tuya_tls.c:323] mbedtls_cert_pkey_free.[0m
[0;32;49m[03-10 07:19:52 ty D][tuya_tls.c:702] handshake finish for a2.tuyacn.com. set send/recv to user set[0m
[0;32;49m[03-10 07:19:52 ty D][tuya_tls.c:708] TUYA_TLS Success Connect a2.tuyacn.com:443 Suit:TLS-ECDHE-RSA-WITH-AES-128-GCM-SHA256[0m
[0;32;49m[03-10 07:19:52 ty D][http_client_wrapper.c:119] tls connencted![0m
[0;32;49m[03-10 07:19:52 ty D][http_client_wrapper.c:147] http request send![0m
[0;32;49m[03-10 07:19:52 ty D][http_client_wrapper.c:40] HTTP header add key=User-Agent[0m
[0;32;49m[03-10 07:19:52 ty D][http_client_wrapper.c:40] HTTP header add key=Content-Type[0m
[0;32;49m[03-10 07:19:52 ty D][http_client_wrapper.c:51] Sending HTTP POST request to a2.tuyacn.com[0m
[0;32;49m[03-10 07:19:52 ty D][tls_transporter.c:122] tls transporter close socket fd:1[0m
[0;32;49m[03-10 07:19:52 ty D][tcp_transporter.c:200] tcp transporter close socket fd:1[0m
[0;32;49m[03-10 07:19:52 ty D][tls_transporter.c:130] tls transporter close tls handler:0x608ca798[0m
[0;32;49m[03-10 07:19:52 ty D][tuya_tls.c:819] TUYA_TLS Disconnect ENTER[0m
[0;32;49m[03-10 07:19:52 ty D][tuya_tls.c:844] TUYA_TLS Disconnect Success[0m
[0;32;49m[03-10 07:19:52 ty D][tuya_tls.c:511] tuya_tls_connect_destroy.[0m
[0;32;49m[03-10 07:19:52 ty D][atop_base.c:267] result:
{"t":1773127192,"success":false,"errorCode":"NOT_EXISTS","errorMsg":"Product Not exist"}[0m
[0;31;49m[03-10 07:19:52 ty E][atop_base.c:319] errorMsg:Product Not exist[0m
[0;32;49m[03-10 07:19:52 ty D][tuya_app_main.c:153] Tuya Event ID:12(TUYA_EVENT_TIMESTAMP_SYNC)[0m
[0;36;49m[03-10 07:19:52 ty I][tuya_app_main.c:154] Device Free heap 145488[0m
[0;36;49m[03-10 07:19:52 ty I][tuya_app_main.c:212] Sync timestamp:1773127192[0m
[0;31;49m[03-10 07:19:52 ty E][tuya_iot.c:274] activate_response_parse error:-2[0m
[0;32;49m[03-10 07:19:53 ty D][tal_kv.c:270] lfs key not found: uuid372137b7e155c1c5.devid[0m
[0;32;49m[03-10 07:19:53 ty D][atop_service.c:210] POST JSON:{"token":"Ln8n94u7","softVer":"1.0.0","productKey":"xxxxxxxxxxxxxxxx","protocolVer":"2.3","baselineVer":"40.07","options": "{\"otaChannel\":0, \"isFK\":false}","devAttribute":2048,"cadVer":"1.0.3","cdVer":"1.0.0","t":1773127193}[0m
[0;32;49m[03-10 07:19:53 ty D][atop_base.c:417] TUYA_HTTPS_ATOP_URL: /d.json?[0m
[0;32;49m[03-10 07:19:53 ty D][atop_base.c:434] request url len:125: /d.json?a=thing.device.opensdk.active&et=3&t=1773127193&uuid=uuid372137b7e155c1c5&v=1.0&sign=48f90d455466d1883355b0500e5aa1b2[0m
[0;32;49m[03-10 07:19:53 ty D][atop_base.c:448] atop_request_data_encode[0m
[0;32;49m[03-10 07:19:53 ty D][atop_base.c:457] out post data len:517, data:data=313666366537363936613630EC2776BD0BF4A8481356E0C7B433769951DBED761A686AB33781DBAA8FDBFB3B2525231BCFFF43A5C384BACBE9476E2EF20B1A408BF8277110B188B6E5A99D371B1BB791E22F3E269734D764A15557823F7AB711A4246CD71F3B9382297EBD0FDB446B956C69C04A05BDB04772886A813ADA1885FA7DF40CA5D472E09DBF1A4861B3887A24724063FF0B67E12E72C39CCA8CA5ACA8E8DD6CE26CC93D9877B75ACC348FA8DFFB4BAC402A28FD8C80F9FB81C665DB61E198CB71021290F260822F9D9A348C0C8ED00D437BA2A9C2CA9849209648C72AF57A25362F7F99714AFFC3E56C2D8C65693302F867A7D65D83F73B4D33DBAB[0m
[0;32;49m[03-10 07:19:53 ty D][atop_base.c:469] http request send![0m
tkl_net_socket_create type(0), fd(1)!
[0;32;49m[03-10 07:19:53 ty D][tuya_tls.c:590] TUYA_TLS Begin Connect a2.tuyacn.com:443[0m
[0;32;49m[03-10 07:19:53 ty D][tuya_tls.c:341] mbedtls authmode: MBEDTLS_SSL_VERIFY_REQUIRED[0m
[0;32;49m[03-10 07:19:53 ty D][tuya_tls.c:354] load root ca cert.[0m
[0;32;49m[03-10 07:19:53 ty D][tuya_tls.c:661] socket fd is set. set to inner send/recv to handshake[0m
[0;32;49m[03-10 07:19:53 ty D][tuya_tls.c:323] mbedtls_cert_pkey_free.[0m
[0;32;49m[03-10 07:19:53 ty D][tuya_tls.c:702] handshake finish for a2.tuyacn.com. set send/recv to user set[0m
[0;32;49m[03-10 07:19:53 ty D][tuya_tls.c:708] TUYA_TLS Success Connect a2.tuyacn.com:443 Suit:TLS-ECDHE-RSA-WITH-AES-128-GCM-SHA256[0m
[0;32;49m[03-10 07:19:53 ty D][http_client_wrapper.c:119] tls connencted![0m
[0;32;49m[03-10 07:19:53 ty D][http_client_wrapper.c:147] http request send![0m
[0;32;49m[03-10 07:19:53 ty D][http_client_wrapper.c:40] HTTP header add key=User-Agent[0m
[0;32;49m[03-10 07:19:53 ty D][http_client_wrapper.c:40] HTTP header add key=Content-Type[0m
[0;32;49m[03-10 07:19:53 ty D][http_client_wrapper.c:51] Sending HTTP POST request to a2.tuyacn.com[0m
[0;32;49m[03-10 07:19:53 ty D][tls_transporter.c:122] tls transporter close socket fd:1[0m
[0;32;49m[03-10 07:19:53 ty D][tcp_transporter.c:200] tcp transporter close socket fd:1[0m
[0;32;49m[03-10 07:19:53 ty D][tls_transporter.c:130] tls transporter close tls handler:0x608ca798[0m
[0;32;49m[03-10 07:19:53 ty D][tuya_tls.c:819] TUYA_TLS Disconnect ENTER[0m
[0;32;49m[03-10 07:19:53 ty D][tuya_tls.c:844] TUYA_TLS Disconnect Success[0m
[0;32;49m[03-10 07:19:53 ty D][tuya_tls.c:511] tuya_tls_connect_destroy.[0m
[0;32;49m[03-10 07:19:53 ty D][atop_base.c:267] result:
{"t":1773127194,"success":false,"errorCode":"NOT_EXISTS","errorMsg":"Product Not exist"}[0m
[0;31;49m[03-10 07:19:53 ty E][atop_base.c:319] errorMsg:Product Not exist[0m
[0;32;49m[03-10 07:19:53 ty D][tuya_app_main.c:153] Tuya Event ID:12(TUYA_EVENT_TIMESTAMP_SYNC)[0m
[0;36;49m[03-10 07:19:53 ty I][tuya_app_main.c:154] Device Free heap 145488[0m
[0;36;49m[03-10 07:19:53 ty I][tuya_app_main.c:212] Sync timestamp:1773127194[0m
[0;31;49m[03-10 07:19:54 ty E][tuya_iot.c:274] activate_response_parse error:-2[0m
[0;32;49m[03-10 07:19:55 ty D][tal_kv.c:270] lfs key not found: uuid372137b7e155c1c5.devid[0m
[0;32;49m[03-10 07:19:55 ty D][atop_service.c:210] POST JSON:{"token":"Ln8n94u7","softVer":"1.0.0","productKey":"xxxxxxxxxxxxxxxx","protocolVer":"2.3","baselineVer":"40.07","options": "{\"otaChannel\":0, \"isFK\":false}","devAttribute":2048,"cadVer":"1.0.3","cdVer":"1.0.0","t":1773127195}[0m
[0;32;49m[03-10 07:19:55 ty D][atop_base.c:417] TUYA_HTTPS_ATOP_URL: /d.json?[0m
[0;32;49m[03-10 07:19:55 ty D][atop_base.c:434] request url len:125: /d.json?a=thing.device.opensdk.active&et=3&t=1773127195&uuid=uuid372137b7e155c1c5&v=1.0&sign=f965cdaae739268b4e593380297df957[0m
[0;32;49m[03-10 07:19:55 ty D][atop_base.c:448] atop_request_data_encode[0m
[0;32;49m[03-10 07:19:55 ty D][atop_base.c:457] out post data len:517, data:data=61323663646533313733636463D30E90A4D23A65B68432D355443D16DAE4E42D7A50C25219D3BB51B5847AE9A4AFD41C40EC5E6E200B730662AFB8E9DEE9A26CCEE6E02160FF9D6E465FE0778061A5F0430FD5DE8B38A95670E5590AE353186A6618C7F6FDD5F880B47C36DB37EED4909D7FB87A5EE163852E146FA9A5B579A4B51C335C37C72734BC2D379172791A712129F4E3FBEAB2A069D405AF20C0BD088242464229F475FD974962F1EBD70754D2FE229FE30B60F17067ECEF8CD771CC93424D678470BFE05C7C8D5C861AF5C791077150C53AF7A5B858858281FC27194150A457F9A61995AF072EA1499684B96C7FAEDF767866790A71261F68265109[0m
[0;32;49m[03-10 07:19:55 ty D][atop_base.c:469] http request send![0m
tkl_net_socket_create type(0), fd(1)!
[0;32;49m[03-10 07:19:55 ty D][tuya_tls.c:590] TUYA_TLS Begin Connect a2.tuyacn.com:443[0m
[0;32;49m[03-10 07:19:55 ty D][tuya_tls.c:341] mbedtls authmode: MBEDTLS_SSL_VERIFY_REQUIRED[0m
[0;32;49m[03-10 07:19:55 ty D][tuya_tls.c:354] load root ca cert.[0m
[0;32;49m[03-10 07:19:55 ty D][tuya_tls.c:661] socket fd is set. set to inner send/recv to handshake[0m
[0;36;49m[03-10 07:19:55 ty I][ducky_claw_chat.c:52] Free heap size:145568, Free psram heap size:7386400[0m
[0;32;49m[03-10 07:19:55 ty D][tuya_tls.c:323] mbedtls_cert_pkey_free.[0m
[0;32;49m[03-10 07:19:55 ty D][tuya_tls.c:702] handshake finish for a2.tuyacn.com. set send/recv to user set[0m
[0;32;49m[03-10 07:19:55 ty D][tuya_tls.c:708] TUYA_TLS Success Connect a2.tuyacn.com:443 Suit:TLS-ECDHE-RSA-WITH-AES-128-GCM-SHA256[0m
[0;32;49m[03-10 07:19:55 ty D][http_client_wrapper.c:119] tls connencted![0m
[0;32;49m[03-10 07:19:55 ty D][http_client_wrapper.c:147] http request send![0m
[0;32;49m[03-10 07:19:55 ty D][http_client_wrapper.c:40] HTTP header add key=User-Agent[0m
[0;32;49m[03-10 07:19:55 ty D][http_client_wrapper.c:40] HTTP header add key=Content-Type[0m
[0;32;49m[03-10 07:19:55 ty D][http_client_wrapper.c:51] Sending HTTP POST request to a2.tuyacn.com[0m
[0;32;49m[03-10 07:19:55 ty D][tls_transporter.c:122] tls transporter close socket fd:1[0m
[0;32;49m[03-10 07:19:55 ty D][tcp_transporter.c:200] tcp transporter close socket fd:1[0m
[0;32;49m[03-10 07:19:55 ty D][tls_transporter.c:130] tls transporter close tls handler:0x608ca798[0m
[0;32;49m[03-10 07:19:55 ty D][tuya_tls.c:819] TUYA_TLS Disconnect ENTER[0m
[0;32;49m[03-10 07:19:55 ty D][tuya_tls.c:844] TUYA_TLS Disconnect Success[0m
[0;32;49m[03-10 07:19:55 ty D][tuya_tls.c:511] tuya_tls_connect_destroy.[0m
[0;32;49m[03-10 07:19:55 ty D][atop_base.c:267] result:
{"t":1773127196,"success":false,"errorCode":"NOT_EXISTS","errorMsg":"Product Not exist"}[0m
[0;31;49m[03-10 07:19:55 ty E][atop_base.c:319] errorMsg:Product Not exist[0m
[0;32;49m[03-10 07:19:55 ty D][tuya_app_main.c:153] Tuya Event ID:12(TUYA_EVENT_TIMESTAMP_SYNC)[0m
[0;36;49m[03-10 07:19:55 ty I][tuya_app_main.c:154] Device Free heap 145488[0m
[0;36;49m[03-10 07:19:55 ty I][tuya_app_main.c:212] Sync timestamp:1773127196[0m
[0;31;49m[03-10 07:19:56 ty E][tuya_iot.c:274] activate_response_parse error:-2[0m
[0;32;49m[03-10 07:19:57 ty D][tal_kv.c:270] lfs key not found: uuid372137b7e155c1c5.devid[0m
[0;32;49m[03-10 07:19:57 ty D][atop_service.c:210] POST JSON:{"token":"Ln8n94u7","softVer":"1.0.0","productKey":"xxxxxxxxxxxxxxxx","protocolVer":"2.3","baselineVer":"40.07","options": "{\"otaChannel\":0, \"isFK\":false}","devAttribute":2048,"cadVer":"1.0.3","cdVer":"1.0.0","t":1773127197}[0m
[0;32;49m[03-10 07:19:57 ty D][atop_base.c:417] TUYA_HTTPS_ATOP_URL: /d.json?[0m
[0;32;49m[03-10 07:19:57 ty D][atop_base.c:434] request url len:125: /d.json?a=thing.device.opensdk.active&et=3&t=1773127197&uuid=uuid372137b7e155c1c5&v=1.0&sign=fde4ce5728810a5dee999cea3b1a50a9[0m
[0;32;49m[03-10 07:19:57 ty D][atop_base.c:448] atop_request_data_encode[0m
[0;32;49m[03-10 07:19:57 ty D][atop_base.c:457] out post data len:517, data:data=3938383734353933353063664399C4EEF28535E2A60BD245732D63D37E72F21CB0CA9D037964E11D671492596BA5471BBA74E74E7D68F04F77CFAAC2D71FAFB71400E2D6B01A898EE587248D0EC6C8FA40A0FD5FDF2BA1076400960AB30F8E87FA5EF8E6F830CD89D943ABCBB969E0BAC952AC3DD0DEAD3FBBEA3BD9BCB4CD2D6BFD9F390E8AAA924B476BAEAE2147A0846CFEA8C0075567BAB79A5630A7DEA32580E0A7A1140974A9760858BF490DAF379A105D24300BCB9B8C876836195DDAACC9B621881B21B26A732E78EE88C21C57268BDBFB3D7501AB83678F934D745FB65C7F65FCAA4094884A60A0F8F837B5F35AE75928AD1DB21E78FFA73F73EA08[0m
[0;32;49m[03-10 07:19:57 ty D][atop_base.c:469] http request send![0m
tkl_net_socket_create type(0), fd(1)!
[0;32;49m[03-10 07:19:57 ty D][tuya_tls.c:590] TUYA_TLS Begin Connect a2.tuyacn.com:443[0m
[0;32;49m[03-10 07:19:57 ty D][tuya_tls.c:341] mbedtls authmode: MBEDTLS_SSL_VERIFY_REQUIRED[0m
[0;32;49m[03-10 07:19:57 ty D][tuya_tls.c:354] load root ca cert.[0m
[0;32;49m[03-10 07:19:57 ty D][tuya_tls.c:661] socket fd is set. set to inner send/recv to handshake[0m
[0;32;49m[03-10 07:19:57 ty D][tuya_tls.c:323] mbedtls_cert_pkey_free.[0m
[0;32;49m[03-10 07:19:57 ty D][tuya_tls.c:702] handshake finish for a2.tuyacn.com. set send/recv to user set[0m
[0;32;49m[03-10 07:19:57 ty D][tuya_tls.c:708] TUYA_TLS Success Connect a2.tuyacn.com:443 Suit:TLS-ECDHE-RSA-WITH-AES-128-GCM-SHA256[0m
[0;32;49m[03-10 07:19:57 ty D][http_client_wrapper.c:119] tls connencted![0m
[0;32;49m[03-10 07:19:57 ty D][http_client_wrapper.c:147] http request send![0m
[0;32;49m[03-10 07:19:57 ty D][http_client_wrapper.c:40] HTTP header add key=User-Agent[0m
[0;32;49m[03-10 07:19:57 ty D][http_client_wrapper.c:40] HTTP header add key=Content-Type[0m
[0;32;49m[03-10 07:19:57 ty D][http_client_wrapper.c:51] Sending HTTP POST request to a2.tuyacn.com[0m
[0;32;49m[03-10 07:19:57 ty D][tls_transporter.c:122] tls transporter close socket fd:1[0m
[0;32;49m[03-10 07:19:57 ty D][tcp_transporter.c:200] tcp transporter close socket fd:1[0m
[0;32;49m[03-10 07:19:57 ty D][tls_transporter.c:130] tls transporter close tls handler:0x608ca798[0m
[0;32;49m[03-10 07:19:57 ty D][tuya_tls.c:819] TUYA_TLS Disconnect ENTER[0m
[0;32;49m[03-10 07:19:57 ty D][tuya_tls.c:844] TUYA_TLS Disconnect Success[0m
[0;32;49m[03-10 07:19:57 ty D][tuya_tls.c:511] tuya_tls_connect_destroy.[0m
[0;32;49m[03-10 07:19:57 ty D][atop_base.c:267] result:
{"t":1773127197,"success":false,"errorCode":"NOT_EXISTS","errorMsg":"Product Not exist"}[0m
[0;31;49m[03-10 07:19:57 ty E][atop_base.c:319] errorMsg:Product Not exist[0m
[0;32;49m[03-10 07:19:57 ty D][tuya_app_main.c:153] Tuya Event ID:12(TUYA_EVENT_TIMESTAMP_SYNC)[0m
[0;36;49m[03-10 07:19:57 ty I][tuya_app_main.c:154] Device Free heap 145488[0m
[0;36;49m[03-10 07:19:57 ty I][tuya_app_main.c:212] Sync timestamp:1773127197[0m
[0;31;49m[03-10 07:19:57 ty E][tuya_iot.c:274] activate_response_parse error:-2[0m
[0;32;49m[03-10 07:19:58 ty D][tal_kv.c:270] lfs key not found: uuid372137b7e155c1c5.devid[0m
[0;32;49m[03-10 07:19:58 ty D][atop_service.c:210] POST JSON:{"token":"Ln8n94u7","softVer":"1.0.0","productKey":"xxxxxxxxxxxxxxxx","protocolVer":"2.3","baselineVer":"40.07","options": "{\"otaChannel\":0, \"isFK\":false}","devAttribute":2048,"cadVer":"1.0.3","cdVer":"1.0.0","t":1773127198}[0m
[0;32;49m[03-10 07:19:58 ty D][atop_base.c:417] TUYA_HTTPS_ATOP_URL: /d.json?[0m
[0;32;49m[03-10 07:19:58 ty D][atop_base.c:434] request url len:125: /d.json?a=thing.device.opensdk.active&et=3&t=1773127198&uuid=uuid372137b7e155c1c5&v=1.0&sign=0ccd59cc6bfd61658f65b633f51dcd0b[0m
[0;32;49m[03-10 07:19:58 ty D][atop_base.c:448] atop_request_data_encode[0m
[0;32;49m[03-10 07:19:58 ty D][atop_base.c:457] out post data len:517, data:data=62613331646463373835653903777ECF5FDDDA2944CFB85FD8DC09CEA107BA7920CC41A0569A83D14F65706A1571ABEF3FDC724B61C3E28CD2438D90DFA313888997FD8489CABA86EBB2EC28FA0F46BF5A1A5698809C1B9EB751304B79551C18D53B44474EAAC749ED6A14F0A97F17A22ADC00451A25C33F9461BC87D3A704D5AAB494577B08690CB0A7F66914D514AB63CC5594EC299892E6F39C17F4253FC4166088AAEF06C507F16DEAFCCC96A2B69060F41609925D6671D46149CE7F87BB2918118A758D5953C5F678E6D3EF2399C784F463BA4DFBCB439AAD4D850E0F47FFFF9EEB74B0AE396A98C537C75379D214CD77C9E9F93DFC39DC6E03A9074C34[0m
[0;32;49m[03-10 07:19:58 ty D][atop_base.c:469] http request send![0m
tkl_net_socket_create type(0), fd(1)!
[0;32;49m[03-10 07:19:58 ty D][tuya_tls.c:590] TUYA_TLS Begin Connect a2.tuyacn.com:443[0m
[0;32;49m[03-10 07:19:58 ty D][tuya_tls.c:341] mbedtls authmode: MBEDTLS_SSL_VERIFY_REQUIRED[0m
[0;32;49m[03-10 07:19:58 ty D][tuya_tls.c:354] load root ca cert.[0m
[0;32;49m[03-10 07:19:58 ty D][tuya_tls.c:661] socket fd is set. set to inner send/recv to handshake[0m
[0;32;49m[03-10 07:19:58 ty D][tuya_tls.c:323] mbedtls_cert_pkey_free.[0m
[0;32;49m[03-10 07:19:58 ty D][tuya_tls.c:702] handshake finish for a2.tuyacn.com. set send/recv to user set[0m
[0;32;49m[03-10 07:19:58 ty D][tuya_tls.c:708] TUYA_TLS Success Connect a2.tuyacn.com:443 Suit:TLS-ECDHE-RSA-WITH-AES-128-GCM-SHA256[0m
[0;32;49m[03-10 07:19:58 ty D][http_client_wrapper.c:119] tls connencted![0m
[0;32;49m[03-10 07:19:58 ty D][http_client_wrapper.c:147] http request send![0m
[0;32;49m[03-10 07:19:58 ty D][http_client_wrapper.c:40] HTTP header add key=User-Agent[0m
[0;32;49m[03-10 07:19:58 ty D][http_client_wrapper.c:40] HTTP header add key=Content-Type[0m
[0;32;49m[03-10 07:19:58 ty D][http_client_wrapper.c:51] Sending HTTP POST request to a2.tuyacn.com[0m
[0;32;49m[03-10 07:19:58 ty D][tls_transporter.c:122] tls transporter close socket fd:1[0m
[0;32;49m[03-10 07:19:58 ty D][tcp_transporter.c:200] tcp transporter close socket fd:1[0m
[0;32;49m[03-10 07:19:58 ty D][tls_transporter.c:130] tls transporter close tls handler:0x608ca798[0m
[0;32;49m[03-10 07:19:58 ty D][tuya_tls.c:819] TUYA_TLS Disconnect ENTER[0m
[0;32;49m[03-10 07:19:58 ty D][tuya_tls.c:844] TUYA_TLS Disconnect Success[0m
[0;32;49m[03-10 07:19:58 ty D][tuya_tls.c:511] tuya_tls_connect_destroy.[0m
[0;32;49m[03-10 07:19:58 ty D][atop_base.c:267] result:
{"t":1773127199,"success":false,"errorCode":"NOT_EXISTS","errorMsg":"Product Not exist"}[0m
[0;31;49m[03-10 07:19:58 ty E][atop_base.c:319] errorMsg:Product Not exist[0m
[0;32;49m[03-10 07:19:58 ty D][tuya_app_main.c:153] Tuya Event ID:12(TUYA_EVENT_TIMESTAMP_SYNC)[0m
[0;36;49m[03-10 07:19:58 ty I][tuya_app_main.c:154] Device Free heap 145488[0m
[0;36;49m[03-10 07:19:58 ty I][tuya_app_main.c:212] Sync timestamp:1773127199[0m
[0;31;49m[03-10 07:19:59 ty E][tuya_iot.c:274] activate_response_parse error:-2[0m
[0;32;49m[03-10 07:19:59 ty D][tuya_health.c:75] feed watchdog[0m
[0;32;49m[03-10 07:20:00 ty D][tal_kv.c:270] lfs key not found: uuid372137b7e155c1c5.devid[0m
[0;32;49m[03-10 07:20:00 ty D][atop_service.c:210] POST JSON:{"token":"Ln8n94u7","softVer":"1.0.0","productKey":"xxxxxxxxxxxxxxxx","protocolVer":"2.3","baselineVer":"40.07","options": "{\"otaChannel\":0, \"isFK\":false}","devAttribute":2048,"cadVer":"1.0.3","cdVer":"1.0.0","t":1773127200}[0m
[0;32;49m[03-10 07:20:00 ty D][atop_base.c:417] TUYA_HTTPS_ATOP_URL: /d.json?[0m
[0;32;49m[03-10 07:20:00 ty D][atop_base.c:434] request url len:125: /d.json?a=thing.device.opensdk.active&et=3&t=1773127200&uuid=uuid372137b7e155c1c5&v=1.0&sign=fe5a23502bf6f8701ca8d2cb19880636[0m
[0;32;49m[03-10 07:20:00 ty D][atop_base.c:448] atop_request_data_encode[0m
[0;32;49m[03-10 07:20:00 ty D][atop_base.c:457] out post data len:517, data:data=3363326263613939373564368F6697F87F18B64C90587F180446E029AFB8B7E4B89CA12592A7D980BBDF494469F510D4F1AD2BB9FC215FED838C76BE7CFBE20A74F3E831126C31E61DCE5337642D715951B3EEF814C94E1BFE7682FD8FBEB7761B3C7651CD640FC427A6397BDE3316F8F9C9329059AEAFBBC48F7813EDA8B123A2AFE0506C71D054BFA393AA975BF35C66D3CB3593463E87B9FCBEEC8962DBC36C4AEE57230EAA232AAF177B7CC34E15F89CA54ECD957E2B637EF3628044DC275FEFBE3BA2A5085B863DA3144455E1040E99772B409520522C1FA9EA2132D18A3174C06ADA65763C7B49B7FA7AAA25B219AAE4095F4DF1ED6884C061DEC8D9B9[0m
[0;32;49m[03-10 07:20:00 ty D][atop_base.c:469] http request send![0m
tkl_net_socket_create type(0), fd(1)!
[0;32;49m[03-10 07:20:00 ty D][tuya_tls.c:590] TUYA_TLS Begin Connect a2.tuyacn.com:443[0m
[0;32;49m[03-10 07:20:00 ty D][tuya_tls.c:341] mbedtls authmode: MBEDTLS_SSL_VERIFY_REQUIRED[0m
[0;32;49m[03-10 07:20:00 ty D][tuya_tls.c:354] load root ca cert.[0m
[0;32;49m[03-10 07:20:00 ty D][tuya_tls.c:661] socket fd is set. set to inner send/recv to handshake[0m
[0;32;49m[03-10 07:20:00 ty D][tuya_tls.c:323] mbedtls_cert_pkey_free.[0m
[0;32;49m[03-10 07:20:00 ty D][tuya_tls.c:702] handshake finish for a2.tuyacn.com. set send/recv to user set[0m
[0;32;49m[03-10 07:20:00 ty D][tuya_tls.c:708] TUYA_TLS Success Connect a2.tuyacn.com:443 Suit:TLS-ECDHE-RSA-WITH-AES-128-GCM-SHA256[0m
[0;32;49m[03-10 07:20:00 ty D][http_client_wrapper.c:119] tls connencted![0m
[0;32;49m[03-10 07:20:00 ty D][http_client_wrapper.c:147] http request send![0m
[0;32;49m[03-10 07:20:00 ty D][http_client_wrapper.c:40] HTTP header add key=User-Agent[0m
[0;32;49m[03-10 07:20:00 ty D][http_client_wrapper.c:40] HTTP header add key=Content-Type[0m
[0;32;49m[03-10 07:20:00 ty D][http_client_wrapper.c:51] Sending HTTP POST request to a2.tuyacn.com[0m
[0;32;49m[03-10 07:20:00 ty D][tls_transporter.c:122] tls transporter close socket fd:1[0m
[0;32;49m[03-10 07:20:00 ty D][tcp_transporter.c:200] tcp transporter close socket fd:1[0m
[0;32;49m[03-10 07:20:00 ty D][tls_transporter.c:130] tls transporter close tls handler:0x608ca798[0m
[0;32;49m[03-10 07:20:00 ty D][tuya_tls.c:819] TUYA_TLS Disconnect ENTER[0m
[0;32;49m[03-10 07:20:00 ty D][tuya_tls.c:844] TUYA_TLS Disconnect Success[0m
[0;32;49m[03-10 07:20:00 ty D][tuya_tls.c:511] tuya_tls_connect_destroy.[0m
[0;32;49m[03-10 07:20:00 ty D][atop_base.c:267] result:
{"t":1773127200,"success":false,"errorCode":"NOT_EXISTS","errorMsg":"Product Not exist"}[0m
[0;31;49m[03-10 07:20:00 ty E][atop_base.c:319] errorMsg:Product Not exist[0m
[0;32;49m[03-10 07:20:00 ty D][tuya_app_main.c:153] Tuya Event ID:12(TUYA_EVENT_TIMESTAMP_SYNC)[0m
[0;36;49m[03-10 07:20:00 ty I][tuya_app_main.c:154] Device Free heap 145488[0m
[0;36;49m[03-10 07:20:00 ty I][tuya_app_main.c:212] Sync timestamp:1773127200[0m
[0;31;49m[03-10 07:20:00 ty E][tuya_iot.c:274] activate_response_parse error:-2[0m
[0;32;49m[03-10 07:20:01 ty D][tal_kv.c:270] lfs key not found: uuid372137b7e155c1c5.devid[0m
[0;32;49m[03-10 07:20:01 ty D][atop_service.c:210] POST JSON:{"token":"Ln8n94u7","softVer":"1.0.0","productKey":"xxxxxxxxxxxxxxxx","protocolVer":"2.3","baselineVer":"40.07","options": "{\"otaChannel\":0, \"isFK\":false}","devAttribute":2048,"cadVer":"1.0.3","cdVer":"1.0.0","t":1773127201}[0m
[0;32;49m[03-10 07:20:01 ty D][atop_base.c:417] TUYA_HTTPS_ATOP_URL: /d.json?[0m
[0;32;49m[03-10 07:20:01 ty D][atop_base.c:434] request url len:125: /d.json?a=thing.device.opensdk.active&et=3&t=1773127201&uuid=uuid372137b7e155c1c5&v=1.0&sign=87759afba4c0e395bb7086d90ac14304[0m
[0;32;49m[03-10 07:20:01 ty D][atop_base.c:448] atop_request_data_encode[0m
[0;32;49m[03-10 07:20:01 ty D][atop_base.c:457] out post data len:517, data:data=333235663665343864373134ABEAA219857015173129211E4A2C53021DC0C770FB93BC56C7B7B8EA6A92B1637B6B72B1CD2876691C9ABC46C211F436ECE0F5B3889FB00DF55021C27E8B76DACB159668F6A8B787010BF3EF9A0121D258FB9A4B037D5D252BD8901EC1BB5F826EDAD063F136F42BB16F3778E6965E41F062E837591EF4ACBF55CA079494C3BA3E6AA7F35DF95305D8DAD7A07DA253526CA518B91683618052A48D7A6D34968B806A99497C39157002329B267E2E1CF90081B850AF71CCA585B4E51A67C6528A5AE1417FAD8E351DB939EC7880FFDF10A226272E0297E7530679636F160FA333FF7ECE967C834EC5A68C77E8B24B44EC94809534[0m
[0;32;49m[03-10 07:20:01 ty D][atop_base.c:469] http request send![0m
tkl_net_socket_create type(0), fd(1)!
[0;32;49m[03-10 07:20:01 ty D][tuya_tls.c:590] TUYA_TLS Begin Connect a2.tuyacn.com:443[0m
[0;32;49m[03-10 07:20:01 ty D][tuya_tls.c:341] mbedtls authmode: MBEDTLS_SSL_VERIFY_REQUIRED[0m
[0;32;49m[03-10 07:20:01 ty D][tuya_tls.c:354] load root ca cert.[0m
[0;32;49m[03-10 07:20:01 ty D][tuya_tls.c:661] socket fd is set. set to inner send/recv to handshake[0m
[0;32;49m[03-10 07:20:01 ty D][tuya_tls.c:323] mbedtls_cert_pkey_free.[0m
[0;32;49m[03-10 07:20:01 ty D][tuya_tls.c:702] handshake finish for a2.tuyacn.com. set send/recv to user set[0m
[0;32;49m[03-10 07:20:01 ty D][tuya_tls.c:708] TUYA_TLS Success Connect a2.tuyacn.com:443 Suit:TLS-ECDHE-RSA-WITH-AES-128-GCM-SHA256[0m
[0;32;49m[03-10 07:20:01 ty D][http_client_wrapper.c:119] tls connencted![0m
[0;32;49m[03-10 07:20:01 ty D][http_client_wrapper.c:147] http request send![0m
[0;32;49m[03-10 07:20:01 ty D][http_client_wrapper.c:40] HTTP header add key=User-Agent[0m
[0;32;49m[03-10 07:20:01 ty D][http_client_wrapper.c:40] HTTP header add key=Content-Type[0m
[0;32;49m[03-10 07:20:01 ty D][http_client_wrapper.c:51] Sending HTTP POST request to a2.tuyacn.com[0m
[0;32;49m[03-10 07:20:01 ty D][tls_transporter.c:122] tls transporter close socket fd:1[0m
[0;32;49m[03-10 07:20:01 ty D][tcp_transporter.c:200] tcp transporter close socket fd:1[0m
[0;32;49m[03-10 07:20:01 ty D][tls_transporter.c:130] tls transporter close tls handler:0x608ca798[0m
[0;32;49m[03-10 07:20:01 ty D][tuya_tls.c:819] TUYA_TLS Disconnect ENTER[0m
[0;32;49m[03-10 07:20:01 ty D][tuya_tls.c:844] TUYA_TLS Disconnect Success[0m
[0;32;49m[03-10 07:20:01 ty D][tuya_tls.c:511] tuya_tls_connect_destroy.[0m
[0;32;49m[03-10 07:20:01 ty D][atop_base.c:267] result:
{"t":1773127202,"success":false,"errorCode":"NOT_EXISTS","errorMsg":"Product Not exist"}[0m
[0;31;49m[03-10 07:20:01 ty E][atop_base.c:319] errorMsg:Product Not exist[0m
[0;32;49m[03-10 07:20:01 ty D][tuya_app_main.c:153] Tuya Event ID:12(TUYA_EVENT_TIMESTAMP_SYNC)[0m
[0;36;49m[03-10 07:20:01 ty I][tuya_app_main.c:154] Device Free heap 145488[0m
[0;36;49m[03-10 07:20:01 ty I][tuya_app_main.c:212] Sync timestamp:1773127202[0m
[0;31;49m[03-10 07:20:02 ty E][tuya_iot.c:274] activate_response_parse error:-2[0m
[0;32;49m[03-10 07:20:03 ty D][tal_kv.c:270] lfs key not found: uuid372137b7e155c1c5.devid[0m
[0;32;49m[03-10 07:20:03 ty D][atop_service.c:210] POST JSON:{"token":"Ln8n94u7","softVer":"1.0.0","productKey":"xxxxxxxxxxxxxxxx","protocolVer":"2.3","baselineVer":"40.07","options": "{\"otaChannel\":0, \"isFK\":false}","devAttribute":2048,"cadVer":"1.0.3","cdVer":"1.0.0","t":1773127203}[0m
[0;32;49m[03-10 07:20:03 ty D][atop_base.c:417] TUYA_HTTPS_ATOP_URL: /d.json?[0m
[0;32;49m[03-10 07:20:03 ty D][atop_base.c:434] request url len:125: /d.json?a=thing.device.opensdk.active&et=3&t=1773127203&uuid=uuid372137b7e155c1c5&v=1.0&sign=1c9099e650a4cb708d164f266cceb92c[0m
[0;32;49m[03-10 07:20:03 ty D][atop_base.c:448] atop_request_data_encode[0m
[0;32;49m[03-10 07:20:03 ty D][atop_base.c:457] out post data len:517, data:data=356266366237616536303231B4B20540CE329BD1DAE129B8AB3A6354BCCF1BAF789064B6835989B8F2098B7F8B7318C73D9E15C482DCBC373D2C51F118E017DF7B315358AB3F5AEC9397D49669B914CFB131D9E37AF3EB5DB8DC8FEFF02E50B93CCB0DFAFEE5B543CF47B2B755513EC30A05D80B0638AEA68E17A08474C9EB9E718C089D2C4C7D4BC44652F5AE0922B8607FD05CA2325E89EB5BC694E2A7854EFFDE8A9AF3BE4A950C91D822DAA9CB482BAD8885904D8A9972A6F59F9EE1D1F7DEF413771F57B715F976DC2F52856CFE9139F4C30CB68DAD6E35ED94ADEA5ED8A107734F5B8A830A2623BDDF1B72699D01FD5005C3A80385B096EBDF08B2C415[0m
[0;32;49m[03-10 07:20:03 ty D][atop_base.c:469] http request send![0m
tkl_net_socket_create type(0), fd(1)!
[0;32;49m[03-10 07:20:03 ty D][tuya_tls.c:590] TUYA_TLS Begin Connect a2.tuyacn.com:443[0m
[0;32;49m[03-10 07:20:03 ty D][tuya_tls.c:341] mbedtls authmode: MBEDTLS_SSL_VERIFY_REQUIRED[0m
[0;32;49m[03-10 07:20:03 ty D][tuya_tls.c:354] load root ca cert.[0m
[0;32;49m[03-10 07:20:03 ty D][tuya_tls.c:661] socket fd is set. set to inner send/recv to handshake[0m
[0;32;49m[03-10 07:20:03 ty D][tuya_tls.c:323] mbedtls_cert_pkey_free.[0m
[0;32;49m[03-10 07:20:03 ty D][tuya_tls.c:702] handshake finish for a2.tuyacn.com. set send/recv to user set[0m
[0;32;49m[03-10 07:20:03 ty D][tuya_tls.c:708] TUYA_TLS Success Connect a2.tuyacn.com:443 Suit:TLS-ECDHE-RSA-WITH-AES-128-GCM-SHA256[0m
[0;32;49m[03-10 07:20:03 ty D][http_client_wrapper.c:119] tls connencted![0m
[0;32;49m[03-10 07:20:03 ty D][http_client_wrapper.c:147] http request send![0m
[0;32;49m[03-10 07:20:03 ty D][http_client_wrapper.c:40] HTTP header add key=User-Agent[0m
[0;32;49m[03-10 07:20:03 ty D][http_client_wrapper.c:40] HTTP header add key=Content-Type[0m
[0;32;49m[03-10 07:20:03 ty D][http_client_wrapper.c:51] Sending HTTP POST request to a2.tuyacn.com[0m
[0;32;49m[03-10 07:20:03 ty D][tls_transporter.c:122] tls transporter close socket fd:1[0m
[0;32;49m[03-10 07:20:03 ty D][tcp_transporter.c:200] tcp transporter close socket fd:1[0m
[0;32;49m[03-10 07:20:03 ty D][tls_transporter.c:130] tls transporter close tls handler:0x608ca798[0m
[0;32;49m[03-10 07:20:03 ty D][tuya_tls.c:819] TUYA_TLS Disconnect ENTER[0m
[0;32;49m[03-10 07:20:03 ty D][tuya_tls.c:844] TUYA_TLS Disconnect Success[0m
[0;32;49m[03-10 07:20:03 ty D][tuya_tls.c:511] tuya_tls_connect_destroy.[0m
[0;32;49m[03-10 07:20:03 ty D][atop_base.c:267] result:
{"t":1773127203,"success":false,"errorCode":"NOT_EXISTS","errorMsg":"Product Not exist"}[0m
[0;31;49m[03-10 07:20:03 ty E][atop_base.c:319] errorMsg:Product Not exist[0m
[0;32;49m[03-10 07:20:03 ty D][tuya_app_main.c:153] Tuya Event ID:12(TUYA_EVENT_TIMESTAMP_SYNC)[0m
[0;36;49m[03-10 07:20:03 ty I][tuya_app_main.c:154] Device Free heap 145488[0m
[0;36;49m[03-10 07:20:03 ty I][tuya_app_main.c:212] Sync timestamp:1773127203[0m
[0;31;49m[03-10 07:20:03 ty E][tuya_iot.c:274] activate_response_parse error:-2[0m
[0;32;49m[03-10 07:20:04 ty D][tal_kv.c:270] lfs key not found: uuid372137b7e155c1c5.devid[0m
[0;32;49m[03-10 07:20:04 ty D][atop_service.c:210] POST JSON:{"token":"Ln8n94u7","softVer":"1.0.0","productKey":"xxxxxxxxxxxxxxxx","protocolVer":"2.3","baselineVer":"40.07","options": "{\"otaChannel\":0, \"isFK\":false}","devAttribute":2048,"cadVer":"1.0.3","cdVer":"1.0.0","t":1773127204}[0m
[0;32;49m[03-10 07:20:04 ty D][atop_base.c:417] TUYA_HTTPS_ATOP_URL: /d.json?[0m
[0;32;49m[03-10 07:20:04 ty D][atop_base.c:434] request url len:125: /d.json?a=thing.device.opensdk.active&et=3&t=1773127204&uuid=uuid372137b7e155c1c5&v=1.0&sign=6fa2049b63b40a5e03c58cd35410b89b[0m
[0;32;49m[03-10 07:20:04 ty D][atop_base.c:448] atop_request_data_encode[0m
[0;32;49m[03-10 07:20:04 ty D][atop_base.c:457] out post data len:517, data:data=373136356366313563623263182D97B4ED2A184B37EEA1C98611B81EAA0E6FD06D468030807BB70784B71A1FBF2C932603CA043083BE21D9E474BAEF4CC92A3C8795C04D93D3730CABF045C3ADDCDB2A2757ADB9BA922984E9B8FF61103B77EEA45CC24F46A05BCC1F5C13EDD6914B84ACFEDB9DF03D17C535CD74BA6E281EE532D90926D3E9EE4E9DBF1465DE607A7F98FA958A8F19460A6401CE566BF68021C943287123F268FBB00621DF337D5A0DDDAB0C9E6B9ACA568863CAABE9048959E74B7ADA159889124AB5C222EB37413892EEAB7704074FCF80614901D1A862CF1AA5E96D674D851D890460C42E6CEC172121B71A0DEB379C00CD1D892D3B81AA[0m
[0;32;49m[03-10 07:20:04 ty D][atop_base.c:469] http request send![0m
tkl_net_socket_create type(0), fd(1)!
[0;32;49m[03-10 07:20:04 ty D][tuya_tls.c:590] TUYA_TLS Begin Connect a2.tuyacn.com:443[0m
[0;32;49m[03-10 07:20:04 ty D][tuya_tls.c:341] mbedtls authmode: MBEDTLS_SSL_VERIFY_REQUIRED[0m
[0;32;49m[03-10 07:20:04 ty D][tuya_tls.c:354] load root ca cert.[0m
[0;32;49m[03-10 07:20:04 ty D][tuya_tls.c:661] socket fd is set. set to inner send/recv to handshake[0m
[0;32;49m[03-10 07:20:04 ty D][tuya_tls.c:323] mbedtls_cert_pkey_free.[0m
[0;32;49m[03-10 07:20:04 ty D][tuya_tls.c:702] handshake finish for a2.tuyacn.com. set send/recv to user set[0m
[0;32;49m[03-10 07:20:04 ty D][tuya_tls.c:708] TUYA_TLS Success Connect a2.tuyacn.com:443 Suit:TLS-ECDHE-RSA-WITH-AES-128-GCM-SHA256[0m
[0;32;49m[03-10 07:20:04 ty D][http_client_wrapper.c:119] tls connencted![0m
[0;32;49m[03-10 07:20:04 ty D][http_client_wrapper.c:147] http request send![0m
[0;32;49m[03-10 07:20:04 ty D][http_client_wrapper.c:40] HTTP header add key=User-Agent[0m
[0;32;49m[03-10 07:20:04 ty D][http_client_wrapper.c:40] HTTP header add key=Content-Type[0m
[0;32;49m[03-10 07:20:04 ty D][http_client_wrapper.c:51] Sending HTTP POST request to a2.tuyacn.com[0m
[0;32;49m[03-10 07:20:04 ty D][tls_transporter.c:122] tls transporter close socket fd:1[0m
[0;32;49m[03-10 07:20:04 ty D][tcp_transporter.c:200] tcp transporter close socket fd:1[0m
[0;32;49m[03-10 07:20:04 ty D][tls_transporter.c:130] tls transporter close tls handler:0x608ca798[0m
[0;32;49m[03-10 07:20:04 ty D][tuya_tls.c:819] TUYA_TLS Disconnect ENTER[0m
[0;32;49m[03-10 07:20:04 ty D][tuya_tls.c:844] TUYA_TLS Disconnect Success[0m
[0;32;49m[03-10 07:20:04 ty D][tuya_tls.c:511] tuya_tls_connect_destroy.[0m
[0;32;49m[03-10 07:20:04 ty D][atop_base.c:267] result:
{"t":1773127205,"success":false,"errorCode":"NOT_EXISTS","errorMsg":"Product Not exist"}[0m
[0;31;49m[03-10 07:20:04 ty E][atop_base.c:319] errorMsg:Product Not exist[0m
[0;32;49m[03-10 07:20:04 ty D][tuya_app_main.c:153] Tuya Event ID:12(TUYA_EVENT_TIMESTAMP_SYNC)[0m
[0;36;49m[03-10 07:20:04 ty I][tuya_app_main.c:154] Device Free heap 145488[0m
[0;36;49m[03-10 07:20:04 ty I][tuya_app_main.c:212] Sync timestamp:1773127205[0m
[0;31;49m[03-10 07:20:05 ty E][tuya_iot.c:274] activate_response_parse error:-2[0m
[0;36;49m[03-10 07:20:05 ty I][ducky_claw_chat.c:52] Free heap size:146736, Free psram heap size:7408712[0m
[0;32;49m[03-10 07:20:06 ty D][tal_kv.c:270] lfs key not found: uuid372137b7e155c1c5.devid[0m
[0;32;49m[03-10 07:20:06 ty D][atop_service.c:210] POST JSON:{"token":"Ln8n94u7","softVer":"1.0.0","productKey":"xxxxxxxxxxxxxxxx","protocolVer":"2.3","baselineVer":"40.07","options": "{\"otaChannel\":0, \"isFK\":false}","devAttribute":2048,"cadVer":"1.0.3","cdVer":"1.0.0","t":1773127206}[0m
[0;32;49m[03-10 07:20:06 ty D][atop_base.c:417] TUYA_HTTPS_ATOP_URL: /d.json?[0m
[0;32;49m[03-10 07:20:06 ty D][atop_base.c:434] request url len:125: /d.json?a=thing.device.opensdk.active&et=3&t=1773127206&uuid=uuid372137b7e155c1c5&v=1.0&sign=5bfd575435acccc3f15cc5b96eb433e7[0m
[0;32;49m[03-10 07:20:06 ty D][atop_base.c:448] atop_request_data_encode[0m
[0;32;49m[03-10 07:20:06 ty D][atop_base.c:457] out post data len:517, data:data=306364643463343534313863B37C797B60EDEAD54173CBD5F2F78105AB8B94EF061A7B7EAA63E430D74FD0D44711632E7FFFDEABC2EFD6D230FBD2E36A771A425EA90E72AC8B6C72700868ED155A5118B58031F9C8F0D77DEC88EF1D2EA13A83D1295D196ED49949B8E337BCD3E8AC64D36137D56334E18CF332439BDBF0CCE676500F0AC48ED34A85F7E8D21AC77C5B4DA2A5F032EA93F73977AE9BAFB01DA5FF93245041E6EACEABC0BC10F700B401444E49F40259EBF54A800E7F753512BCFAE09CED2D7A6613C432A214D73AF140ECFB4BE67C6C4734E1FDDE56DF446BFD161F7070D917D7A660603FDAD73B076257EBE78D8BB2BDDCDA8D7C838633F84E[0m
[0;32;49m[03-10 07:20:06 ty D][atop_base.c:469] http request send![0m
tkl_net_socket_create type(0), fd(1)!
[0;32;49m[03-10 07:20:06 ty D][tuya_tls.c:590] TUYA_TLS Begin Connect a2.tuyacn.com:443[0m
[0;32;49m[03-10 07:20:06 ty D][tuya_tls.c:341] mbedtls authmode: MBEDTLS_SSL_VERIFY_REQUIRED[0m
[0;32;49m[03-10 07:20:06 ty D][tuya_tls.c:354] load root ca cert.[0m
[0;32;49m[03-10 07:20:06 ty D][tuya_tls.c:661] socket fd is set. set to inner send/recv to handshake[0m
[0;32;49m[03-10 07:20:06 ty D][tuya_tls.c:323] mbedtls_cert_pkey_free.[0m
[0;32;49m[03-10 07:20:06 ty D][tuya_tls.c:702] handshake finish for a2.tuyacn.com. set send/recv to user set[0m
[0;32;49m[03-10 07:20:06 ty D][tuya_tls.c:708] TUYA_TLS Success Connect a2.tuyacn.com:443 Suit:TLS-ECDHE-RSA-WITH-AES-128-GCM-SHA256[0m
[0;32;49m[03-10 07:20:06 ty D][http_client_wrapper.c:119] tls connencted![0m
[0;32;49m[03-10 07:20:06 ty D][http_client_wrapper.c:147] http request send![0m
[0;32;49m[03-10 07:20:06 ty D][http_client_wrapper.c:40] HTTP header add key=User-Agent[0m
[0;32;49m[03-10 07:20:06 ty D][http_client_wrapper.c:40] HTTP header add key=Content-Type[0m
[0;32;49m[03-10 07:20:06 ty D][http_client_wrapper.c:51] Sending HTTP POST request to a2.tuyacn.com[0m
[0;32;49m[03-10 07:20:06 ty D][tls_transporter.c:122] tls transporter close socket fd:1[0m
[0;32;49m[03-10 07:20:06 ty D][tcp_transporter.c:200] tcp transporter close socket fd:1[0m
[0;32;49m[03-10 07:20:06 ty D][tls_transporter.c:130] tls transporter close tls handler:0x608ca798[0m
[0;32;49m[03-10 07:20:06 ty D][tuya_tls.c:819] TUYA_TLS Disconnect ENTER[0m
[0;32;49m[03-10 07:20:06 ty D][tuya_tls.c:844] TUYA_TLS Disconnect Success[0m
[0;32;49m[03-10 07:20:06 ty D][tuya_tls.c:511] tuya_tls_connect_destroy.[0m
[0;32;49m[03-10 07:20:06 ty D][atop_base.c:267] result:
{"t":1773127206,"success":false,"errorCode":"NOT_EXISTS","errorMsg":"Product Not exist"}[0m
[0;31;49m[03-10 07:20:06 ty E][atop_base.c:319] errorMsg:Product Not exist[0m
[0;32;49m[03-10 07:20:06 ty D][tuya_app_main.c:153] Tuya Event ID:12(TUYA_EVENT_TIMESTAMP_SYNC)[0m
[0;36;49m[03-10 07:20:06 ty I][tuya_app_main.c:154] Device Free heap 145488[0m
[0;36;49m[03-10 07:20:06 ty I][tuya_app_main.c:212] Sync timestamp:1773127206[0m
[0;31;49m[03-10 07:20:06 ty E][tuya_iot.c:274] activate_response_parse error:-2[0m
[0;32;49m[03-10 07:20:07 ty D][tal_kv.c:270] lfs key not found: uuid372137b7e155c1c5.devid[0m
[0;32;49m[03-10 07:20:07 ty D][atop_service.c:210] POST JSON:{"token":"Ln8n94u7","softVer":"1.0.0","productKey":"xxxxxxxxxxxxxxxx","protocolVer":"2.3","baselineVer":"40.07","options": "{\"otaChannel\":0, \"isFK\":false}","devAttribute":2048,"cadVer":"1.0.3","cdVer":"1.0.0","t":1773127207}[0m
[0;32;49m[03-10 07:20:07 ty D][atop_base.c:417] TUYA_HTTPS_ATOP_URL: /d.json?[0m
[0;32;49m[03-10 07:20:07 ty D][atop_base.c:434] request url len:125: /d.json?a=thing.device.opensdk.active&et=3&t=1773127207&uuid=uuid372137b7e155c1c5&v=1.0&sign=e2aa27392ce16eab83ec9bfc31697a10[0m
[0;32;49m[03-10 07:20:07 ty D][atop_base.c:448] atop_request_data_encode[0m
[0;32;49m[03-10 07:20:07 ty D][atop_base.c:457] out post data len:517, data:data=36333865306436626563643429D1604FF14BD0C695A7316636A7865ECFD25627B042AF9A4E66158F76D3B617E740549F22CD3FA0D108C5F5E61CC95EBFD05A1F731FCC27D3789CD7E296F2CBABBD716B1AE25DCCBBBD647B2309DF94B0F7249248DFE1ED9F468319E101980C12CB1EA774D316D43244C051D5F1F8EC333F8429303ACECD692D5575D8D51DD7C5F6EA114C791FE3D2DF8E3C0C62AA275CC267132792819978101352405E26B209E3802EF83A2483C8833921B37A23DB01A96B61455D26C16FA30EA54999AA927ED7ED4EA880BF14CF5C5BFE688AA3EC0309A1CF107DBEBE05C452B02F1ECD8A229711EA97E9DD4B684B96EAA41D829F542F5B98[0m
[0;32;49m[03-10 07:20:07 ty D][atop_base.c:469] http request send![0m
tkl_net_socket_create type(0), fd(1)!
[0;32;49m[03-10 07:20:07 ty D][tuya_tls.c:590] TUYA_TLS Begin Connect a2.tuyacn.com:443[0m
[0;32;49m[03-10 07:20:07 ty D][tuya_tls.c:341] mbedtls authmode: MBEDTLS_SSL_VERIFY_REQUIRED[0m
[0;32;49m[03-10 07:20:07 ty D][tuya_tls.c:354] load root ca cert.[0m
[0;32;49m[03-10 07:20:07 ty D][tuya_tls.c:661] socket fd is set. set to inner send/recv to handshake[0m
[0;32;49m[03-10 07:20:07 ty D][tuya_tls.c:323] mbedtls_cert_pkey_free.[0m
[0;32;49m[03-10 07:20:07 ty D][tuya_tls.c:702] handshake finish for a2.tuyacn.com. set send/recv to user set[0m
[0;32;49m[03-10 07:20:07 ty D][tuya_tls.c:708] TUYA_TLS Success Connect a2.tuyacn.com:443 Suit:TLS-ECDHE-RSA-WITH-AES-128-GCM-SHA256[0m
[0;32;49m[03-10 07:20:07 ty D][http_client_wrapper.c:119] tls connencted![0m
[0;32;49m[03-10 07:20:07 ty D][http_client_wrapper.c:147] http request send![0m
[0;32;49m[03-10 07:20:07 ty D][http_client_wrapper.c:40] HTTP header add key=User-Agent[0m
[0;32;49m[03-10 07:20:07 ty D][http_client_wrapper.c:40] HTTP header add key=Content-Type[0m
[0;32;49m[03-10 07:20:07 ty D][http_client_wrapper.c:51] Sending HTTP POST request to a2.tuyacn.com[0m
[0;32;49m[03-10 07:20:07 ty D][tls_transporter.c:122] tls transporter close socket fd:1[0m
[0;32;49m[03-10 07:20:07 ty D][tcp_transporter.c:200] tcp transporter close socket fd:1[0m
[0;32;49m[03-10 07:20:07 ty D][tls_transporter.c:130] tls transporter close tls handler:0x608ca798[0m
[0;32;49m[03-10 07:20:07 ty D][tuya_tls.c:819] TUYA_TLS Disconnect ENTER[0m
[0;32;49m[03-10 07:20:07 ty D][tuya_tls.c:844] TUYA_TLS Disconnect Success[0m
[0;32;49m[03-10 07:20:07 ty D][tuya_tls.c:511] tuya_tls_connect_destroy.[0m
[0;32;49m[03-10 07:20:07 ty D][atop_base.c:267] result:
{"t":1773127208,"success":false,"errorCode":"NOT_EXISTS","errorMsg":"Product Not exist"}[0m
[0;31;49m[03-10 07:20:07 ty E][atop_base.c:319] errorMsg:Product Not exist[0m
[0;32;49m[03-10 07:20:07 ty D][tuya_app_main.c:153] Tuya Event ID:12(TUYA_EVENT_TIMESTAMP_SYNC)[0m
[0;36;49m[03-10 07:20:07 ty I][tuya_app_main.c:154] Device Free heap 145488[0m
[0;36;49m[03-10 07:20:07 ty I][tuya_app_main.c:212] Sync timestamp:1773127208[0m
[0;31;49m[03-10 07:20:08 ty E][tuya_iot.c:274] activate_response_parse error:-2[0m
[0;32;49m[03-10 07:20:09 ty D][tal_kv.c:270] lfs key not found: uuid372137b7e155c1c5.devid[0m
[0;32;49m[03-10 07:20:09 ty D][atop_service.c:210] POST JSON:{"token":"Ln8n94u7","softVer":"1.0.0","productKey":"xxxxxxxxxxxxxxxx","protocolVer":"2.3","baselineVer":"40.07","options": "{\"otaChannel\":0, \"isFK\":false}","devAttribute":2048,"cadVer":"1.0.3","cdVer":"1.0.0","t":1773127209}[0m
[0;32;49m[03-10 07:20:09 ty D][atop_base.c:417] TUYA_HTTPS_ATOP_URL: /d.json?[0m
[0;32;49m[03-10 07:20:09 ty D][atop_base.c:434] request url len:125: /d.json?a=thing.device.opensdk.active&et=3&t=1773127209&uuid=uuid372137b7e155c1c5&v=1.0&sign=92bc3dbbf3a45d2368657965629939dd[0m
[0;32;49m[03-10 07:20:09 ty D][atop_base.c:448] atop_request_data_encode[0m
[0;32;49m[03-10 07:20:09 ty D][atop_base.c:457] out post data len:517, data:data=3936666436623335316262303F207DDAA276B1BB844FC0ED5491C988D37B8FB86E4B14F465EB1AD08A2281BAFC4C05B446FF7F98B9957F3D3FE54D318618C8DC7FD40D6429B3B48CA293DC04192E5B4E34508AD160058D2492E361E4A4D0210CF1418A8AFB33B693F2EA9D2CC6DB7C62511E777480C534F94331CCA9EED2D8F8D95C2DCA0E9895C647387C2CCBAD40B922894ABE8F8D8E8FDC7CD34676F310293A172D8971E92907BB803F209ABBBFEE6F9053F711B8A8A9146AB324F0C2F9D5F7F07C95D18057C342631526407BD5A9DEE5E595A3C9711B3B08BF4C1D55519A78FE9248A6399B77C651187F1A8D3735208CACC47AC6163321D85D4BED4D76D2[0m
[0;32;49m[03-10 07:20:09 ty D][atop_base.c:469] http request send![0m
tkl_net_socket_create type(0), fd(1)!
[0;32;49m[03-10 07:20:09 ty D][tuya_tls.c:590] TUYA_TLS Begin Connect a2.tuyacn.com:443[0m
[0;32;49m[03-10 07:20:09 ty D][tuya_tls.c:341] mbedtls authmode: MBEDTLS_SSL_VERIFY_REQUIRED[0m
[0;32;49m[03-10 07:20:09 ty D][tuya_tls.c:354] load root ca cert.[0m
[0;32;49m[03-10 07:20:09 ty D][tuya_tls.c:661] socket fd is set. set to inner send/recv to handshake[0m
[0;32;49m[03-10 07:20:09 ty D][tuya_tls.c:323] mbedtls_cert_pkey_free.[0m
[0;32;49m[03-10 07:20:09 ty D][tuya_tls.c:702] handshake finish for a2.tuyacn.com. set send/recv to user set[0m
[0;32;49m[03-10 07:20:09 ty D][tuya_tls.c:708] TUYA_TLS Success Connect a2.tuyacn.com:443 Suit:TLS-ECDHE-RSA-WITH-AES-128-GCM-SHA256[0m
[0;32;49m[03-10 07:20:09 ty D][http_client_wrapper.c:119] tls connencted![0m
[0;32;49m[03-10 07:20:09 ty D][http_client_wrapper.c:147] http request send![0m
[0;32;49m[03-10 07:20:09 ty D][http_client_wrapper.c:40] HTTP header add key=User-Agent[0m
[0;32;49m[03-10 07:20:09 ty D][http_client_wrapper.c:40] HTTP header add key=Content-Type[0m
[0;32;49m[03-10 07:20:09 ty D][http_client_wrapper.c:51] Sending HTTP POST request to a2.tuyacn.com[0m
[0;32;49m[03-10 07:20:09 ty D][tls_transporter.c:122] tls transporter close socket fd:1[0m
[0;32;49m[03-10 07:20:09 ty D][tcp_transporter.c:200] tcp transporter close socket fd:1[0m
[0;32;49m[03-10 07:20:09 ty D][tls_transporter.c:130] tls transporter close tls handler:0x608ca798[0m
[0;32;49m[03-10 07:20:09 ty D][tuya_tls.c:819] TUYA_TLS Disconnect ENTER[0m
[0;32;49m[03-10 07:20:09 ty D][tuya_tls.c:844] TUYA_TLS Disconnect Success[0m
[0;32;49m[03-10 07:20:09 ty D][tuya_tls.c:511] tuya_tls_connect_destroy.[0m
[0;32;49m[03-10 07:20:09 ty D][atop_base.c:267] result:
{"t":1773127209,"success":false,"errorCode":"NOT_EXISTS","errorMsg":"Product Not exist"}[0m
[0;31;49m[03-10 07:20:09 ty E][atop_base.c:319] errorMsg:Product Not exist[0m
[0;32;49m[03-10 07:20:09 ty D][tuya_app_main.c:153] Tuya Event ID:12(TUYA_EVENT_TIMESTAMP_SYNC)[0m
[0;36;49m[03-10 07:20:09 ty I][tuya_app_main.c:154] Device Free heap 145488[0m
[0;36;49m[03-10 07:20:09 ty I][tuya_app_main.c:212] Sync timestamp:1773127209[0m
[0;31;49m[03-10 07:20:09 ty E][tuya_iot.c:274] activate_response_parse error:-2[0m
[0;32;49m[03-10 07:20:09 ty D][tuya_health.c:75] feed watchdog[0m
[0;32;49m[03-10 07:20:10 ty D][tal_kv.c:270] lfs key not found: uuid372137b7e155c1c5.devid[0m
[0;32;49m[03-10 07:20:10 ty D][atop_service.c:210] POST JSON:{"token":"Ln8n94u7","softVer":"1.0.0","productKey":"xxxxxxxxxxxxxxxx","protocolVer":"2.3","baselineVer":"40.07","options": "{\"otaChannel\":0, \"isFK\":false}","devAttribute":2048,"cadVer":"1.0.3","cdVer":"1.0.0","t":1773127210}[0m
[0;32;49m[03-10 07:20:10 ty D][atop_base.c:417] TUYA_HTTPS_ATOP_URL: /d.json?[0m
[0;32;49m[03-10 07:20:10 ty D][atop_base.c:434] request url len:125: /d.json?a=thing.device.opensdk.active&et=3&t=1773127210&uuid=uuid372137b7e155c1c5&v=1.0&sign=94984df400239347e484757a6bb2382f[0m
[0;32;49m[03-10 07:20:10 ty D][atop_base.c:448] atop_request_data_encode[0m
[0;32;49m[03-10 07:20:10 ty D][atop_base.c:457] out post data len:517, data:data=6163613631323034646334617E59C1F8D23A5D54E87E70C1DDA2908EED2EB84715BAB414AB31FE8016B5503D98E0F853CAFE8426578B8AE28D5752BDCF1BC4DBC01799AAEE99B2E307D54CF64E234CCAD9A7011FD4C1A995CE4D7CCC9360CC9634570720A2C9F71E0311BB3B2430CFDCC9F105F745C8D1409F9B3B684CD69E6996C671FD4EA3FA162BA5A551046E478E839FCF48D8741F46BC2A0F6BFAECCB31C311E5A2862972F805CB8EBA4D33D076211FB66978F05179A2975D04B441EC6D7197B662D10AB9F6D4453BD50ABAA7CAE873BE69B0C8C013018A849298A1C4926F57731D8D1585503917F9FAE38129C5C8E922CAB5B1F0BAA4847AB8B977F7AF[0m
[0;32;49m[03-10 07:20:10 ty D][atop_base.c:469] http request send![0m
tkl_net_socket_create type(0), fd(1)!
[0;32;49m[03-10 07:20:10 ty D][tuya_tls.c:590] TUYA_TLS Begin Connect a2.tuyacn.com:443[0m
[0;32;49m[03-10 07:20:10 ty D][tuya_tls.c:341] mbedtls authmode: MBEDTLS_SSL_VERIFY_REQUIRED[0m
[0;32;49m[03-10 07:20:10 ty D][tuya_tls.c:354] load root ca cert.[0m
[0;32;49m[03-10 07:20:10 ty D][tuya_tls.c:661] socket fd is set. set to inner send/recv to handshake[0m
[0;32;49m[03-10 07:20:10 ty D][tuya_tls.c:323] mbedtls_cert_pkey_free.[0m
[0;32;49m[03-10 07:20:10 ty D][tuya_tls.c:702] handshake finish for a2.tuyacn.com. set send/recv to user set[0m
[0;32;49m[03-10 07:20:10 ty D][tuya_tls.c:708] TUYA_TLS Success Connect a2.tuyacn.com:443 Suit:TLS-ECDHE-RSA-WITH-AES-128-GCM-SHA256[0m
[0;32;49m[03-10 07:20:10 ty D][http_client_wrapper.c:119] tls connencted![0m
[0;32;49m[03-10 07:20:10 ty D][http_client_wrapper.c:147] http request send![0m
[0;32;49m[03-10 07:20:10 ty D][http_client_wrapper.c:40] HTTP header add key=User-Agent[0m
[0;32;49m[03-10 07:20:10 ty D][http_client_wrapper.c:40] HTTP header add key=Content-Type[0m
[0;32;49m[03-10 07:20:10 ty D][http_client_wrapper.c:51] Sending HTTP POST request to a2.tuyacn.com[0m
[0;32;49m[03-10 07:20:10 ty D][tls_transporter.c:122] tls transporter close socket fd:1[0m
[0;32;49m[03-10 07:20:10 ty D][tcp_transporter.c:200] tcp transporter close socket fd:1[0m
[0;32;49m[03-10 07:20:10 ty D][tls_transporter.c:130] tls transporter close tls handler:0x608ca798[0m
[0;32;49m[03-10 07:20:10 ty D][tuya_tls.c:819] TUYA_TLS Disconnect ENTER[0m
[0;32;49m[03-10 07:20:10 ty D][tuya_tls.c:844] TUYA_TLS Disconnect Success[0m
[0;32;49m[03-10 07:20:10 ty D][tuya_tls.c:511] tuya_tls_connect_destroy.[0m
[0;32;49m[03-10 07:20:10 ty D][atop_base.c:267] result:
{"t":1773127211,"success":false,"errorCode":"NOT_EXISTS","errorMsg":"Product Not exist"}[0m
[0;31;49m[03-10 07:20:10 ty E][atop_base.c:319] errorMsg:Product Not exist[0m
[0;32;49m[03-10 07:20:10 ty D][tuya_app_main.c:153] Tuya Event ID:12(TUYA_EVENT_TIMESTAMP_SYNC)[0m
[0;36;49m[03-10 07:20:10 ty I][tuya_app_main.c:154] Device Free heap 145488[0m
[0;36;49m[03-10 07:20:10 ty I][tuya_app_main.c:212] Sync timestamp:1773127211[0m
[0;31;49m[03-10 07:20:11 ty E][tuya_iot.c:274] activate_response_parse error:-2[0m
[0;32;49m[03-10 07:20:12 ty D][tal_kv.c:270] lfs key not found: uuid372137b7e155c1c5.devid[0m
[0;32;49m[03-10 07:20:12 ty D][atop_service.c:210] POST JSON:{"token":"Ln8n94u7","softVer":"1.0.0","productKey":"xxxxxxxxxxxxxxxx","protocolVer":"2.3","baselineVer":"40.07","options": "{\"otaChannel\":0, \"isFK\":false}","devAttribute":2048,"cadVer":"1.0.3","cdVer":"1.0.0","t":1773127212}[0m
[0;32;49m[03-10 07:20:12 ty D][atop_base.c:417] TUYA_HTTPS_ATOP_URL: /d.json?[0m
[0;32;49m[03-10 07:20:12 ty D][atop_base.c:434] request url len:125: /d.json?a=thing.device.opensdk.active&et=3&t=1773127212&uuid=uuid372137b7e155c1c5&v=1.0&sign=51b3bd37cd7c5738c91243ed6fda29f1[0m
[0;32;49m[03-10 07:20:12 ty D][atop_base.c:448] atop_request_data_encode[0m
[0;32;49m[03-10 07:20:12 ty D][atop_base.c:457] out post data len:517, data:data=3162663066333538613862398E75E5E8E6E11E5BCE84BEC8866130E8E48D8B9ADC7B639034B810B376A23B87D053D224B9A7E9E40B64CF1B2CF5623CA27BDB5F11B8CDA7B65A12975B2664CFEB65037C4A61554840A62868971808A8E4DDAC173D72D49E81D995FBF7C5110DB5E8390448FB1B709CD65BDC3CC01DB4CF3CE5DACA85C4E9FDC99B832BA1DE65DBD49357871574B3E7B1032E539EF22FE3174044C1DCA8F40BBBFE3E58F31722394C1F477B129D4CA4ED3A26018AC6BA8ACB4D2024B42694FFAC45A5624FF31D6BAD05B97414DC82DEC8DCA03E0BE4D8705EA95AB543220D52B2B52E799161B171ADA5741FA76F747C1BA09E4E8F0766C476972F[0m
[0;32;49m[03-10 07:20:12 ty D][atop_base.c:469] http request send![0m
tkl_net_socket_create type(0), fd(1)!
[0;32;49m[03-10 07:20:12 ty D][tuya_tls.c:590] TUYA_TLS Begin Connect a2.tuyacn.com:443[0m
[0;32;49m[03-10 07:20:12 ty D][tuya_tls.c:341] mbedtls authmode: MBEDTLS_SSL_VERIFY_REQUIRED[0m
[0;32;49m[03-10 07:20:12 ty D][tuya_tls.c:354] load root ca cert.[0m
[0;32;49m[03-10 07:20:12 ty D][tuya_tls.c:661] socket fd is set. set to inner send/recv to handshake[0m
[0;32;49m[03-10 07:20:12 ty D][tuya_tls.c:323] mbedtls_cert_pkey_free.[0m
[0;32;49m[03-10 07:20:12 ty D][tuya_tls.c:702] handshake finish for a2.tuyacn.com. set send/recv to user set[0m
[0;32;49m[03-10 07:20:12 ty D][tuya_tls.c:708] TUYA_TLS Success Connect a2.tuyacn.com:443 Suit:TLS-ECDHE-RSA-WITH-AES-128-GCM-SHA256[0m
[0;32;49m[03-10 07:20:12 ty D][http_client_wrapper.c:119] tls connencted![0m
[0;32;49m[03-10 07:20:12 ty D][http_client_wrapper.c:147] http request send![0m
[0;32;49m[03-10 07:20:12 ty D][http_client_wrapper.c:40] HTTP header add key=User-Agent[0m
[0;32;49m[03-10 07:20:12 ty D][http_client_wrapper.c:40] HTTP header add key=Content-Type[0m
[0;32;49m[03-10 07:20:12 ty D][http_client_wrapper.c:51] Sending HTTP POST request to a2.tuyacn.com[0m
[0;32;49m[03-10 07:20:12 ty D][tls_transporter.c:122] tls transporter close socket fd:1[0m
[0;32;49m[03-10 07:20:12 ty D][tcp_transporter.c:200] tcp transporter close socket fd:1[0m
[0;32;49m[03-10 07:20:12 ty D][tls_transporter.c:130] tls transporter close tls handler:0x608ca798[0m
[0;32;49m[03-10 07:20:12 ty D][tuya_tls.c:819] TUYA_TLS Disconnect ENTER[0m
[0;32;49m[03-10 07:20:12 ty D][tuya_tls.c:844] TUYA_TLS Disconnect Success[0m
[0;32;49m[03-10 07:20:12 ty D][tuya_tls.c:511] tuya_tls_connect_destroy.[0m
[0;32;49m[03-10 07:20:12 ty D][atop_base.c:267] result:
{"t":1773127212,"success":false,"errorCode":"NOT_EXISTS","errorMsg":"Product Not exist"}[0m
[0;31;49m[03-10 07:20:12 ty E][atop_base.c:319] errorMsg:Product Not exist[0m
[0;32;49m[03-10 07:20:12 ty D][tuya_app_main.c:153] Tuya Event ID:12(TUYA_EVENT_TIMESTAMP_SYNC)[0m
[0;36;49m[03-10 07:20:12 ty I][tuya_app_main.c:154] Device Free heap 145488[0m
[0;36;49m[03-10 07:20:12 ty I][tuya_app_main.c:212] Sync timestamp:1773127212[0m
[0;31;49m[03-10 07:20:12 ty E][tuya_iot.c:274] activate_response_parse error:-2[0m
[0;32;49m[03-10 07:20:13 ty D][tal_kv.c:270] lfs key not found: uuid372137b7e155c1c5.devid[0m
[0;32;49m[03-10 07:20:13 ty D][atop_service.c:210] POST JSON:{"token":"Ln8n94u7","softVer":"1.0.0","productKey":"xxxxxxxxxxxxxxxx","protocolVer":"2.3","baselineVer":"40.07","options": "{\"otaChannel\":0, \"isFK\":false}","devAttribute":2048,"cadVer":"1.0.3","cdVer":"1.0.0","t":1773127213}[0m
[0;32;49m[03-10 07:20:13 ty D][atop_base.c:417] TUYA_HTTPS_ATOP_URL: /d.json?[0m
[0;32;49m[03-10 07:20:13 ty D][atop_base.c:434] request url len:125: /d.json?a=thing.device.opensdk.active&et=3&t=1773127213&uuid=uuid372137b7e155c1c5&v=1.0&sign=61cb41b964cd9265203d5ded34d9ec72[0m
[0;32;49m[03-10 07:20:13 ty D][atop_base.c:448] atop_request_data_encode[0m
[0;32;49m[03-10 07:20:13 ty D][atop_base.c:457] out post data len:517, data:data=3133366363376265313366610CF6DE163D6D564204D684D60DB65DCAD78705CEFD51C22EB3F991936AB02570DE84D7CE9178C090D2235505C75D29AD8645B591F342B3FC871DAE8CFAB19BA24CB148A38B6B76A3FCDBAC04914114BE712E97CAEA0010EDA31ACE5BEB0CF1774EAF242C91E0B651929078193B208CAF2FEEEE80416771F727890580BCFF8531AD347444DABF10D1980C52C98F9FCFAEED370A0444E16B1ED569719328517D57B8B6FF6058673ACDA7567C7EC22872A3855BE18EB58AA8E2A8958C6B70E398F4CA7702125E47A2D2910DE3DF7A1BE8E11EBB7B27D60BF2E840FA22739A79C37D5D69058A34D3B5D75D535D0354D6DF5682661F71[0m
[0;32;49m[03-10 07:20:13 ty D][atop_base.c:469] http request send![0m
tkl_net_socket_create type(0), fd(1)!
[0;32;49m[03-10 07:20:13 ty D][tuya_tls.c:590] TUYA_TLS Begin Connect a2.tuyacn.com:443[0m
[0;32;49m[03-10 07:20:13 ty D][tuya_tls.c:341] mbedtls authmode: MBEDTLS_SSL_VERIFY_REQUIRED[0m
[0;32;49m[03-10 07:20:13 ty D][tuya_tls.c:354] load root ca cert.[0m
[0;32;49m[03-10 07:20:13 ty D][tuya_tls.c:661] socket fd is set. set to inner send/recv to handshake[0m
[0;32;49m[03-10 07:20:13 ty D][tuya_tls.c:323] mbedtls_cert_pkey_free.[0m
[0;32;49m[03-10 07:20:13 ty D][tuya_tls.c:702] handshake finish for a2.tuyacn.com. set send/recv to user set[0m
[0;32;49m[03-10 07:20:13 ty D][tuya_tls.c:708] TUYA_TLS Success Connect a2.tuyacn.com:443 Suit:TLS-ECDHE-RSA-WITH-AES-128-GCM-SHA256[0m
[0;32;49m[03-10 07:20:13 ty D][http_client_wrapper.c:119] tls connencted![0m
[0;32;49m[03-10 07:20:13 ty D][http_client_wrapper.c:147] http request send![0m
[0;32;49m[03-10 07:20:13 ty D][http_client_wrapper.c:40] HTTP header add key=User-Agent[0m
[0;32;49m[03-10 07:20:13 ty D][http_client_wrapper.c:40] HTTP header add key=Content-Type[0m
[0;32;49m[03-10 07:20:13 ty D][http_client_wrapper.c:51] Sending HTTP POST request to a2.tuyacn.com[0m
[0;32;49m[03-10 07:20:13 ty D][tls_transporter.c:122] tls transporter close socket fd:1[0m
[0;32;49m[03-10 07:20:13 ty D][tcp_transporter.c:200] tcp transporter close socket fd:1[0m
[0;32;49m[03-10 07:20:13 ty D][tls_transporter.c:130] tls transporter close tls handler:0x608ca798[0m
[0;32;49m[03-10 07:20:13 ty D][tuya_tls.c:819] TUYA_TLS Disconnect ENTER[0m
[0;32;49m[03-10 07:20:13 ty D][tuya_tls.c:844] TUYA_TLS Disconnect Success[0m
[0;32;49m[03-10 07:20:13 ty D][tuya_tls.c:511] tuya_tls_connect_destroy.[0m
[0;32;49m[03-10 07:20:13 ty D][atop_base.c:267] result:
{"t":1773127214,"success":false,"errorCode":"NOT_EXISTS","errorMsg":"Product Not exist"}[0m
[0;31;49m[03-10 07:20:13 ty E][atop_base.c:319] errorMsg:Product Not exist[0m
[0;32;49m[03-10 07:20:13 ty D][tuya_app_main.c:153] Tuya Event ID:12(TUYA_EVENT_TIMESTAMP_SYNC)[0m
[0;36;49m[03-10 07:20:13 ty I][tuya_app_main.c:154] Device Free heap 145488[0m
[0;36;49m[03-10 07:20:13 ty I][tuya_app_main.c:212] Sync timestamp:1773127214[0m
[0;31;49m[03-10 07:20:14 ty E][tuya_iot.c:274] activate_response_parse error:-2[0m
[0;32;49m[03-10 07:20:15 ty D][tal_kv.c:270] lfs key not found: uuid372137b7e155c1c5.devid[0m
[0;32;49m[03-10 07:20:15 ty D][atop_service.c:210] POST JSON:{"token":"Ln8n94u7","softVer":"1.0.0","productKey":"xxxxxxxxxxxxxxxx","protocolVer":"2.3","baselineVer":"40.07","options": "{\"otaChannel\":0, \"isFK\":false}","devAttribute":2048,"cadVer":"1.0.3","cdVer":"1.0.0","t":1773127215}[0m
[0;32;49m[03-10 07:20:15 ty D][atop_base.c:417] TUYA_HTTPS_ATOP_URL: /d.json?[0m
[0;32;49m[03-10 07:20:15 ty D][atop_base.c:434] request url len:125: /d.json?a=thing.device.opensdk.active&et=3&t=1773127215&uuid=uuid372137b7e155c1c5&v=1.0&sign=76654a1c249b65426b80ffd677bad991[0m
[0;32;49m[03-10 07:20:15 ty D][atop_base.c:448] atop_request_data_encode[0m
[0;32;49m[03-10 07:20:15 ty D][atop_base.c:457] out post data len:517, data:data=663236353965313061316164C274747C5D424A6D8BE2E38E7EEC9DF5E287C517A69DBD90E27AEFE49E1AF6278D92B94A43310DB8EE822BE98E8263695F1B9D3645165991705272A83A4E999C6D6E6C9DE7A36B7B01155934329F80C6015A196A45148B7F6A553F8D01F852EDC944FD5868E7D7E26A8450510C0A39C4E926ADCC0C4F06E5B5ECE556D8A38481C362F6530A119D5BC9DD361CFA59648BAA5FD1CD9BB745E559A19550CD76294F598BDD8C6FE6BFD2967AAB27DB44465A4DC9F6E9A3FF9731A65C3106A5B25BDD9B6BC57726AF328BA2A4236F20ADE05E0B610577D81F841EFBC4C10E34636C257AA5379DAF05EC76A9684CD3C44F1DDD96AC07B2[0m
[0;32;49m[03-10 07:20:15 ty D][atop_base.c:469] http request send![0m
tkl_net_socket_create type(0), fd(1)!
[0;32;49m[03-10 07:20:15 ty D][tuya_tls.c:590] TUYA_TLS Begin Connect a2.tuyacn.com:443[0m
[0;32;49m[03-10 07:20:15 ty D][tuya_tls.c:341] mbedtls authmode: MBEDTLS_SSL_VERIFY_REQUIRED[0m
[0;32;49m[03-10 07:20:15 ty D][tuya_tls.c:354] load root ca cert.[0m
[0;32;49m[03-10 07:20:15 ty D][tuya_tls.c:661] socket fd is set. set to inner send/recv to handshake[0m
[0;36;49m[03-10 07:20:15 ty I][ducky_claw_chat.c:52] Free heap size:145568, Free psram heap size:7386504[0m
[0;32;49m[03-10 07:20:15 ty D][tuya_tls.c:323] mbedtls_cert_pkey_free.[0m
[0;32;49m[03-10 07:20:15 ty D][tuya_tls.c:702] handshake finish for a2.tuyacn.com. set send/recv to user set[0m
[0;32;49m[03-10 07:20:15 ty D][tuya_tls.c:708] TUYA_TLS Success Connect a2.tuyacn.com:443 Suit:TLS-ECDHE-RSA-WITH-AES-128-GCM-SHA256[0m
[0;32;49m[03-10 07:20:15 ty D][http_client_wrapper.c:119] tls connencted![0m
[0;32;49m[03-10 07:20:15 ty D][http_client_wrapper.c:147] http request send![0m
[0;32;49m[03-10 07:20:15 ty D][http_client_wrapper.c:40] HTTP header add key=User-Agent[0m
[0;32;49m[03-10 07:20:15 ty D][http_client_wrapper.c:40] HTTP header add key=Content-Type[0m
[0;32;49m[03-10 07:20:15 ty D][http_client_wrapper.c:51] Sending HTTP POST request to a2.tuyacn.com[0m
[0;32;49m[03-10 07:20:15 ty D][tls_transporter.c:122] tls transporter close socket fd:1[0m
[0;32;49m[03-10 07:20:15 ty D][tcp_transporter.c:200] tcp transporter close socket fd:1[0m
[0;32;49m[03-10 07:20:15 ty D][tls_transporter.c:130] tls transporter close tls handler:0x608ca798[0m
[0;32;49m[03-10 07:20:15 ty D][tuya_tls.c:819] TUYA_TLS Disconnect ENTER[0m
[0;32;49m[03-10 07:20:15 ty D][tuya_tls.c:844] TUYA_TLS Disconnect Success[0m
[0;32;49m[03-10 07:20:15 ty D][tuya_tls.c:511] tuya_tls_connect_destroy.[0m
[0;32;49m[03-10 07:20:15 ty D][atop_base.c:267] result:
{"t":1773127216,"success":false,"errorCode":"NOT_EXISTS","errorMsg":"Product Not exist"}[0m
[0;31;49m[03-10 07:20:15 ty E][atop_base.c:319] errorMsg:Product Not exist[0m
[0;32;49m[03-10 07:20:15 ty D][tuya_app_main.c:153] Tuya Event ID:12(TUYA_EVENT_TIMESTAMP_SYNC)[0m
[0;36;49m[03-10 07:20:15 ty I][tuya_app_main.c:154] Device Free heap 145488[0m
[0;36;49m[03-10 07:20:15 ty I][tuya_app_main.c:212] Sync timestamp:1773127216[0m
[0;31;49m[03-10 07:20:16 ty E][tuya_iot.c:274] activate_response_parse error:-2[0m
[0;32;49m[03-10 07:20:17 ty D][tal_kv.c:270] lfs key not found: uuid372137b7e155c1c5.devid[0m
[0;32;49m[03-10 07:20:17 ty D][atop_service.c:210] POST JSON:{"token":"Ln8n94u7","softVer":"1.0.0","productKey":"xxxxxxxxxxxxxxxx","protocolVer":"2.3","baselineVer":"40.07","options": "{\"otaChannel\":0, \"isFK\":false}","devAttribute":2048,"cadVer":"1.0.3","cdVer":"1.0.0","t":1773127217}[0m
[0;32;49m[03-10 07:20:17 ty D][atop_base.c:417] TUYA_HTTPS_ATOP_URL: /d.json?[0m
[0;32;49m[03-10 07:20:17 ty D][atop_base.c:434] request url len:125: /d.json?a=thing.device.opensdk.active&et=3&t=1773127217&uuid=uuid372137b7e155c1c5&v=1.0&sign=aa37710346f785e69b61ffe514785eb0[0m
[0;32;49m[03-10 07:20:17 ty D][atop_base.c:448] atop_request_data_encode[0m
[0;32;49m[03-10 07:20:17 ty D][atop_base.c:457] out post data len:517, data:data=633665326262633236333433F4B887BE9A84A37B56F42992E883FDCAE9473F8EDF6C4FD6130BE317077D36714FAF7E9C0188D10F348A650C5C572EB4A3EC7016A4D488A612BCC16D20EA4A075ACA40103A134C7580D28FC02A461EC0D747E94D8D246259A40CA9377AB1FAF570142FC3F4885A19AA921BA8C4036864847CF7960251E578FB43385CEE2840B16D780983C615C9AB5EE03ADAF5CB8CDCA17806A0C3B63C5AD228AEC0AD2B7F44BAE6574DFD4E20B8F602B1846E303576AC7B5195ABCBDCC0E831E7257AAA5F3793EF5D483F6F935BEBC789715B329E8DF9CEC39EC0DE71160C747B542AF7B07255650FE79438A900CACB78152DFB0A354E29486B[0m
[0;32;49m[03-10 07:20:17 ty D][atop_base.c:469] http request send![0m
tkl_net_socket_create type(0), fd(1)!
[0;32;49m[03-10 07:20:17 ty D][tuya_tls.c:590] TUYA_TLS Begin Connect a2.tuyacn.com:443[0m
[0;32;49m[03-10 07:20:17 ty D][tuya_tls.c:341] mbedtls authmode: MBEDTLS_SSL_VERIFY_REQUIRED[0m
[0;32;49m[03-10 07:20:17 ty D][tuya_tls.c:354] load root ca cert.[0m
[0;32;49m[03-10 07:20:17 ty D][tuya_tls.c:661] socket fd is set. set to inner send/recv to handshake[0m
[0;32;49m[03-10 07:20:17 ty D][tuya_tls.c:323] mbedtls_cert_pkey_free.[0m
[0;32;49m[03-10 07:20:17 ty D][tuya_tls.c:702] handshake finish for a2.tuyacn.com. set send/recv to user set[0m
[0;32;49m[03-10 07:20:17 ty D][tuya_tls.c:708] TUYA_TLS Success Connect a2.tuyacn.com:443 Suit:TLS-ECDHE-RSA-WITH-AES-128-GCM-SHA256[0m
[0;32;49m[03-10 07:20:17 ty D][http_client_wrapper.c:119] tls connencted![0m
[0;32;49m[03-10 07:20:17 ty D][http_client_wrapper.c:147] http request send![0m
[0;32;49m[03-10 07:20:17 ty D][http_client_wrapper.c:40] HTTP header add key=User-Agent[0m
[0;32;49m[03-10 07:20:17 ty D][http_client_wrapper.c:40] HTTP header add key=Content-Type[0m
[0;32;49m[03-10 07:20:17 ty D][http_client_wrapper.c:51] Sending HTTP POST request to a2.tuyacn.com[0m
[0;32;49m[03-10 07:20:17 ty D][tls_transporter.c:122] tls transporter close socket fd:1[0m
[0;32;49m[03-10 07:20:17 ty D][tcp_transporter.c:200] tcp transporter close socket fd:1[0m
[0;32;49m[03-10 07:20:17 ty D][tls_transporter.c:130] tls transporter close tls handler:0x608ca798[0m
[0;32;49m[03-10 07:20:17 ty D][tuya_tls.c:819] TUYA_TLS Disconnect ENTER[0m
[0;32;49m[03-10 07:20:17 ty D][tuya_tls.c:844] TUYA_TLS Disconnect Success[0m
[0;32;49m[03-10 07:20:17 ty D][tuya_tls.c:511] tuya_tls_connect_destroy.[0m
[0;32;49m[03-10 07:20:17 ty D][atop_base.c:267] result:
{"t":1773127217,"success":false,"errorCode":"NOT_EXISTS","errorMsg":"Product Not exist"}[0m
[0;31;49m[03-10 07:20:17 ty E][atop_base.c:319] errorMsg:Product Not exist[0m
[0;32;49m[03-10 07:20:17 ty D][tuya_app_main.c:153] Tuya Event ID:12(TUYA_EVENT_TIMESTAMP_SYNC)[0m
[0;36;49m[03-10 07:20:17 ty I][tuya_app_main.c:154] Device Free heap 145488[0m
[0;36;49m[03-10 07:20:17 ty I][tuya_app_main.c:212] Sync timestamp:1773127217[0m
[0;31;49m[03-10 07:20:17 ty E][tuya_iot.c:274] activate_response_parse error:-2[0m
[0;32;49m[03-10 07:20:18 ty D][tal_kv.c:270] lfs key not found: uuid372137b7e155c1c5.devid[0m
[0;32;49m[03-10 07:20:18 ty D][atop_service.c:210] POST JSON:{"token":"Ln8n94u7","softVer":"1.0.0","productKey":"xxxxxxxxxxxxxxxx","protocolVer":"2.3","baselineVer":"40.07","options": "{\"otaChannel\":0, \"isFK\":false}","devAttribute":2048,"cadVer":"1.0.3","cdVer":"1.0.0","t":1773127218}[0m
[0;32;49m[03-10 07:20:18 ty D][atop_base.c:417] TUYA_HTTPS_ATOP_URL: /d.json?[0m
[0;32;49m[03-10 07:20:18 ty D][atop_base.c:434] request url len:125: /d.json?a=thing.device.opensdk.active&et=3&t=1773127218&uuid=uuid372137b7e155c1c5&v=1.0&sign=98caf47b0814bdb2808c2958ee0a84a1[0m
[0;32;49m[03-10 07:20:18 ty D][atop_base.c:448] atop_request_data_encode[0m
[0;32;49m[03-10 07:20:18 ty D][atop_base.c:457] out post data len:517, data:data=6562643239373137303036342453A6787A3C8025B08E6C275DD59B5683103D36D62D8B103A4BCFF505A13C52584B962E21C4158EDE008EB3BE534784F96EF90CF648DF359DB0607F23AE47A35829343CAED4483BDBD1865B438F785CAF4F52ACF3BAA159F630B64485291FED3CA2D022AC146FFAB7CD7D626D9DE0D2A2710509C574508AE7CCF97C92D381913060E63F9D9589575DD1A7C71515863BB0CFCB6EF54BFF3339F097D7D61C6CDB9BB570D58BBAC1CFA3DB4487528C1825B092A3FDD3020B2D8D9AB36AD416BAA19A8F9CFD6F3F1660158FE3A58B6B19C4419E623ED10A4E0EECC89EFDF89468A82F073B0534CF96BEFA2B96EBDACD60C2C32A83C3[0m
[0;32;49m[03-10 07:20:18 ty D][atop_base.c:469] http request send![0m
tkl_net_socket_create type(0), fd(1)!
[0;32;49m[03-10 07:20:18 ty D][tuya_tls.c:590] TUYA_TLS Begin Connect a2.tuyacn.com:443[0m
[0;32;49m[03-10 07:20:18 ty D][tuya_tls.c:341] mbedtls authmode: MBEDTLS_SSL_VERIFY_REQUIRED[0m
[0;32;49m[03-10 07:20:18 ty D][tuya_tls.c:354] load root ca cert.[0m
[0;32;49m[03-10 07:20:18 ty D][tuya_tls.c:661] socket fd is set. set to inner send/recv to handshake[0m
[0;32;49m[03-10 07:20:18 ty D][tuya_tls.c:323] mbedtls_cert_pkey_free.[0m
[0;32;49m[03-10 07:20:18 ty D][tuya_tls.c:702] handshake finish for a2.tuyacn.com. set send/recv to user set[0m
[0;32;49m[03-10 07:20:18 ty D][tuya_tls.c:708] TUYA_TLS Success Connect a2.tuyacn.com:443 Suit:TLS-ECDHE-RSA-WITH-AES-128-GCM-SHA256[0m
[0;32;49m[03-10 07:20:18 ty D][http_client_wrapper.c:119] tls connencted![0m
[0;32;49m[03-10 07:20:18 ty D][http_client_wrapper.c:147] http request send![0m
[0;32;49m[03-10 07:20:18 ty D][http_client_wrapper.c:40] HTTP header add key=User-Agent[0m
[0;32;49m[03-10 07:20:18 ty D][http_client_wrapper.c:40] HTTP header add key=Content-Type[0m
[0;32;49m[03-10 07:20:18 ty D][http_client_wrapper.c:51] Sending HTTP POST request to a2.tuyacn.com[0m
[0;32;49m[03-10 07:20:18 ty D][tls_transporter.c:122] tls transporter close socket fd:1[0m
[0;32;49m[03-10 07:20:18 ty D][tcp_transporter.c:200] tcp transporter close socket fd:1[0m
[0;32;49m[03-10 07:20:18 ty D][tls_transporter.c:130] tls transporter close tls handler:0x608ca798[0m
[0;32;49m[03-10 07:20:18 ty D][tuya_tls.c:819] TUYA_TLS Disconnect ENTER[0m
[0;32;49m[03-10 07:20:18 ty D][tuya_tls.c:844] TUYA_TLS Disconnect Success[0m
[0;32;49m[03-10 07:20:18 ty D][tuya_tls.c:511] tuya_tls_connect_destroy.[0m
[0;32;49m[03-10 07:20:18 ty D][atop_base.c:267] result:
{"t":1773127219,"success":false,"errorCode":"NOT_EXISTS","errorMsg":"Product Not exist"}[0m
[0;31;49m[03-10 07:20:18 ty E][atop_base.c:319] errorMsg:Product Not exist[0m
[0;32;49m[03-10 07:20:18 ty D][tuya_app_main.c:153] Tuya Event ID:12(TUYA_EVENT_TIMESTAMP_SYNC)[0m
[0;36;49m[03-10 07:20:18 ty I][tuya_app_main.c:154] Device Free heap 145488[0m
[0;36;49m[03-10 07:20:18 ty I][tuya_app_main.c:212] Sync timestamp:1773127219[0m
[0;31;49m[03-10 07:20:19 ty E][tuya_iot.c:274] activate_response_parse error:-2[0m
[0;32;49m[03-10 07:20:20 ty D][tal_kv.c:270] lfs key not found: uuid372137b7e155c1c5.devid[0m
[0;32;49m[03-10 07:20:20 ty D][tuya_health.c:75] feed watchdog[0m
[0;32;49m[03-10 07:20:20 ty D][atop_service.c:210] POST JSON:{"token":"Ln8n94u7","softVer":"1.0.0","productKey":"xxxxxxxxxxxxxxxx","protocolVer":"2.3","baselineVer":"40.07","options": "{\"otaChannel\":0, \"isFK\":false}","devAttribute":2048,"cadVer":"1.0.3","cdVer":"1.0.0","t":1773127220}[0m
[0;32;49m[03-10 07:20:20 ty D][atop_base.c:417] TUYA_HTTPS_ATOP_URL: /d.json?[0m
[0;32;49m[03-10 07:20:20 ty D][atop_base.c:434] request url len:125: /d.json?a=thing.device.opensdk.active&et=3&t=1773127220&uuid=uuid372137b7e155c1c5&v=1.0&sign=a4cbad447f239ff6851bcedf8364cd7b[0m
[0;32;49m[03-10 07:20:20 ty D][atop_base.c:448] atop_request_data_encode[0m
[0;32;49m[03-10 07:20:20 ty D][atop_base.c:457] out post data len:517, data:data=663732386334343964613436B5DAAAD3E108F5ECCBD5AA10F1458EC5732A5118A5EB6C917228BAA8F75D9B06AE738F27EEFE01B733382B9FC2A5901D597ABA9D1E625B0F85CB89C8AEC253829F3769B91E62EC99EA35638B5597824776BD4B17D0A939A6B748213BF3E05592C832BAECC43711A0D19BA8E83839875F884E5E2FEBFC97B7149FC579F2C2CC49175E0487F201DFE09EC15B41AE25A7F32593022389D33AF9748B72B27DC8442394327851DB95B5DB44A6E943FFB90BCEB8A95D9C88530495DCB53AB30D361316D1CA04BFADE8F9186B6FF16A24EAB3E11F1A433C5E9120083A2B2CC31797DE0D11C95B1D534F8BDEA1DE76471DB7A3808D232430[0m
[0;32;49m[03-10 07:20:20 ty D][atop_base.c:469] http request send![0m
tkl_net_socket_create type(0), fd(1)!
[0;32;49m[03-10 07:20:20 ty D][tuya_tls.c:590] TUYA_TLS Begin Connect a2.tuyacn.com:443[0m
[0;32;49m[03-10 07:20:20 ty D][tuya_tls.c:341] mbedtls authmode: MBEDTLS_SSL_VERIFY_REQUIRED[0m
[0;32;49m[03-10 07:20:20 ty D][tuya_tls.c:354] load root ca cert.[0m
[0;32;49m[03-10 07:20:20 ty D][tuya_tls.c:661] socket fd is set. set to inner send/recv to handshake[0m
[0;32;49m[03-10 07:20:20 ty D][tuya_tls.c:323] mbedtls_cert_pkey_free.[0m
[0;32;49m[03-10 07:20:20 ty D][tuya_tls.c:702] handshake finish for a2.tuyacn.com. set send/recv to user set[0m
[0;32;49m[03-10 07:20:20 ty D][tuya_tls.c:708] TUYA_TLS Success Connect a2.tuyacn.com:443 Suit:TLS-ECDHE-RSA-WITH-AES-128-GCM-SHA256[0m
[0;32;49m[03-10 07:20:20 ty D][http_client_wrapper.c:119] tls connencted![0m
[0;32;49m[03-10 07:20:20 ty D][http_client_wrapper.c:147] http request send![0m
[0;32;49m[03-10 07:20:20 ty D][http_client_wrapper.c:40] HTTP header add key=User-Agent[0m
[0;32;49m[03-10 07:20:20 ty D][http_client_wrapper.c:40] HTTP header add key=Content-Type[0m
[0;32;49m[03-10 07:20:20 ty D][http_client_wrapper.c:51] Sending HTTP POST request to a2.tuyacn.com[0m
[0;32;49m[03-10 07:20:20 ty D][tls_transporter.c:122] tls transporter close socket fd:1[0m
[0;32;49m[03-10 07:20:20 ty D][tcp_transporter.c:200] tcp transporter close socket fd:1[0m
[0;32;49m[03-10 07:20:20 ty D][tls_transporter.c:130] tls transporter close tls handler:0x608ca798[0m
[0;32;49m[03-10 07:20:20 ty D][tuya_tls.c:819] TUYA_TLS Disconnect ENTER[0m
[0;32;49m[03-10 07:20:20 ty D][tuya_tls.c:844] TUYA_TLS Disconnect Success[0m
[0;32;49m[03-10 07:20:20 ty D][tuya_tls.c:511] tuya_tls_connect_destroy.[0m
[0;32;49m[03-10 07:20:20 ty D][atop_base.c:267] result:
{"t":1773127220,"success":false,"errorCode":"NOT_EXISTS","errorMsg":"Product Not exist"}[0m
[0;31;49m[03-10 07:20:20 ty E][atop_base.c:319] errorMsg:Product Not exist[0m
[0;32;49m[03-10 07:20:20 ty D][tuya_app_main.c:153] Tuya Event ID:12(TUYA_EVENT_TIMESTAMP_SYNC)[0m
[0;36;49m[03-10 07:20:20 ty I][tuya_app_main.c:154] Device Free heap 145488[0m
[0;36;49m[03-10 07:20:20 ty I][tuya_app_main.c:212] Sync timestamp:1773127220[0m
[0;31;49m[03-10 07:20:20 ty E][tuya_iot.c:274] activate_response_parse error:-2[0m
[0;32;49m[03-10 07:20:21 ty D][tal_kv.c:270] lfs key not found: uuid372137b7e155c1c5.devid[0m
[0;32;49m[03-10 07:20:21 ty D][atop_service.c:210] POST JSON:{"token":"Ln8n94u7","softVer":"1.0.0","productKey":"xxxxxxxxxxxxxxxx","protocolVer":"2.3","baselineVer":"40.07","options": "{\"otaChannel\":0, \"isFK\":false}","devAttribute":2048,"cadVer":"1.0.3","cdVer":"1.0.0","t":1773127221}[0m
[0;32;49m[03-10 07:20:21 ty D][atop_base.c:417] TUYA_HTTPS_ATOP_URL: /d.json?[0m
[0;32;49m[03-10 07:20:21 ty D][atop_base.c:434] request url len:125: /d.json?a=thing.device.opensdk.active&et=3&t=1773127221&uuid=uuid372137b7e155c1c5&v=1.0&sign=7ba1a8e1f7867eaba733f2e3231cdaa2[0m
[0;32;49m[03-10 07:20:21 ty D][atop_base.c:448] atop_request_data_encode[0m
[0;32;49m[03-10 07:20:21 ty D][atop_base.c:457] out post data len:517, data:data=3134386537343837396466372140316A5CD6EDC51051D269ACCB9823ABE57F3375E7788545EB417053D08A42188CE1D9244BC691973F8AD8212AF08299A9EA5DDB00467B859DD6946F3E91F987B356D84D84F16F46A5BFA063D695C4AC5054F04AE34D7C91CD5B235ACC6EF0EDBE54976B1BF07486DFE78C892077948E0E4B0671A8004DB6EC1A09778FEB5787D8C98FBE4519FB68B02FC8752C6ECBDF4448EF68619E479CCD83A3289E091A525FFD05A02EBCEC05DC702E4E15EEFD953A611E77A62B2DA1675125EC70EECEE9EA319127F5349BD87732CB1667315C1F41CF8E620BBDD04C4B69FB733CFD8B289A70F18A96B007B259B793BE6BD093E673837E[0m
[0;32;49m[03-10 07:20:21 ty D][atop_base.c:469] http request send![0m
tkl_net_socket_create type(0), fd(1)!
[0;32;49m[03-10 07:20:21 ty D][tuya_tls.c:590] TUYA_TLS Begin Connect a2.tuyacn.com:443[0m
[0;32;49m[03-10 07:20:21 ty D][tuya_tls.c:341] mbedtls authmode: MBEDTLS_SSL_VERIFY_REQUIRED[0m
[0;32;49m[03-10 07:20:21 ty D][tuya_tls.c:354] load root ca cert.[0m
[0;32;49m[03-10 07:20:21 ty D][tuya_tls.c:661] socket fd is set. set to inner send/recv to handshake[0m
[0;32;49m[03-10 07:20:21 ty D][tuya_tls.c:323] mbedtls_cert_pkey_free.[0m
[0;32;49m[03-10 07:20:21 ty D][tuya_tls.c:702] handshake finish for a2.tuyacn.com. set send/recv to user set[0m
[0;32;49m[03-10 07:20:21 ty D][tuya_tls.c:708] TUYA_TLS Success Connect a2.tuyacn.com:443 Suit:TLS-ECDHE-RSA-WITH-AES-128-GCM-SHA256[0m
[0;32;49m[03-10 07:20:21 ty D][http_client_wrapper.c:119] tls connencted![0m
[0;32;49m[03-10 07:20:21 ty D][http_client_wrapper.c:147] http request send![0m
[0;32;49m[03-10 07:20:21 ty D][http_client_wrapper.c:40] HTTP header add key=User-Agent[0m
[0;32;49m[03-10 07:20:21 ty D][http_client_wrapper.c:40] HTTP header add key=Content-Type[0m
[0;32;49m[03-10 07:20:21 ty D][http_client_wrapper.c:51] Sending HTTP POST request to a2.tuyacn.com[0m
[0;32;49m[03-10 07:20:21 ty D][tls_transporter.c:122] tls transporter close socket fd:1[0m
[0;32;49m[03-10 07:20:21 ty D][tcp_transporter.c:200] tcp transporter close socket fd:1[0m
[0;32;49m[03-10 07:20:21 ty D][tls_transporter.c:130] tls transporter close tls handler:0x608ca798[0m
[0;32;49m[03-10 07:20:21 ty D][tuya_tls.c:819] TUYA_TLS Disconnect ENTER[0m
[0;32;49m[03-10 07:20:21 ty D][tuya_tls.c:844] TUYA_TLS Disconnect Success[0m
[0;32;49m[03-10 07:20:21 ty D][tuya_tls.c:511] tuya_tls_connect_destroy.[0m
[0;32;49m[03-10 07:20:21 ty D][atop_base.c:267] result:
{"t":1773127222,"success":false,"errorCode":"NOT_EXISTS","errorMsg":"Product Not exist"}[0m
[0;31;49m[03-10 07:20:21 ty E][atop_base.c:319] errorMsg:Product Not exist[0m
[0;32;49m[03-10 07:20:21 ty D][tuya_app_main.c:153] Tuya Event ID:12(TUYA_EVENT_TIMESTAMP_SYNC)[0m
[0;36;49m[03-10 07:20:21 ty I][tuya_app_main.c:154] Device Free heap 145488[0m
[0;36;49m[03-10 07:20:21 ty I][tuya_app_main.c:212] Sync timestamp:1773127222[0m
[0;31;49m[03-10 07:20:22 ty E][tuya_iot.c:274] activate_response_parse error:-2[0m
[0;32;49m[03-10 07:20:23 ty D][tal_kv.c:270] lfs key not found: uuid372137b7e155c1c5.devid[0m
[0;32;49m[03-10 07:20:23 ty D][atop_service.c:210] POST JSON:{"token":"Ln8n94u7","softVer":"1.0.0","productKey":"xxxxxxxxxxxxxxxx","protocolVer":"2.3","baselineVer":"40.07","options": "{\"otaChannel\":0, \"isFK\":false}","devAttribute":2048,"cadVer":"1.0.3","cdVer":"1.0.0","t":1773127223}[0m
[0;32;49m[03-10 07:20:23 ty D][atop_base.c:417] TUYA_HTTPS_ATOP_URL: /d.json?[0m
[0;32;49m[03-10 07:20:23 ty D][atop_base.c:434] request url len:125: /d.json?a=thing.device.opensdk.active&et=3&t=1773127223&uuid=uuid372137b7e155c1c5&v=1.0&sign=44604412fcdfcbf363f2ed38c9bf65c1[0m
[0;32;49m[03-10 07:20:23 ty D][atop_base.c:448] atop_request_data_encode[0m
[0;32;49m[03-10 07:20:23 ty D][atop_base.c:457] out post data len:517, data:data=30653039633562333132303502495770002D17396BCE16552AFA04C656D63D0233B501E1B3CA023D23C6EF8ED6B35B2D447B5025550CAD78FDB0205425D8B21FB1765756AF7E03FED369F8B000807273B2709DD3B168D516B6407395F75699520104D906807E6FD24E5BCC977AC231A811636D58E5E821CF158BC353D603C3C725549758A8914F12D959C6A6E2B4B11A420FA743C38B93E769F50F7600A32EA70FE0F478143CC23849DAE69F756E2E88F0935E0FA7BC697623B908F5C5D960DA6292442F156344B89018BA09DF04A85B7C09F8F1CC40925A73C0515D931B24B406B2386A025FBBAF17787147E69F32B2B43BC0865789C2AF081716E93C4760B9[0m
[0;32;49m[03-10 07:20:23 ty D][atop_base.c:469] http request send![0m
tkl_net_socket_create type(0), fd(1)!
[0;32;49m[03-10 07:20:23 ty D][tuya_tls.c:590] TUYA_TLS Begin Connect a2.tuyacn.com:443[0m
[0;32;49m[03-10 07:20:23 ty D][tuya_tls.c:341] mbedtls authmode: MBEDTLS_SSL_VERIFY_REQUIRED[0m
[0;32;49m[03-10 07:20:23 ty D][tuya_tls.c:354] load root ca cert.[0m
[0;32;49m[03-10 07:20:23 ty D][tuya_tls.c:661] socket fd is set. set to inner send/recv to handshake[0m
[0;32;49m[03-10 07:20:23 ty D][tuya_tls.c:323] mbedtls_cert_pkey_free.[0m
[0;32;49m[03-10 07:20:23 ty D][tuya_tls.c:702] handshake finish for a2.tuyacn.com. set send/recv to user set[0m
[0;32;49m[03-10 07:20:23 ty D][tuya_tls.c:708] TUYA_TLS Success Connect a2.tuyacn.com:443 Suit:TLS-ECDHE-RSA-WITH-AES-128-GCM-SHA256[0m
[0;32;49m[03-10 07:20:23 ty D][http_client_wrapper.c:119] tls connencted![0m
[0;32;49m[03-10 07:20:23 ty D][http_client_wrapper.c:147] http request send![0m
[0;32;49m[03-10 07:20:23 ty D][http_client_wrapper.c:40] HTTP header add key=User-Agent[0m
[0;32;49m[03-10 07:20:23 ty D][http_client_wrapper.c:40] HTTP header add key=Content-Type[0m
[0;32;49m[03-10 07:20:23 ty D][http_client_wrapper.c:51] Sending HTTP POST request to a2.tuyacn.com[0m
[0;32;49m[03-10 07:20:23 ty D][tls_transporter.c:122] tls transporter close socket fd:1[0m
[0;32;49m[03-10 07:20:23 ty D][tcp_transporter.c:200] tcp transporter close socket fd:1[0m
[0;32;49m[03-10 07:20:23 ty D][tls_transporter.c:130] tls transporter close tls handler:0x608ca798[0m
[0;32;49m[03-10 07:20:23 ty D][tuya_tls.c:819] TUYA_TLS Disconnect ENTER[0m
[0;32;49m[03-10 07:20:23 ty D][tuya_tls.c:844] TUYA_TLS Disconnect Success[0m
[0;32;49m[03-10 07:20:23 ty D][tuya_tls.c:511] tuya_tls_connect_destroy.[0m
[0;32;49m[03-10 07:20:23 ty D][atop_base.c:267] result:
{"t":1773127223,"success":false,"errorCode":"NOT_EXISTS","errorMsg":"Product Not exist"}[0m
[0;31;49m[03-10 07:20:23 ty E][atop_base.c:319] errorMsg:Product Not exist[0m
[0;32;49m[03-10 07:20:23 ty D][tuya_app_main.c:153] Tuya Event ID:12(TUYA_EVENT_TIMESTAMP_SYNC)[0m
[0;36;49m[03-10 07:20:23 ty I][tuya_app_main.c:154] Device Free heap 145488[0m
[0;36;49m[03-10 07:20:23 ty I][tuya_app_main.c:212] Sync timestamp:1773127223[0m
[0;31;49m[03-10 07:20:23 ty E][tuya_iot.c:274] activate_response_parse error:-2[0m
[0;32;49m[03-10 07:20:24 ty D][tal_kv.c:270] lfs key not found: uuid372137b7e155c1c5.devid[0m
[0;32;49m[03-10 07:20:24 ty D][atop_service.c:210] POST JSON:{"token":"Ln8n94u7","softVer":"1.0.0","productKey":"xxxxxxxxxxxxxxxx","protocolVer":"2.3","baselineVer":"40.07","options": "{\"otaChannel\":0, \"isFK\":false}","devAttribute":2048,"cadVer":"1.0.3","cdVer":"1.0.0","t":1773127224}[0m
[0;32;49m[03-10 07:20:24 ty D][atop_base.c:417] TUYA_HTTPS_ATOP_URL: /d.json?[0m
[0;32;49m[03-10 07:20:24 ty D][atop_base.c:434] request url len:125: /d.json?a=thing.device.opensdk.active&et=3&t=1773127224&uuid=uuid372137b7e155c1c5&v=1.0&sign=8584d049c1c64a3ad5b42bdb77cd6cc3[0m
[0;32;49m[03-10 07:20:24 ty D][atop_base.c:448] atop_request_data_encode[0m
[0;32;49m[03-10 07:20:24 ty D][atop_base.c:457] out post data len:517, data:data=3533613735623636666230302FD6DE94EB0132BDA211AC2CAB9622A0BB5DC793F5383E05A63CB6B80B6C828BA7F4A41FA5C8E8D9FE5F7EE042ACEDFF1D798B21D3878566AE68C14FDFE62235996A4B0EF222A65CF511C88EFB27C5B17803E8863DE00CA1D98F10E6A959951EF61F86F2F2CB00E26AD546F5372CB433463E18894D2344766FF489FB7D07FFA3ED40BA0A45FDEBC817E120B0F9E9DB13C56DC37C9B53DDC944A0D59116A950BD7288F29B420C978D8357B72AFEDE87D02958C6FC643A4259A1D3BA20EF7565D04EC254D75B58B8D9FE6783EA6E58B4D7E504F23494F545CCE351629D13A9769042D859E4A2B49C5366FFA0FBD2314E72C3B0D0E8[0m
[0;32;49m[03-10 07:20:24 ty D][atop_base.c:469] http request send![0m
tkl_net_socket_create type(0), fd(1)!
[0;32;49m[03-10 07:20:24 ty D][tuya_tls.c:590] TUYA_TLS Begin Connect a2.tuyacn.com:443[0m
[0;32;49m[03-10 07:20:24 ty D][tuya_tls.c:341] mbedtls authmode: MBEDTLS_SSL_VERIFY_REQUIRED[0m
[0;32;49m[03-10 07:20:24 ty D][tuya_tls.c:354] load root ca cert.[0m
[0;32;49m[03-10 07:20:24 ty D][tuya_tls.c:661] socket fd is set. set to inner send/recv to handshake[0m
[0;32;49m[03-10 07:20:24 ty D][tuya_tls.c:323] mbedtls_cert_pkey_free.[0m
[0;32;49m[03-10 07:20:24 ty D][tuya_tls.c:702] handshake finish for a2.tuyacn.com. set send/recv to user set[0m
[0;32;49m[03-10 07:20:24 ty D][tuya_tls.c:708] TUYA_TLS Success Connect a2.tuyacn.com:443 Suit:TLS-ECDHE-RSA-WITH-AES-128-GCM-SHA256[0m
[0;32;49m[03-10 07:20:24 ty D][http_client_wrapper.c:119] tls connencted![0m
[0;32;49m[03-10 07:20:24 ty D][http_client_wrapper.c:147] http request send![0m
[0;32;49m[03-10 07:20:24 ty D][http_client_wrapper.c:40] HTTP header add key=User-Agent[0m
[0;32;49m[03-10 07:20:24 ty D][http_client_wrapper.c:40] HTTP header add key=Content-Type[0m
[0;32;49m[03-10 07:20:24 ty D][http_client_wrapper.c:51] Sending HTTP POST request to a2.tuyacn.com[0m
[0;32;49m[03-10 07:20:24 ty D][tls_transporter.c:122] tls transporter close socket fd:1[0m
[0;32;49m[03-10 07:20:24 ty D][tcp_transporter.c:200] tcp transporter close socket fd:1[0m
[0;32;49m[03-10 07:20:24 ty D][tls_transporter.c:130] tls transporter close tls handler:0x608ca798[0m
[0;32;49m[03-10 07:20:24 ty D][tuya_tls.c:819] TUYA_TLS Disconnect ENTER[0m
[0;32;49m[03-10 07:20:24 ty D][tuya_tls.c:844] TUYA_TLS Disconnect Success[0m
[0;32;49m[03-10 07:20:24 ty D][tuya_tls.c:511] tuya_tls_connect_destroy.[0m
[0;32;49m[03-10 07:20:24 ty D][atop_base.c:267] result:
{"t":1773127225,"success":false,"errorCode":"NOT_EXISTS","errorMsg":"Product Not exist"}[0m
[0;31;49m[03-10 07:20:24 ty E][atop_base.c:319] errorMsg:Product Not exist[0m
[0;32;49m[03-10 07:20:24 ty D][tuya_app_main.c:153] Tuya Event ID:12(TUYA_EVENT_TIMESTAMP_SYNC)[0m
[0;36;49m[03-10 07:20:24 ty I][tuya_app_main.c:154] Device Free heap 145488[0m
[0;36;49m[03-10 07:20:24 ty I][tuya_app_main.c:212] Sync timestamp:1773127225[0m
[0;31;49m[03-10 07:20:25 ty E][tuya_iot.c:274] activate_response_parse error:-2[0m
[0;36;49m[03-10 07:20:25 ty I][ducky_claw_chat.c:52] Free heap size:146736, Free psram heap size:7408712[0m
[0;32;49m[03-10 07:20:26 ty D][tal_kv.c:270] lfs key not found: uuid372137b7e155c1c5.devid[0m
[0;32;49m[03-10 07:20:26 ty D][atop_service.c:210] POST JSON:{"token":"Ln8n94u7","softVer":"1.0.0","productKey":"xxxxxxxxxxxxxxxx","protocolVer":"2.3","baselineVer":"40.07","options": "{\"otaChannel\":0, \"isFK\":false}","devAttribute":2048,"cadVer":"1.0.3","cdVer":"1.0.0","t":1773127226}[0m
[0;32;49m[03-10 07:20:26 ty D][atop_base.c:417] TUYA_HTTPS_ATOP_URL: /d.json?[0m
[0;32;49m[03-10 07:20:26 ty D][atop_base.c:434] request url len:125: /d.json?a=thing.device.opensdk.active&et=3&t=1773127226&uuid=uuid372137b7e155c1c5&v=1.0&sign=6a853ff77fee428b69a1255c9adbcc00[0m
[0;32;49m[03-10 07:20:26 ty D][atop_base.c:448] atop_request_data_encode[0m
[0;32;49m[03-10 07:20:26 ty D][atop_base.c:457] out post data len:517, data:data=636366363362653631373432E983CFE12101200A4F14E1B70CA225722C8777F9BFD9A8D9EF3ED5130BFA5C7CBD4FB68D9007F6D7B81FF804CC75E7992582AF2B6A0A08B4600A8B715E5DE8D814B16BEC0928D80FD2D928DB502F6E7DFE3201463C267F77B5F548909B153A77592CCDC097FE2CD83D8D200D477834A58593A74894D4398FBF3FA7F9AD6CD35D32C08794923AD2BC19D88A4FD1FA1B1BB2474234E6D6CA26B20A423FD345814BE7052DCA08FC1683FE39D15D72BEA6CE026E5C433BF2B5D191F0567EC8F706A21472AC3B84D20C16FBAE9EB19ECC29058FD5826CE24A2F002B34728622712DD2164E9DD0ACFF7EA83F27F314B7551E3F0F8D8D99[0m
[0;32;49m[03-10 07:20:26 ty D][atop_base.c:469] http request send![0m
tkl_net_socket_create type(0), fd(1)!
[0;32;49m[03-10 07:20:26 ty D][tuya_tls.c:590] TUYA_TLS Begin Connect a2.tuyacn.com:443[0m
[0;32;49m[03-10 07:20:26 ty D][tuya_tls.c:341] mbedtls authmode: MBEDTLS_SSL_VERIFY_REQUIRED[0m
[0;32;49m[03-10 07:20:26 ty D][tuya_tls.c:354] load root ca cert.[0m
[0;32;49m[03-10 07:20:26 ty D][tuya_tls.c:661] socket fd is set. set to inner send/recv to handshake[0m
[0;32;49m[03-10 07:20:26 ty D][tuya_tls.c:323] mbedtls_cert_pkey_free.[0m
[0;32;49m[03-10 07:20:26 ty D][tuya_tls.c:702] handshake finish for a2.tuyacn.com. set send/recv to user set[0m
[0;32;49m[03-10 07:20:26 ty D][tuya_tls.c:708] TUYA_TLS Success Connect a2.tuyacn.com:443 Suit:TLS-ECDHE-RSA-WITH-AES-128-GCM-SHA256[0m
[0;32;49m[03-10 07:20:26 ty D][http_client_wrapper.c:119] tls connencted![0m
[0;32;49m[03-10 07:20:26 ty D][http_client_wrapper.c:147] http request send![0m
[0;32;49m[03-10 07:20:26 ty D][http_client_wrapper.c:40] HTTP header add key=User-Agent[0m
[0;32;49m[03-10 07:20:26 ty D][http_client_wrapper.c:40] HTTP header add key=Content-Type[0m
[0;32;49m[03-10 07:20:26 ty D][http_client_wrapper.c:51] Sending HTTP POST request to a2.tuyacn.com[0m
[0;32;49m[03-10 07:20:26 ty D][tls_transporter.c:122] tls transporter close socket fd:1[0m
[0;32;49m[03-10 07:20:26 ty D][tcp_transporter.c:200] tcp transporter close socket fd:1[0m
[0;32;49m[03-10 07:20:26 ty D][tls_transporter.c:130] tls transporter close tls handler:0x608ca798[0m
[0;32;49m[03-10 07:20:26 ty D][tuya_tls.c:819] TUYA_TLS Disconnect ENTER[0m
[0;32;49m[03-10 07:20:26 ty D][tuya_tls.c:844] TUYA_TLS Disconnect Success[0m
[0;32;49m[03-10 07:20:26 ty D][tuya_tls.c:511] tuya_tls_connect_destroy.[0m
[0;32;49m[03-10 07:20:26 ty D][atop_base.c:267] result:
{"t":1773127226,"success":false,"errorCode":"NOT_EXISTS","errorMsg":"Product Not exist"}[0m
[0;31;49m[03-10 07:20:26 ty E][atop_base.c:319] errorMsg:Product Not exist[0m
[0;32;49m[03-10 07:20:26 ty D][tuya_app_main.c:153] Tuya Event ID:12(TUYA_EVENT_TIMESTAMP_SYNC)[0m
[0;36;49m[03-10 07:20:26 ty I][tuya_app_main.c:154] Device Free heap 145488[0m
[0;36;49m[03-10 07:20:26 ty I][tuya_app_main.c:212] Sync timestamp:1773127226[0m
[0;31;49m[03-10 07:20:26 ty E][tuya_iot.c:274] activate_response_parse error:-2[0m
[0;32;49m[03-10 07:20:27 ty D][tal_kv.c:270] lfs key not found: uuid372137b7e155c1c5.devid[0m
[0;32;49m[03-10 07:20:27 ty D][atop_service.c:210] POST JSON:{"token":"Ln8n94u7","softVer":"1.0.0","productKey":"xxxxxxxxxxxxxxxx","protocolVer":"2.3","baselineVer":"40.07","options": "{\"otaChannel\":0, \"isFK\":false}","devAttribute":2048,"cadVer":"1.0.3","cdVer":"1.0.0","t":1773127227}[0m
[0;32;49m[03-10 07:20:27 ty D][atop_base.c:417] TUYA_HTTPS_ATOP_URL: /d.json?[0m
[0;32;49m[03-10 07:20:27 ty D][atop_base.c:434] request url len:125: /d.json?a=thing.device.opensdk.active&et=3&t=1773127227&uuid=uuid372137b7e155c1c5&v=1.0&sign=aca560b257c5cadc8bb11e97a15008ca[0m
[0;32;49m[03-10 07:20:27 ty D][atop_base.c:448] atop_request_data_encode[0m
[0;32;49m[03-10 07:20:27 ty D][atop_base.c:457] out post data len:517, data:data=386330363031653065346634260267D995F005F3CFD86453EF539478419F986ABF010CBC5CF35C10E7DD9E1F9B75007A30B2278446FA3BB458F148102C09F25CE6B805BE1F3821A4C879B63AD49F626F4C1EA8255F6743EF5BA48A240758FA8C7E8A155E17C3E97B67C701C356993EF7542E308C9B8FFC7A8C9BAA9A26232DCB13C8D8ABFDC318F7E588728C771427C54B161414CD75B4473C1CC195B156F99D6FF8343F7A607FF69FD103286A3AB585073B91F1336380209801C8A3E7EAECE97162953C6A193872A9A296CC3EC640A18829A28C0FBF95039C8C04AD161E5F31B3DDE26B459507E13A5BE9ABC10C52EBA368D0F655669FC0BB84C929E9DE8479[0m
[0;32;49m[03-10 07:20:27 ty D][atop_base.c:469] http request send![0m
tkl_net_socket_create type(0), fd(1)!
[0;32;49m[03-10 07:20:27 ty D][tuya_tls.c:590] TUYA_TLS Begin Connect a2.tuyacn.com:443[0m
[0;32;49m[03-10 07:20:27 ty D][tuya_tls.c:341] mbedtls authmode: MBEDTLS_SSL_VERIFY_REQUIRED[0m
[0;32;49m[03-10 07:20:27 ty D][tuya_tls.c:354] load root ca cert.[0m
[0;32;49m[03-10 07:20:27 ty D][tuya_tls.c:661] socket fd is set. set to inner send/recv to handshake[0m
[0;32;49m[03-10 07:20:27 ty D][tuya_tls.c:323] mbedtls_cert_pkey_free.[0m
[0;32;49m[03-10 07:20:27 ty D][tuya_tls.c:702] handshake finish for a2.tuyacn.com. set send/recv to user set[0m
[0;32;49m[03-10 07:20:27 ty D][tuya_tls.c:708] TUYA_TLS Success Connect a2.tuyacn.com:443 Suit:TLS-ECDHE-RSA-WITH-AES-128-GCM-SHA256[0m
[0;32;49m[03-10 07:20:27 ty D][http_client_wrapper.c:119] tls connencted![0m
[0;32;49m[03-10 07:20:27 ty D][http_client_wrapper.c:147] http request send![0m
[0;32;49m[03-10 07:20:27 ty D][http_client_wrapper.c:40] HTTP header add key=User-Agent[0m
[0;32;49m[03-10 07:20:27 ty D][http_client_wrapper.c:40] HTTP header add key=Content-Type[0m
[0;32;49m[03-10 07:20:27 ty D][http_client_wrapper.c:51] Sending HTTP POST request to a2.tuyacn.com[0m
[0;32;49m[03-10 07:20:27 ty D][tls_transporter.c:122] tls transporter close socket fd:1[0m
[0;32;49m[03-10 07:20:27 ty D][tcp_transporter.c:200] tcp transporter close socket fd:1[0m
[0;32;49m[03-10 07:20:27 ty D][tls_transporter.c:130] tls transporter close tls handler:0x608ca798[0m
[0;32;49m[03-10 07:20:27 ty D][tuya_tls.c:819] TUYA_TLS Disconnect ENTER[0m
[0;32;49m[03-10 07:20:27 ty D][tuya_tls.c:844] TUYA_TLS Disconnect Success[0m
[0;32;49m[03-10 07:20:27 ty D][tuya_tls.c:511] tuya_tls_connect_destroy.[0m
[0;32;49m[03-10 07:20:27 ty D][atop_base.c:267] result:
{"t":1773127228,"success":false,"errorCode":"NOT_EXISTS","errorMsg":"Product Not exist"}[0m
[0;31;49m[03-10 07:20:27 ty E][atop_base.c:319] errorMsg:Product Not exist[0m
[0;32;49m[03-10 07:20:27 ty D][tuya_app_main.c:153] Tuya Event ID:12(TUYA_EVENT_TIMESTAMP_SYNC)[0m
[0;36;49m[03-10 07:20:27 ty I][tuya_app_main.c:154] Device Free heap 145488[0m
[0;36;49m[03-10 07:20:27 ty I][tuya_app_main.c:212] Sync timestamp:1773127228[0m
[0;31;49m[03-10 07:20:28 ty E][tuya_iot.c:274] activate_response_parse error:-2[0m
[0;32;49m[03-10 07:20:29 ty D][tal_kv.c:270] lfs key not found: uuid372137b7e155c1c5.devid[0m
[0;32;49m[03-10 07:20:29 ty D][atop_service.c:210] POST JSON:{"token":"Ln8n94u7","softVer":"1.0.0","productKey":"xxxxxxxxxxxxxxxx","protocolVer":"2.3","baselineVer":"40.07","options": "{\"otaChannel\":0, \"isFK\":false}","devAttribute":2048,"cadVer":"1.0.3","cdVer":"1.0.0","t":1773127229}[0m
[0;32;49m[03-10 07:20:29 ty D][atop_base.c:417] TUYA_HTTPS_ATOP_URL: /d.json?[0m
[0;32;49m[03-10 07:20:29 ty D][atop_base.c:434] request url len:125: /d.json?a=thing.device.opensdk.active&et=3&t=1773127229&uuid=uuid372137b7e155c1c5&v=1.0&sign=fab322ae5cd18aa3325e1462787354ef[0m
[0;32;49m[03-10 07:20:29 ty D][atop_base.c:448] atop_request_data_encode[0m
[0;32;49m[03-10 07:20:29 ty D][atop_base.c:457] out post data len:517, data:data=65303736376135396231366381DE96A32FC82C9AAF3C942739ADB4D138046949C0F637E9B811DAFD2A6E6A4F362FC6663BBCA7A553029A7FA34EEA2D37F111FB5A6F6937B431E3663F33A340737F789A5CFF12D80AA08649C6BEF6EA24A0079E8044714B37393C7503BD5207E5193EE14D9895191A99006EA2E0AFD0FBA4AFD510C878104EB75F90AA6AF17E68393DB1C2C89D02B44E6B04722FF3156A13300D3589721808306D508A5B337EFEDA295851355636B142E3AB145BCFE257148B4356DE8FF462B94138B14DF9F3233191F42FB46B1CC405CEF2BDE79BB389293D7115092F92CC9F5D8D751ACAB824BB3298BE3D39222E58440AD6291232456F27FB[0m
[0;32;49m[03-10 07:20:29 ty D][atop_base.c:469] http request send![0m
tkl_net_socket_create type(0), fd(1)!
[0;32;49m[03-10 07:20:29 ty D][tuya_tls.c:590] TUYA_TLS Begin Connect a2.tuyacn.com:443[0m
[0;32;49m[03-10 07:20:29 ty D][tuya_tls.c:341] mbedtls authmode: MBEDTLS_SSL_VERIFY_REQUIRED[0m
[0;32;49m[03-10 07:20:29 ty D][tuya_tls.c:354] load root ca cert.[0m
[0;32;49m[03-10 07:20:29 ty D][tuya_tls.c:661] socket fd is set. set to inner send/recv to handshake[0m
[0;32;49m[03-10 07:20:29 ty D][tuya_tls.c:323] mbedtls_cert_pkey_free.[0m
[0;32;49m[03-10 07:20:29 ty D][tuya_tls.c:702] handshake finish for a2.tuyacn.com. set send/recv to user set[0m
[0;32;49m[03-10 07:20:29 ty D][tuya_tls.c:708] TUYA_TLS Success Connect a2.tuyacn.com:443 Suit:TLS-ECDHE-RSA-WITH-AES-128-GCM-SHA256[0m
[0;32;49m[03-10 07:20:29 ty D][http_client_wrapper.c:119] tls connencted![0m
[0;32;49m[03-10 07:20:29 ty D][http_client_wrapper.c:147] http request send![0m
[0;32;49m[03-10 07:20:29 ty D][http_client_wrapper.c:40] HTTP header add key=User-Agent[0m
[0;32;49m[03-10 07:20:29 ty D][http_client_wrapper.c:40] HTTP header add key=Content-Type[0m
[0;32;49m[03-10 07:20:29 ty D][http_client_wrapper.c:51] Sending HTTP POST request to a2.tuyacn.com[0m
[0;32;49m[03-10 07:20:29 ty D][tls_transporter.c:122] tls transporter close socket fd:1[0m
[0;32;49m[03-10 07:20:29 ty D][tcp_transporter.c:200] tcp transporter close socket fd:1[0m
[0;32;49m[03-10 07:20:29 ty D][tls_transporter.c:130] tls transporter close tls handler:0x608ca798[0m
[0;32;49m[03-10 07:20:29 ty D][tuya_tls.c:819] TUYA_TLS Disconnect ENTER[0m
[0;32;49m[03-10 07:20:29 ty D][tuya_tls.c:844] TUYA_TLS Disconnect Success[0m
[0;32;49m[03-10 07:20:29 ty D][tuya_tls.c:511] tuya_tls_connect_destroy.[0m
[0;32;49m[03-10 07:20:29 ty D][atop_base.c:267] result:
{"t":1773127229,"success":false,"errorCode":"NOT_EXISTS","errorMsg":"Product Not exist"}[0m
[0;31;49m[03-10 07:20:29 ty E][atop_base.c:319] errorMsg:Product Not exist[0m
[0;32;49m[03-10 07:20:29 ty D][tuya_app_main.c:153] Tuya Event ID:12(TUYA_EVENT_TIMESTAMP_SYNC)[0m
[0;36;49m[03-10 07:20:29 ty I][tuya_app_main.c:154] Device Free heap 145488[0m
[0;36;49m[03-10 07:20:29 ty I][tuya_app_main.c:212] Sync timestamp:1773127229[0m
[0;31;49m[03-10 07:20:29 ty E][tuya_iot.c:274] activate_response_parse error:-2[0m
[0;32;49m[03-10 07:20:29 ty D][tuya_health.c:75] feed watchdog[0m
[0;32;49m[03-10 07:20:30 ty D][tal_kv.c:270] lfs key not found: uuid372137b7e155c1c5.devid[0m
[0;32;49m[03-10 07:20:30 ty D][atop_service.c:210] POST JSON:{"token":"Ln8n94u7","softVer":"1.0.0","productKey":"xxxxxxxxxxxxxxxx","protocolVer":"2.3","baselineVer":"40.07","options": "{\"otaChannel\":0, \"isFK\":false}","devAttribute":2048,"cadVer":"1.0.3","cdVer":"1.0.0","t":1773127230}[0m
[0;32;49m[03-10 07:20:30 ty D][atop_base.c:417] TUYA_HTTPS_ATOP_URL: /d.json?[0m
[0;32;49m[03-10 07:20:30 ty D][atop_base.c:434] request url len:125: /d.json?a=thing.device.opensdk.active&et=3&t=1773127230&uuid=uuid372137b7e155c1c5&v=1.0&sign=8c62b00718bca19a3114aa42d102f277[0m
[0;32;49m[03-10 07:20:30 ty D][atop_base.c:448] atop_request_data_encode[0m
[0;32;49m[03-10 07:20:30 ty D][atop_base.c:457] out post data len:517, data:data=633361363665336330613966ED6EDCAD14A0F59884DB4BBD48641C09822E8494BF097C7107ACC615A0734A7B6D2FDD2E032E694207CC91BEBA6F77E3A5EFEB4BE9C95520018B3E94895737D6153F4DE21884C24664BAD53E00E501423B9108C903587E13854D5D0076D8DC0935723488F990F9F05BF074EA4AAC80E167B2EB2667B97F0571A97A19C6AB7B01ED2AADB1A9D907F302AA18C95A698C32BC1A1FF39C063D81A8F996EAD6D8357EC32F53C104C3E4581DBCCDFB02919F146B391B7FB5FE84E6857888E70339C174615F566187E09A86B7A7DC286A7E058680BA6E4189647117FC0A502AFBB925FB62C2B928486812195501DD2D40C71CFA1A00BBA0[0m
[0;32;49m[03-10 07:20:30 ty D][atop_base.c:469] http request send![0m
tkl_net_socket_create type(0), fd(1)!
[0;32;49m[03-10 07:20:30 ty D][tuya_tls.c:590] TUYA_TLS Begin Connect a2.tuyacn.com:443[0m
[0;32;49m[03-10 07:20:30 ty D][tuya_tls.c:341] mbedtls authmode: MBEDTLS_SSL_VERIFY_REQUIRED[0m
[0;32;49m[03-10 07:20:30 ty D][tuya_tls.c:354] load root ca cert.[0m
[0;32;49m[03-10 07:20:30 ty D][tuya_tls.c:661] socket fd is set. set to inner send/recv to handshake[0m
[0;32;49m[03-10 07:20:30 ty D][tuya_tls.c:323] mbedtls_cert_pkey_free.[0m
[0;32;49m[03-10 07:20:30 ty D][tuya_tls.c:702] handshake finish for a2.tuyacn.com. set send/recv to user set[0m
[0;32;49m[03-10 07:20:30 ty D][tuya_tls.c:708] TUYA_TLS Success Connect a2.tuyacn.com:443 Suit:TLS-ECDHE-RSA-WITH-AES-128-GCM-SHA256[0m
[0;32;49m[03-10 07:20:30 ty D][http_client_wrapper.c:119] tls connencted![0m
[0;32;49m[03-10 07:20:30 ty D][http_client_wrapper.c:147] http request send![0m
[0;32;49m[03-10 07:20:30 ty D][http_client_wrapper.c:40] HTTP header add key=User-Agent[0m
[0;32;49m[03-10 07:20:30 ty D][http_client_wrapper.c:40] HTTP header add key=Content-Type[0m
[0;32;49m[03-10 07:20:30 ty D][http_client_wrapper.c:51] Sending HTTP POST request to a2.tuyacn.com[0m
[0;32;49m[03-10 07:20:30 ty D][tls_transporter.c:122] tls transporter close socket fd:1[0m
[0;32;49m[03-10 07:20:30 ty D][tcp_transporter.c:200] tcp transporter close socket fd:1[0m
[0;32;49m[03-10 07:20:30 ty D][tls_transporter.c:130] tls transporter close tls handler:0x608ca798[0m
[0;32;49m[03-10 07:20:30 ty D][tuya_tls.c:819] TUYA_TLS Disconnect ENTER[0m
[0;32;49m[03-10 07:20:30 ty D][tuya_tls.c:844] TUYA_TLS Disconnect Success[0m
[0;32;49m[03-10 07:20:30 ty D][tuya_tls.c:511] tuya_tls_connect_destroy.[0m
[0;32;49m[03-10 07:20:30 ty D][atop_base.c:267] result:
{"t":1773127231,"success":false,"errorCode":"NOT_EXISTS","errorMsg":"Product Not exist"}[0m
[0;31;49m[03-10 07:20:30 ty E][atop_base.c:319] errorMsg:Product Not exist[0m
[0;32;49m[03-10 07:20:30 ty D][tuya_app_main.c:153] Tuya Event ID:12(TUYA_EVENT_TIMESTAMP_SYNC)[0m
[0;36;49m[03-10 07:20:30 ty I][tuya_app_main.c:154] Device Free heap 145488[0m
[0;36;49m[03-10 07:20:30 ty I][tuya_app_main.c:212] Sync timestamp:1773127231[0m
[0;31;49m[03-10 07:20:31 ty E][tuya_iot.c:274] activate_response_parse error:-2[0m
[0;32;49m[03-10 07:20:32 ty D][tal_kv.c:270] lfs key not found: uuid372137b7e155c1c5.devid[0m
[0;32;49m[03-10 07:20:32 ty D][atop_service.c:210] POST JSON:{"token":"Ln8n94u7","softVer":"1.0.0","productKey":"xxxxxxxxxxxxxxxx","protocolVer":"2.3","baselineVer":"40.07","options": "{\"otaChannel\":0, \"isFK\":false}","devAttribute":2048,"cadVer":"1.0.3","cdVer":"1.0.0","t":1773127232}[0m
[0;32;49m[03-10 07:20:32 ty D][atop_base.c:417] TUYA_HTTPS_ATOP_URL: /d.json?[0m
[0;32;49m[03-10 07:20:32 ty D][atop_base.c:434] request url len:125: /d.json?a=thing.device.opensdk.active&et=3&t=1773127232&uuid=uuid372137b7e155c1c5&v=1.0&sign=5611eab3e60db99bb3bc29dd6d31d598[0m
[0;32;49m[03-10 07:20:32 ty D][atop_base.c:448] atop_request_data_encode[0m
[0;32;49m[03-10 07:20:32 ty D][atop_base.c:457] out post data len:517, data:data=3438343466333537653038661EBB184C7EE2E9679D09B0AF994D4EA3F2E01A4869519B1E73CA70C9B006E4FFAA62E289585132953361D27FAD96457E6A67D0B6F68506B310467DD02A20D1D1EBDBF41A53C781B821BF4C48819AC9402858217B56089EC0F21602043627F432BB3824EA3FB5B9DF09132831B12934D4E8750DFDDEDA77CE8EDBB8A676BFDBC6156F72795A228BF0520476B5F9D34BA1E4A72B028FC15CC14A8E5AC657B99162535406C7C82CEDAFC2B06BD0695EBEE546AA5ABE24C5D5112610B908BECB1C3CFF2767EC45B8B579D01E425272EBCF5D9C9F5C4976486A58F1BA78E8A19B588917AE6FABF544F32940AC2F145087AD551A28B363[0m
[0;32;49m[03-10 07:20:32 ty D][atop_base.c:469] http request send![0m
tkl_net_socket_create type(0), fd(1)!
[0;32;49m[03-10 07:20:32 ty D][tuya_tls.c:590] TUYA_TLS Begin Connect a2.tuyacn.com:443[0m
[0;32;49m[03-10 07:20:32 ty D][tuya_tls.c:341] mbedtls authmode: MBEDTLS_SSL_VERIFY_REQUIRED[0m
[0;32;49m[03-10 07:20:32 ty D][tuya_tls.c:354] load root ca cert.[0m
[0;32;49m[03-10 07:20:32 ty D][tuya_tls.c:661] socket fd is set. set to inner send/recv to handshake[0m
[0;32;49m[03-10 07:20:32 ty D][tuya_tls.c:323] mbedtls_cert_pkey_free.[0m
[0;32;49m[03-10 07:20:32 ty D][tuya_tls.c:702] handshake finish for a2.tuyacn.com. set send/recv to user set[0m
[0;32;49m[03-10 07:20:32 ty D][tuya_tls.c:708] TUYA_TLS Success Connect a2.tuyacn.com:443 Suit:TLS-ECDHE-RSA-WITH-AES-128-GCM-SHA256[0m
[0;32;49m[03-10 07:20:32 ty D][http_client_wrapper.c:119] tls connencted![0m
[0;32;49m[03-10 07:20:32 ty D][http_client_wrapper.c:147] http request send![0m
[0;32;49m[03-10 07:20:32 ty D][http_client_wrapper.c:40] HTTP header add key=User-Agent[0m
[0;32;49m[03-10 07:20:32 ty D][http_client_wrapper.c:40] HTTP header add key=Content-Type[0m
[0;32;49m[03-10 07:20:32 ty D][http_client_wrapper.c:51] Sending HTTP POST request to a2.tuyacn.com[0m
[0;32;49m[03-10 07:20:32 ty D][tls_transporter.c:122] tls transporter close socket fd:1[0m
[0;32;49m[03-10 07:20:32 ty D][tcp_transporter.c:200] tcp transporter close socket fd:1[0m
[0;32;49m[03-10 07:20:32 ty D][tls_transporter.c:130] tls transporter close tls handler:0x608ca798[0m
[0;32;49m[03-10 07:20:32 ty D][tuya_tls.c:819] TUYA_TLS Disconnect ENTER[0m
[0;32;49m[03-10 07:20:32 ty D][tuya_tls.c:844] TUYA_TLS Disconnect Success[0m
[0;32;49m[03-10 07:20:32 ty D][tuya_tls.c:511] tuya_tls_connect_destroy.[0m
[0;32;49m[03-10 07:20:32 ty D][atop_base.c:267] result:
{"t":1773127232,"success":false,"errorCode":"NOT_EXISTS","errorMsg":"Product Not exist"}[0m
[0;31;49m[03-10 07:20:32 ty E][atop_base.c:319] errorMsg:Product Not exist[0m
[0;32;49m[03-10 07:20:32 ty D][tuya_app_main.c:153] Tuya Event ID:12(TUYA_EVENT_TIMESTAMP_SYNC)[0m
[0;36;49m[03-10 07:20:32 ty I][tuya_app_main.c:154] Device Free heap 145488[0m
[0;36;49m[03-10 07:20:32 ty I][tuya_app_main.c:212] Sync timestamp:1773127232[0m
[0;31;49m[03-10 07:20:32 ty E][tuya_iot.c:274] activate_response_parse error:-2[0m
[0;32;49m[03-10 07:20:33 ty D][tal_kv.c:270] lfs key not found: uuid372137b7e155c1c5.devid[0m
[0;32;49m[03-10 07:20:33 ty D][atop_service.c:210] POST JSON:{"token":"Ln8n94u7","softVer":"1.0.0","productKey":"xxxxxxxxxxxxxxxx","protocolVer":"2.3","baselineVer":"40.07","options": "{\"otaChannel\":0, \"isFK\":false}","devAttribute":2048,"cadVer":"1.0.3","cdVer":"1.0.0","t":1773127233}[0m
[0;32;49m[03-10 07:20:33 ty D][atop_base.c:417] TUYA_HTTPS_ATOP_URL: /d.json?[0m
[0;32;49m[03-10 07:20:33 ty D][atop_base.c:434] request url len:125: /d.json?a=thing.device.opensdk.active&et=3&t=1773127233&uuid=uuid372137b7e155c1c5&v=1.0&sign=4eefd97b1152be5c6e918f9924426403[0m
[0;32;49m[03-10 07:20:33 ty D][atop_base.c:448] atop_request_data_encode[0m
[0;32;49m[03-10 07:20:33 ty D][atop_base.c:457] out post data len:517, data:data=646430663666323330386438425D39B6BF6B19771A338CBDE95C916B59922B9FE15BB42F2296BDE4627BAD447D785232E460F78645D778CD0EC44E97A3A6B67F5CB8151E8FE078DCEA9C30942E99CE2C52DB904A826D919E3B28A687CFB4370F6A62F41F37A3B847D78402EF3608C40A6231C46070099643F7DAEF9D8C560E775E9C80FD7C980D24B2AB067B115BB2D4B045C080577C69BBF82290385931522038FA207CBB2D3DDBCCCD8F9A936EDD666D563B82CD99ACB9951F26110119A5BF5F95B4277E124D0425B64EFF54D33D9F28BBB0992DEFC3B490DD84FEA22E1812947E71686CCE8C684DB2A3BFA7BB8F49B711B5A9092559019FE2BCC81AEEA7D3[0m
[0;32;49m[03-10 07:20:33 ty D][atop_base.c:469] http request send![0m
tkl_net_socket_create type(0), fd(1)!
[0;32;49m[03-10 07:20:33 ty D][tuya_tls.c:590] TUYA_TLS Begin Connect a2.tuyacn.com:443[0m
[0;32;49m[03-10 07:20:33 ty D][tuya_tls.c:341] mbedtls authmode: MBEDTLS_SSL_VERIFY_REQUIRED[0m
[0;32;49m[03-10 07:20:33 ty D][tuya_tls.c:354] load root ca cert.[0m
[0;32;49m[03-10 07:20:33 ty D][tuya_tls.c:661] socket fd is set. set to inner send/recv to handshake[0m
[0;32;49m[03-10 07:20:33 ty D][tuya_tls.c:323] mbedtls_cert_pkey_free.[0m
[0;32;49m[03-10 07:20:33 ty D][tuya_tls.c:702] handshake finish for a2.tuyacn.com. set send/recv to user set[0m
[0;32;49m[03-10 07:20:33 ty D][tuya_tls.c:708] TUYA_TLS Success Connect a2.tuyacn.com:443 Suit:TLS-ECDHE-RSA-WITH-AES-128-GCM-SHA256[0m
[0;32;49m[03-10 07:20:33 ty D][http_client_wrapper.c:119] tls connencted![0m
[0;32;49m[03-10 07:20:33 ty D][http_client_wrapper.c:147] http request send![0m
[0;32;49m[03-10 07:20:33 ty D][http_client_wrapper.c:40] HTTP header add key=User-Agent[0m
[0;32;49m[03-10 07:20:33 ty D][http_client_wrapper.c:40] HTTP header add key=Content-Type[0m
[0;32;49m[03-10 07:20:33 ty D][http_client_wrapper.c:51] Sending HTTP POST request to a2.tuyacn.com[0m
[0;32;49m[03-10 07:20:33 ty D][tls_transporter.c:122] tls transporter close socket fd:1[0m
[0;32;49m[03-10 07:20:33 ty D][tcp_transporter.c:200] tcp transporter close socket fd:1[0m
[0;32;49m[03-10 07:20:33 ty D][tls_transporter.c:130] tls transporter close tls handler:0x608ca798[0m
[0;32;49m[03-10 07:20:33 ty D][tuya_tls.c:819] TUYA_TLS Disconnect ENTER[0m
[0;32;49m[03-10 07:20:33 ty D][tuya_tls.c:844] TUYA_TLS Disconnect Success[0m
[0;32;49m[03-10 07:20:33 ty D][tuya_tls.c:511] tuya_tls_connect_destroy.[0m
[0;32;49m[03-10 07:20:33 ty D][atop_base.c:267] result:
{"t":1773127234,"success":false,"errorCode":"NOT_EXISTS","errorMsg":"Product Not exist"}[0m
[0;31;49m[03-10 07:20:33 ty E][atop_base.c:319] errorMsg:Product Not exist[0m
[0;32;49m[03-10 07:20:33 ty D][tuya_app_main.c:153] Tuya Event ID:12(TUYA_EVENT_TIMESTAMP_SYNC)[0m
[0;36;49m[03-10 07:20:33 ty I][tuya_app_main.c:154] Device Free heap 145488[0m
[0;36;49m[03-10 07:20:33 ty I][tuya_app_main.c:212] Sync timestamp:1773127234[0m
[0;31;49m[03-10 07:20:34 ty E][tuya_iot.c:274] activate_response_parse error:-2[0m
[0;32;49m[03-10 07:20:35 ty D][tal_kv.c:270] lfs key not found: uuid372137b7e155c1c5.devid[0m
[0;32;49m[03-10 07:20:35 ty D][atop_service.c:210] POST JSON:{"token":"Ln8n94u7","softVer":"1.0.0","productKey":"xxxxxxxxxxxxxxxx","protocolVer":"2.3","baselineVer":"40.07","options": "{\"otaChannel\":0, \"isFK\":false}","devAttribute":2048,"cadVer":"1.0.3","cdVer":"1.0.0","t":1773127235}[0m
[0;32;49m[03-10 07:20:35 ty D][atop_base.c:417] TUYA_HTTPS_ATOP_URL: /d.json?[0m
[0;32;49m[03-10 07:20:35 ty D][atop_base.c:434] request url len:125: /d.json?a=thing.device.opensdk.active&et=3&t=1773127235&uuid=uuid372137b7e155c1c5&v=1.0&sign=7db4ebbe4d875ce802ed60af90ef0a7a[0m
[0;32;49m[03-10 07:20:35 ty D][atop_base.c:448] atop_request_data_encode[0m
[0;32;49m[03-10 07:20:35 ty D][atop_base.c:457] out post data len:517, data:data=31303538646437336531613156FCCFD6F08B1BF70EFD030BC6923BF587062F26DE7D7E581500C1B2F8E5509EF32DD680BBB7B137415F5E78655B11797D8E061E7ECC88E676D16EA02B3093954F05E731D97C0907256FA436E802E45E5F8D0CCC42A1123156AAAA540A6D571B2B22695B48A1611D91BDCCD6663D7184428F5291B07A630B8B258DCD202A6878B98900D175C72220A49FD4F5CE864B801C8533733AD53D9B5A8E99804C5AE1E77FFF4D14417DE9DC2DD1114623D9E1BE419695597CAD922012379E44F38E99E95EEC96EB6887E7C95C51F4B76D0B72397A98F6C65A5E57DF4426F0F918D1BFDA3806489DD0BB939A87F4EABF762BB7FE72BC32D0[0m
[0;32;49m[03-10 07:20:35 ty D][atop_base.c:469] http request send![0m
tkl_net_socket_create type(0), fd(1)!
[0;32;49m[03-10 07:20:35 ty D][tuya_tls.c:590] TUYA_TLS Begin Connect a2.tuyacn.com:443[0m
[0;32;49m[03-10 07:20:35 ty D][tuya_tls.c:341] mbedtls authmode: MBEDTLS_SSL_VERIFY_REQUIRED[0m
[0;32;49m[03-10 07:20:35 ty D][tuya_tls.c:354] load root ca cert.[0m
[0;32;49m[03-10 07:20:35 ty D][tuya_tls.c:661] socket fd is set. set to inner send/recv to handshake[0m
[0;36;49m[03-10 07:20:35 ty I][ducky_claw_chat.c:52] Free heap size:145568, Free psram heap size:7385840[0m
[0;32;49m[03-10 07:20:35 ty D][tuya_tls.c:323] mbedtls_cert_pkey_free.[0m
[0;32;49m[03-10 07:20:35 ty D][tuya_tls.c:702] handshake finish for a2.tuyacn.com. set send/recv to user set[0m
[0;32;49m[03-10 07:20:35 ty D][tuya_tls.c:708] TUYA_TLS Success Connect a2.tuyacn.com:443 Suit:TLS-ECDHE-RSA-WITH-AES-128-GCM-SHA256[0m
[0;32;49m[03-10 07:20:35 ty D][http_client_wrapper.c:119] tls connencted![0m
[0;32;49m[03-10 07:20:35 ty D][http_client_wrapper.c:147] http request send![0m
[0;32;49m[03-10 07:20:35 ty D][http_client_wrapper.c:40] HTTP header add key=User-Agent[0m
[0;32;49m[03-10 07:20:35 ty D][http_client_wrapper.c:40] HTTP header add key=Content-Type[0m
[0;32;49m[03-10 07:20:35 ty D][http_client_wrapper.c:51] Sending HTTP POST request to a2.tuyacn.com[0m
[0;32;49m[03-10 07:20:35 ty D][tls_transporter.c:122] tls transporter close socket fd:1[0m
[0;32;49m[03-10 07:20:35 ty D][tcp_transporter.c:200] tcp transporter close socket fd:1[0m
[0;32;49m[03-10 07:20:35 ty D][tls_transporter.c:130] tls transporter close tls handler:0x608ca798[0m
[0;32;49m[03-10 07:20:35 ty D][tuya_tls.c:819] TUYA_TLS Disconnect ENTER[0m
[0;32;49m[03-10 07:20:35 ty D][tuya_tls.c:844] TUYA_TLS Disconnect Success[0m
[0;32;49m[03-10 07:20:35 ty D][tuya_tls.c:511] tuya_tls_connect_destroy.[0m
[0;32;49m[03-10 07:20:35 ty D][atop_base.c:267] result:
{"t":1773127236,"success":false,"errorCode":"NOT_EXISTS","errorMsg":"Product Not exist"}[0m
[0;31;49m[03-10 07:20:35 ty E][atop_base.c:319] errorMsg:Product Not exist[0m
[0;32;49m[03-10 07:20:35 ty D][tuya_app_main.c:153] Tuya Event ID:12(TUYA_EVENT_TIMESTAMP_SYNC)[0m
[0;36;49m[03-10 07:20:35 ty I][tuya_app_main.c:154] Device Free heap 145488[0m
[0;36;49m[03-10 07:20:35 ty I][tuya_app_main.c:212] Sync timestamp:1773127236[0m
[0;31;49m[03-10 07:20:36 ty E][tuya_iot.c:274] activate_response_parse error:-2[0m
[0;32;49m[03-10 07:20:37 ty D][tal_kv.c:270] lfs key not found: uuid372137b7e155c1c5.devid[0m
[0;32;49m[03-10 07:20:37 ty D][atop_service.c:210] POST JSON:{"token":"Ln8n94u7","softVer":"1.0.0","productKey":"xxxxxxxxxxxxxxxx","protocolVer":"2.3","baselineVer":"40.07","options": "{\"otaChannel\":0, \"isFK\":false}","devAttribute":2048,"cadVer":"1.0.3","cdVer":"1.0.0","t":1773127237}[0m
[0;32;49m[03-10 07:20:37 ty D][atop_base.c:417] TUYA_HTTPS_ATOP_URL: /d.json?[0m
[0;32;49m[03-10 07:20:37 ty D][atop_base.c:434] request url len:125: /d.json?a=thing.device.opensdk.active&et=3&t=1773127237&uuid=uuid372137b7e155c1c5&v=1.0&sign=8bd21ef1b616d34485a5ebd036933396[0m
[0;32;49m[03-10 07:20:37 ty D][atop_base.c:448] atop_request_data_encode[0m
[0;32;49m[03-10 07:20:37 ty D][atop_base.c:457] out post data len:517, data:data=333336363139346566643137960379AE01D2310DD15A62550A893E05D0B0C8BF09D7B899A50140795FE9146C0336D04D3392095094929295E136D6B6BF764012CF5FE8D7D7052ED64AC3DAD467A9B50A60E5F0DC235A459D8C46CECF00D2EBBAD8D3484ED6676B29FCAF3F6573915AEF31C69F2C5B2A873DAC220B474FC04F152B8961616DB21CABB41C2F2CEF0BE32C5771FA4229AAEF499BC2A151C15A90AA1DAB76BD396071FE89DAE1811DA6881DDD29499057D9E13C543B8F93E327B50EC9876BDC4B2F7062686D511F37AED5CD8C302C3DA2E75FFB83489DF47FF70DA38634C81B8ACD589246518475BA1A2436356F8EC66BB9947C02E4FBA642DA81C2[0m
[0;32;49m[03-10 07:20:37 ty D][atop_base.c:469] http request send![0m
tkl_net_socket_create type(0), fd(1)!
[0;32;49m[03-10 07:20:37 ty D][tuya_tls.c:590] TUYA_TLS Begin Connect a2.tuyacn.com:443[0m
[0;32;49m[03-10 07:20:37 ty D][tuya_tls.c:341] mbedtls authmode: MBEDTLS_SSL_VERIFY_REQUIRED[0m
[0;32;49m[03-10 07:20:37 ty D][tuya_tls.c:354] load root ca cert.[0m
[0;32;49m[03-10 07:20:37 ty D][tuya_tls.c:661] socket fd is set. set to inner send/recv to handshake[0m
[0;32;49m[03-10 07:20:37 ty D][tuya_tls.c:323] mbedtls_cert_pkey_free.[0m
[0;32;49m[03-10 07:20:37 ty D][tuya_tls.c:702] handshake finish for a2.tuyacn.com. set send/recv to user set[0m
[0;32;49m[03-10 07:20:37 ty D][tuya_tls.c:708] TUYA_TLS Success Connect a2.tuyacn.com:443 Suit:TLS-ECDHE-RSA-WITH-AES-128-GCM-SHA256[0m
[0;32;49m[03-10 07:20:37 ty D][http_client_wrapper.c:119] tls connencted![0m
[0;32;49m[03-10 07:20:37 ty D][http_client_wrapper.c:147] http request send![0m
[0;32;49m[03-10 07:20:37 ty D][http_client_wrapper.c:40] HTTP header add key=User-Agent[0m
[0;32;49m[03-10 07:20:37 ty D][http_client_wrapper.c:40] HTTP header add key=Content-Type[0m
[0;32;49m[03-10 07:20:37 ty D][http_client_wrapper.c:51] Sending HTTP POST request to a2.tuyacn.com[0m
[0;32;49m[03-10 07:20:37 ty D][tls_transporter.c:122] tls transporter close socket fd:1[0m
[0;32;49m[03-10 07:20:37 ty D][tcp_transporter.c:200] tcp transporter close socket fd:1[0m
[0;32;49m[03-10 07:20:37 ty D][tls_transporter.c:130] tls transporter close tls handler:0x608ca798[0m
[0;32;49m[03-10 07:20:37 ty D][tuya_tls.c:819] TUYA_TLS Disconnect ENTER[0m
[0;32;49m[03-10 07:20:37 ty D][tuya_tls.c:844] TUYA_TLS Disconnect Success[0m
[0;32;49m[03-10 07:20:37 ty D][tuya_tls.c:511] tuya_tls_connect_destroy.[0m
[0;32;49m[03-10 07:20:37 ty D][atop_base.c:267] result:
{"t":1773127237,"success":false,"errorCode":"NOT_EXISTS","errorMsg":"Product Not exist"}[0m
[0;31;49m[03-10 07:20:37 ty E][atop_base.c:319] errorMsg:Product Not exist[0m
[0;32;49m[03-10 07:20:37 ty D][tuya_app_main.c:153] Tuya Event ID:12(TUYA_EVENT_TIMESTAMP_SYNC)[0m
[0;36;49m[03-10 07:20:37 ty I][tuya_app_main.c:154] Device Free heap 145488[0m
[0;36;49m[03-10 07:20:37 ty I][tuya_app_main.c:212] Sync timestamp:1773127237[0m
[0;31;49m[03-10 07:20:37 ty E][tuya_iot.c:274] activate_response_parse error:-2[0m
[0;32;49m[03-10 07:20:38 ty D][tal_kv.c:270] lfs key not found: uuid372137b7e155c1c5.devid[0m
[0;32;49m[03-10 07:20:38 ty D][atop_service.c:210] POST JSON:{"token":"Ln8n94u7","softVer":"1.0.0","productKey":"xxxxxxxxxxxxxxxx","protocolVer":"2.3","baselineVer":"40.07","options": "{\"otaChannel\":0, \"isFK\":false}","devAttribute":2048,"cadVer":"1.0.3","cdVer":"1.0.0","t":1773127238}[0m
[0;32;49m[03-10 07:20:38 ty D][atop_base.c:417] TUYA_HTTPS_ATOP_URL: /d.json?[0m
[0;32;49m[03-10 07:20:38 ty D][atop_base.c:434] request url len:125: /d.json?a=thing.device.opensdk.active&et=3&t=1773127238&uuid=uuid372137b7e155c1c5&v=1.0&sign=6dadf700e40df1e7bc71f8a0f6ddf92e[0m
[0;32;49m[03-10 07:20:38 ty D][atop_base.c:448] atop_request_data_encode[0m
[0;32;49m[03-10 07:20:38 ty D][atop_base.c:457] out post data len:517, data:data=32386138363665633839636121AE8C3FED7291F58EF5EBF0D01E0C54590CFADC5074D6CDD4B7F40B7AD5AC64729E5101E9EAAC7264666B485E000D2FB7EC66ACA0FF60F294E68C4E0375A5BD7F7A9F9097C6B635FC7EC200B5F8337BED79AE7B4B33771F5803AF75EE115C209F235DC323B6CD2574DB5366047DC83F0851685A8D43BB2ADCDA0C5B80D90A86DE7BBD5CF43B76372FDB949FC89F6BB536AA83C571D94E8048A8E76C37EAA8BC2129A9FBCCEA17F957C3B4515B40F6031B8E7D4F516381B7F464E74CC26E2712D417BEB49A5A1D33A1560F9C3893F2A50BA159633F5443C5CD41CFB5DEC6A28C159600C55DC2F3C80721F713B7A0AD74C8F1E96B[0m
[0;32;49m[03-10 07:20:38 ty D][atop_base.c:469] http request send![0m
tkl_net_socket_create type(0), fd(1)!
[0;32;49m[03-10 07:20:38 ty D][tuya_tls.c:590] TUYA_TLS Begin Connect a2.tuyacn.com:443[0m
[0;32;49m[03-10 07:20:38 ty D][tuya_tls.c:341] mbedtls authmode: MBEDTLS_SSL_VERIFY_REQUIRED[0m
[0;32;49m[03-10 07:20:38 ty D][tuya_tls.c:354] load root ca cert.[0m
[0;32;49m[03-10 07:20:38 ty D][tuya_tls.c:661] socket fd is set. set to inner send/recv to handshake[0m
[0;32;49m[03-10 07:20:38 ty D][tuya_tls.c:323] mbedtls_cert_pkey_free.[0m
[0;32;49m[03-10 07:20:38 ty D][tuya_tls.c:702] handshake finish for a2.tuyacn.com. set send/recv to user set[0m
[0;32;49m[03-10 07:20:38 ty D][tuya_tls.c:708] TUYA_TLS Success Connect a2.tuyacn.com:443 Suit:TLS-ECDHE-RSA-WITH-AES-128-GCM-SHA256[0m
[0;32;49m[03-10 07:20:38 ty D][http_client_wrapper.c:119] tls connencted![0m
[0;32;49m[03-10 07:20:38 ty D][http_client_wrapper.c:147] http request send![0m
[0;32;49m[03-10 07:20:38 ty D][http_client_wrapper.c:40] HTTP header add key=User-Agent[0m
[0;32;49m[03-10 07:20:38 ty D][http_client_wrapper.c:40] HTTP header add key=Content-Type[0m
[0;32;49m[03-10 07:20:38 ty D][http_client_wrapper.c:51] Sending HTTP POST request to a2.tuyacn.com[0m
[0;32;49m[03-10 07:20:38 ty D][tls_transporter.c:122] tls transporter close socket fd:1[0m
[0;32;49m[03-10 07:20:38 ty D][tcp_transporter.c:200] tcp transporter close socket fd:1[0m
[0;32;49m[03-10 07:20:38 ty D][tls_transporter.c:130] tls transporter close tls handler:0x608ca798[0m
[0;32;49m[03-10 07:20:38 ty D][tuya_tls.c:819] TUYA_TLS Disconnect ENTER[0m
[0;32;49m[03-10 07:20:38 ty D][tuya_tls.c:844] TUYA_TLS Disconnect Success[0m
[0;32;49m[03-10 07:20:38 ty D][tuya_tls.c:511] tuya_tls_connect_destroy.[0m
[0;32;49m[03-10 07:20:38 ty D][atop_base.c:267] result:
{"t":1773127239,"success":false,"errorCode":"NOT_EXISTS","errorMsg":"Product Not exist"}[0m
[0;31;49m[03-10 07:20:38 ty E][atop_base.c:319] errorMsg:Product Not exist[0m
[0;32;49m[03-10 07:20:38 ty D][tuya_app_main.c:153] Tuya Event ID:12(TUYA_EVENT_TIMESTAMP_SYNC)[0m
[0;36;49m[03-10 07:20:38 ty I][tuya_app_main.c:154] Device Free heap 145488[0m
[0;36;49m[03-10 07:20:38 ty I][tuya_app_main.c:212] Sync timestamp:1773127239[0m
[0;31;49m[03-10 07:20:39 ty E][tuya_iot.c:274] activate_response_parse error:-2[0m
[0;32;49m[03-10 07:20:39 ty D][tuya_health.c:75] feed watchdog[0m
[0;32;49m[03-10 07:20:40 ty D][tal_kv.c:270] lfs key not found: uuid372137b7e155c1c5.devid[0m
[0;32;49m[03-10 07:20:40 ty D][atop_service.c:210] POST JSON:{"token":"Ln8n94u7","softVer":"1.0.0","productKey":"xxxxxxxxxxxxxxxx","protocolVer":"2.3","baselineVer":"40.07","options": "{\"otaChannel\":0, \"isFK\":false}","devAttribute":2048,"cadVer":"1.0.3","cdVer":"1.0.0","t":1773127240}[0m
[0;32;49m[03-10 07:20:40 ty D][atop_base.c:417] TUYA_HTTPS_ATOP_URL: /d.json?[0m
[0;32;49m[03-10 07:20:40 ty D][atop_base.c:434] request url len:125: /d.json?a=thing.device.opensdk.active&et=3&t=1773127240&uuid=uuid372137b7e155c1c5&v=1.0&sign=8468c336c3372358b264b926c1773a14[0m
[0;32;49m[03-10 07:20:40 ty D][atop_base.c:448] atop_request_data_encode[0m
[0;32;49m[03-10 07:20:40 ty D][atop_base.c:457] out post data len:517, data:data=65623637363366616661653457BF0A493CCC1CEDEB943F4B1E61E014E9B5AA1977A207D94CC9955F919D6B5DE5C4BCFAC8A6D52C340788E0DCF5E976FC83507D29EDD56E84966756B079D68CD2E7A97134B097025926D932651559FCE556CCC7233E8E7753A02F8E98DD94354CFBF2378906BCEA19178E9F72869C7EC56807D381BE3DB5203E37F4AB83EA2D3DB405215B663790D5C6330333C311287B550E702C320E84C4CBDC8771A7ABAF8C85F4AF1E5833D035A056A74979AADE786CE5E461D5865641B39C263F274CEF155FF415461CA889A31D363A0AF8B43E154AAE02833C031C49A7D3532861F5ECAFBCDBA2A379FA4CD6B03FF1F8F4E5E87FE9AAF9[0m
[0;32;49m[03-10 07:20:40 ty D][atop_base.c:469] http request send![0m
tkl_net_socket_create type(0), fd(1)!
[0;32;49m[03-10 07:20:40 ty D][tuya_tls.c:590] TUYA_TLS Begin Connect a2.tuyacn.com:443[0m
[0;32;49m[03-10 07:20:40 ty D][tuya_tls.c:341] mbedtls authmode: MBEDTLS_SSL_VERIFY_REQUIRED[0m
[0;32;49m[03-10 07:20:40 ty D][tuya_tls.c:354] load root ca cert.[0m
[0;32;49m[03-10 07:20:40 ty D][tuya_tls.c:661] socket fd is set. set to inner send/recv to handshake[0m
[0;32;49m[03-10 07:20:40 ty D][tuya_tls.c:323] mbedtls_cert_pkey_free.[0m
[0;32;49m[03-10 07:20:40 ty D][tuya_tls.c:702] handshake finish for a2.tuyacn.com. set send/recv to user set[0m
[0;32;49m[03-10 07:20:40 ty D][tuya_tls.c:708] TUYA_TLS Success Connect a2.tuyacn.com:443 Suit:TLS-ECDHE-RSA-WITH-AES-128-GCM-SHA256[0m
[0;32;49m[03-10 07:20:40 ty D][http_client_wrapper.c:119] tls connencted![0m
[0;32;49m[03-10 07:20:40 ty D][http_client_wrapper.c:147] http request send![0m
[0;32;49m[03-10 07:20:40 ty D][http_client_wrapper.c:40] HTTP header add key=User-Agent[0m
[0;32;49m[03-10 07:20:40 ty D][http_client_wrapper.c:40] HTTP header add key=Content-Type[0m
[0;32;49m[03-10 07:20:40 ty D][http_client_wrapper.c:51] Sending HTTP POST request to a2.tuyacn.com[0m
[0;32;49m[03-10 07:20:40 ty D][tls_transporter.c:122] tls transporter close socket fd:1[0m
[0;32;49m[03-10 07:20:40 ty D][tcp_transporter.c:200] tcp transporter close socket fd:1[0m
[0;32;49m[03-10 07:20:40 ty D][tls_transporter.c:130] tls transporter close tls handler:0x608ca798[0m
[0;32;49m[03-10 07:20:40 ty D][tuya_tls.c:819] TUYA_TLS Disconnect ENTER[0m
[0;32;49m[03-10 07:20:40 ty D][tuya_tls.c:844] TUYA_TLS Disconnect Success[0m
[0;32;49m[03-10 07:20:40 ty D][tuya_tls.c:511] tuya_tls_connect_destroy.[0m
[0;32;49m[03-10 07:20:40 ty D][atop_base.c:267] result:
{"t":1773127240,"success":false,"errorCode":"NOT_EXISTS","errorMsg":"Product Not exist"}[0m
[0;31;49m[03-10 07:20:40 ty E][atop_base.c:319] errorMsg:Product Not exist[0m
[0;32;49m[03-10 07:20:40 ty D][tuya_app_main.c:153] Tuya Event ID:12(TUYA_EVENT_TIMESTAMP_SYNC)[0m
[0;36;49m[03-10 07:20:40 ty I][tuya_app_main.c:154] Device Free heap 145488[0m
[0;36;49m[03-10 07:20:40 ty I][tuya_app_main.c:212] Sync timestamp:1773127240[0m
[0;31;49m[03-10 07:20:40 ty E][tuya_iot.c:274] activate_response_parse error:-2[0m
[0;32;49m[03-10 07:20:41 ty D][tal_kv.c:270] lfs key not found: uuid372137b7e155c1c5.devid[0m
[0;32;49m[03-10 07:20:41 ty D][atop_service.c:210] POST JSON:{"token":"Ln8n94u7","softVer":"1.0.0","productKey":"xxxxxxxxxxxxxxxx","protocolVer":"2.3","baselineVer":"40.07","options": "{\"otaChannel\":0, \"isFK\":false}","devAttribute":2048,"cadVer":"1.0.3","cdVer":"1.0.0","t":1773127241}[0m
[0;32;49m[03-10 07:20:41 ty D][atop_base.c:417] TUYA_HTTPS_ATOP_URL: /d.json?[0m
[0;32;49m[03-10 07:20:41 ty D][atop_base.c:434] request url len:125: /d.json?a=thing.device.opensdk.active&et=3&t=1773127241&uuid=uuid372137b7e155c1c5&v=1.0&sign=e885bbae4574ffaee8ca9c24440b4f89[0m
[0;32;49m[03-10 07:20:41 ty D][atop_base.c:448] atop_request_data_encode[0m
[0;32;49m[03-10 07:20:41 ty D][atop_base.c:457] out post data len:517, data:data=6434326536653834343337334D9D2A644F58129F5E83255686E67A846DE60ED6F47CBCDB0B6B30A565B86D408DF5948AF37AB15C200F190A815C55845A04A602E93A200A28DA9DF737711E0A747124A34F2FA8F9C9EB84DD93BD557DAA8BEE9A937927C777C8AE3C4A65695B90AB4A11699D46C8F7BE2F6642FAB31B9466BAFCAC9E297D0790D14DD009225AD554BAE7B8F431FBF8187352F0598AC4ADB9BEEFDB2708965E8F56CBE3E2F55CE8A1ADC7A377FA4BE32F27D32E63391874E7BB760A3929F303C35ECC5CE4CCE71DD97DEA06809EE1D6E133C00CD7BDF01BF5BB4AAFCC471AC034C2B9B14610ED85232447DAB2F453DCA3646ACD668BC2CD7A9DDB[0m
[0;32;49m[03-10 07:20:41 ty D][atop_base.c:469] http request send![0m
tkl_net_socket_create type(0), fd(1)!
[0;32;49m[03-10 07:20:41 ty D][tuya_tls.c:590] TUYA_TLS Begin Connect a2.tuyacn.com:443[0m
[0;32;49m[03-10 07:20:41 ty D][tuya_tls.c:341] mbedtls authmode: MBEDTLS_SSL_VERIFY_REQUIRED[0m
[0;32;49m[03-10 07:20:41 ty D][tuya_tls.c:354] load root ca cert.[0m
[0;32;49m[03-10 07:20:41 ty D][tuya_tls.c:661] socket fd is set. set to inner send/recv to handshake[0m
[0;32;49m[03-10 07:20:41 ty D][tuya_tls.c:323] mbedtls_cert_pkey_free.[0m
[0;32;49m[03-10 07:20:41 ty D][tuya_tls.c:702] handshake finish for a2.tuyacn.com. set send/recv to user set[0m
[0;32;49m[03-10 07:20:41 ty D][tuya_tls.c:708] TUYA_TLS Success Connect a2.tuyacn.com:443 Suit:TLS-ECDHE-RSA-WITH-AES-128-GCM-SHA256[0m
[0;32;49m[03-10 07:20:41 ty D][http_client_wrapper.c:119] tls connencted![0m
[0;32;49m[03-10 07:20:41 ty D][http_client_wrapper.c:147] http request send![0m
[0;32;49m[03-10 07:20:41 ty D][http_client_wrapper.c:40] HTTP header add key=User-Agent[0m
[0;32;49m[03-10 07:20:41 ty D][http_client_wrapper.c:40] HTTP header add key=Content-Type[0m
[0;32;49m[03-10 07:20:41 ty D][http_client_wrapper.c:51] Sending HTTP POST request to a2.tuyacn.com[0m
[0;32;49m[03-10 07:20:41 ty D][tls_transporter.c:122] tls transporter close socket fd:1[0m
[0;32;49m[03-10 07:20:41 ty D][tcp_transporter.c:200] tcp transporter close socket fd:1[0m
[0;32;49m[03-10 07:20:41 ty D][tls_transporter.c:130] tls transporter close tls handler:0x608ca798[0m
[0;32;49m[03-10 07:20:41 ty D][tuya_tls.c:819] TUYA_TLS Disconnect ENTER[0m
[0;32;49m[03-10 07:20:41 ty D][tuya_tls.c:844] TUYA_TLS Disconnect Success[0m
[0;32;49m[03-10 07:20:41 ty D][tuya_tls.c:511] tuya_tls_connect_destroy.[0m
[0;32;49m[03-10 07:20:41 ty D][atop_base.c:267] result:
{"t":1773127242,"success":false,"errorCode":"NOT_EXISTS","errorMsg":"Product Not exist"}[0m
[0;31;49m[03-10 07:20:41 ty E][atop_base.c:319] errorMsg:Product Not exist[0m
[0;32;49m[03-10 07:20:41 ty D][tuya_app_main.c:153] Tuya Event ID:12(TUYA_EVENT_TIMESTAMP_SYNC)[0m
[0;36;49m[03-10 07:20:41 ty I][tuya_app_main.c:154] Device Free heap 145488[0m
[0;36;49m[03-10 07:20:41 ty I][tuya_app_main.c:212] Sync timestamp:1773127242[0m
[0;31;49m[03-10 07:20:42 ty E][tuya_iot.c:274] activate_response_parse error:-2[0m
[0;32;49m[03-10 07:20:43 ty D][tal_kv.c:270] lfs key not found: uuid372137b7e155c1c5.devid[0m
[0;32;49m[03-10 07:20:43 ty D][atop_service.c:210] POST JSON:{"token":"Ln8n94u7","softVer":"1.0.0","productKey":"xxxxxxxxxxxxxxxx","protocolVer":"2.3","baselineVer":"40.07","options": "{\"otaChannel\":0, \"isFK\":false}","devAttribute":2048,"cadVer":"1.0.3","cdVer":"1.0.0","t":1773127243}[0m
[0;32;49m[03-10 07:20:43 ty D][atop_base.c:417] TUYA_HTTPS_ATOP_URL: /d.json?[0m
[0;32;49m[03-10 07:20:43 ty D][atop_base.c:434] request url len:125: /d.json?a=thing.device.opensdk.active&et=3&t=1773127243&uuid=uuid372137b7e155c1c5&v=1.0&sign=eb68f1de4ffba12ab2faec3a63c82d1d[0m
[0;32;49m[03-10 07:20:43 ty D][atop_base.c:448] atop_request_data_encode[0m
[0;32;49m[03-10 07:20:43 ty D][atop_base.c:457] out post data len:517, data:data=366435363038323532373366029E07C8D177A07DA194C70126F2AFE79A78D30DA57FE3185621FD75EBBA840952EEB313FA79F6B235629DA7CC290E1D48A9FCAF72C1BC86713C00D47EDFB0A8093F24A09219223EA8C247CA721A98D05853CDBD2A122F53A5E6513F21C6717A9B3A8EC72ED63918ACF08FB356D5BE6C2640ACC40382A3C0C2D0371A639CCDC83E416082F46105648D26F1231E42FCB6CB6AFB20A23441EB1A00869F577040A77B1DC096E66F2C8C559542B739CF99F7E47AA0E01900F1365ED5BED38B7E8DE61B834E8DA2DF4CDC6264D7B97213A123F711DBDB512E166970D23838317DDCB6CFC6541A6BDB718B94313767E896607FDE65FC67[0m
[0;32;49m[03-10 07:20:43 ty D][atop_base.c:469] http request send![0m
tkl_net_socket_create type(0), fd(1)!
[0;32;49m[03-10 07:20:43 ty D][tuya_tls.c:590] TUYA_TLS Begin Connect a2.tuyacn.com:443[0m
[0;32;49m[03-10 07:20:43 ty D][tuya_tls.c:341] mbedtls authmode: MBEDTLS_SSL_VERIFY_REQUIRED[0m
[0;32;49m[03-10 07:20:43 ty D][tuya_tls.c:354] load root ca cert.[0m
[0;32;49m[03-10 07:20:43 ty D][tuya_tls.c:661] socket fd is set. set to inner send/recv to handshake[0m
[0;32;49m[03-10 07:20:43 ty D][tuya_tls.c:323] mbedtls_cert_pkey_free.[0m
[0;32;49m[03-10 07:20:43 ty D][tuya_tls.c:702] handshake finish for a2.tuyacn.com. set send/recv to user set[0m
[0;32;49m[03-10 07:20:43 ty D][tuya_tls.c:708] TUYA_TLS Success Connect a2.tuyacn.com:443 Suit:TLS-ECDHE-RSA-WITH-AES-128-GCM-SHA256[0m
[0;32;49m[03-10 07:20:43 ty D][http_client_wrapper.c:119] tls connencted![0m
[0;32;49m[03-10 07:20:43 ty D][http_client_wrapper.c:147] http request send![0m
[0;32;49m[03-10 07:20:43 ty D][http_client_wrapper.c:40] HTTP header add key=User-Agent[0m
[0;32;49m[03-10 07:20:43 ty D][http_client_wrapper.c:40] HTTP header add key=Content-Type[0m
[0;32;49m[03-10 07:20:43 ty D][http_client_wrapper.c:51] Sending HTTP POST request to a2.tuyacn.com[0m
[0;32;49m[03-10 07:20:43 ty D][tls_transporter.c:122] tls transporter close socket fd:1[0m
[0;32;49m[03-10 07:20:43 ty D][tcp_transporter.c:200] tcp transporter close socket fd:1[0m
[0;32;49m[03-10 07:20:43 ty D][tls_transporter.c:130] tls transporter close tls handler:0x608ca798[0m
[0;32;49m[03-10 07:20:43 ty D][tuya_tls.c:819] TUYA_TLS Disconnect ENTER[0m
[0;32;49m[03-10 07:20:43 ty D][tuya_tls.c:844] TUYA_TLS Disconnect Success[0m
[0;32;49m[03-10 07:20:43 ty D][tuya_tls.c:511] tuya_tls_connect_destroy.[0m
[0;32;49m[03-10 07:20:43 ty D][atop_base.c:267] result:
{"t":1773127243,"success":false,"errorCode":"NOT_EXISTS","errorMsg":"Product Not exist"}[0m
[0;31;49m[03-10 07:20:43 ty E][atop_base.c:319] errorMsg:Product Not exist[0m
[0;32;49m[03-10 07:20:43 ty D][tuya_app_main.c:153] Tuya Event ID:12(TUYA_EVENT_TIMESTAMP_SYNC)[0m
[0;36;49m[03-10 07:20:43 ty I][tuya_app_main.c:154] Device Free heap 145488[0m
[0;36;49m[03-10 07:20:43 ty I][tuya_app_main.c:212] Sync timestamp:1773127243[0m
[0;31;49m[03-10 07:20:43 ty E][tuya_iot.c:274] activate_response_parse error:-2[0m
[0;32;49m[03-10 07:20:44 ty D][tal_kv.c:270] lfs key not found: uuid372137b7e155c1c5.devid[0m
[0;32;49m[03-10 07:20:44 ty D][atop_service.c:210] POST JSON:{"token":"Ln8n94u7","softVer":"1.0.0","productKey":"xxxxxxxxxxxxxxxx","protocolVer":"2.3","baselineVer":"40.07","options": "{\"otaChannel\":0, \"isFK\":false}","devAttribute":2048,"cadVer":"1.0.3","cdVer":"1.0.0","t":1773127244}[0m
[0;32;49m[03-10 07:20:44 ty D][atop_base.c:417] TUYA_HTTPS_ATOP_URL: /d.json?[0m
[0;32;49m[03-10 07:20:44 ty D][atop_base.c:434] request url len:125: /d.json?a=thing.device.opensdk.active&et=3&t=1773127244&uuid=uuid372137b7e155c1c5&v=1.0&sign=fe9b00bb253f3365842aa3b0203b49b5[0m
[0;32;49m[03-10 07:20:44 ty D][atop_base.c:448] atop_request_data_encode[0m
[0;32;49m[03-10 07:20:44 ty D][atop_base.c:457] out post data len:517, data:data=30626562363563633535376622BA05932F595B0590CB91E3C8FF909973ADE1D39CCAFF0A8C7200FBC919DDA35440292F77AB4F277A3138E1756C9CF847C8834FF0C2594B77EF9E17A49396CB84FA6DA269C1195DDD5B4BB7E7EDEE01DB69B70CF3E7F77D2BBE353AC19175E361E5A8BC56853E46436F2902350E9A8AE2E13B98C6FD2F4E10AFB33529D607802123C779DD34ED6E3EAE838B71BB6F865B4B2E979FAF1605A73EF2CF9E0298BB26E00922B37C3E90BD4177AA792A862D58405446F3BC262B5B4C8A3D0C1888BE5C2DCE34695259D7F1BBAA0609B98A8E02B6D38A9373F5E3093CFAEADC31391F46B280CE0B1E1C2BF73DB9217A68BE47663BF044[0m
[0;32;49m[03-10 07:20:44 ty D][atop_base.c:469] http request send![0m
tkl_net_socket_create type(0), fd(1)!
[0;32;49m[03-10 07:20:44 ty D][tuya_tls.c:590] TUYA_TLS Begin Connect a2.tuyacn.com:443[0m
[0;32;49m[03-10 07:20:44 ty D][tuya_tls.c:341] mbedtls authmode: MBEDTLS_SSL_VERIFY_REQUIRED[0m
[0;32;49m[03-10 07:20:44 ty D][tuya_tls.c:354] load root ca cert.[0m
[0;32;49m[03-10 07:20:44 ty D][tuya_tls.c:661] socket fd is set. set to inner send/recv to handshake[0m
[0;32;49m[03-10 07:20:44 ty D][tuya_tls.c:323] mbedtls_cert_pkey_free.[0m
[0;32;49m[03-10 07:20:44 ty D][tuya_tls.c:702] handshake finish for a2.tuyacn.com. set send/recv to user set[0m
[0;32;49m[03-10 07:20:44 ty D][tuya_tls.c:708] TUYA_TLS Success Connect a2.tuyacn.com:443 Suit:TLS-ECDHE-RSA-WITH-AES-128-GCM-SHA256[0m
[0;32;49m[03-10 07:20:44 ty D][http_client_wrapper.c:119] tls connencted![0m
[0;32;49m[03-10 07:20:44 ty D][http_client_wrapper.c:147] http request send![0m
[0;32;49m[03-10 07:20:44 ty D][http_client_wrapper.c:40] HTTP header add key=User-Agent[0m
[0;32;49m[03-10 07:20:44 ty D][http_client_wrapper.c:40] HTTP header add key=Content-Type[0m
[0;32;49m[03-10 07:20:44 ty D][http_client_wrapper.c:51] Sending HTTP POST request to a2.tuyacn.com[0m
[0;32;49m[03-10 07:20:44 ty D][tls_transporter.c:122] tls transporter close socket fd:1[0m
[0;32;49m[03-10 07:20:44 ty D][tcp_transporter.c:200] tcp transporter close socket fd:1[0m
[0;32;49m[03-10 07:20:44 ty D][tls_transporter.c:130] tls transporter close tls handler:0x608ca798[0m
[0;32;49m[03-10 07:20:44 ty D][tuya_tls.c:819] TUYA_TLS Disconnect ENTER[0m
[0;32;49m[03-10 07:20:44 ty D][tuya_tls.c:844] TUYA_TLS Disconnect Success[0m
[0;32;49m[03-10 07:20:44 ty D][tuya_tls.c:511] tuya_tls_connect_destroy.[0m
[0;32;49m[03-10 07:20:44 ty D][atop_base.c:267] result:
{"t":1773127245,"success":false,"errorCode":"NOT_EXISTS","errorMsg":"Product Not exist"}[0m
[0;31;49m[03-10 07:20:44 ty E][atop_base.c:319] errorMsg:Product Not exist[0m
[0;32;49m[03-10 07:20:44 ty D][tuya_app_main.c:153] Tuya Event ID:12(TUYA_EVENT_TIMESTAMP_SYNC)[0m
[0;36;49m[03-10 07:20:44 ty I][tuya_app_main.c:154] Device Free heap 145488[0m
[0;36;49m[03-10 07:20:44 ty I][tuya_app_main.c:212] Sync timestamp:1773127245[0m
[0;31;49m[03-10 07:20:45 ty E][tuya_iot.c:274] activate_response_parse error:-2[0m
[0;36;49m[03-10 07:20:45 ty I][ducky_claw_chat.c:52] Free heap size:146736, Free psram heap size:7408712[0m
[0;32;49m[03-10 07:20:46 ty D][tal_kv.c:270] lfs key not found: uuid372137b7e155c1c5.devid[0m
[0;32;49m[03-10 07:20:46 ty D][atop_service.c:210] POST JSON:{"token":"Ln8n94u7","softVer":"1.0.0","productKey":"xxxxxxxxxxxxxxxx","protocolVer":"2.3","baselineVer":"40.07","options": "{\"otaChannel\":0, \"isFK\":false}","devAttribute":2048,"cadVer":"1.0.3","cdVer":"1.0.0","t":1773127246}[0m
[0;32;49m[03-10 07:20:46 ty D][atop_base.c:417] TUYA_HTTPS_ATOP_URL: /d.json?[0m
[0;32;49m[03-10 07:20:46 ty D][atop_base.c:434] request url len:125: /d.json?a=thing.device.opensdk.active&et=3&t=1773127246&uuid=uuid372137b7e155c1c5&v=1.0&sign=5b2f25ec102afc498585e202ef612989[0m
[0;32;49m[03-10 07:20:46 ty D][atop_base.c:448] atop_request_data_encode[0m
[0;32;49m[03-10 07:20:46 ty D][atop_base.c:457] out post data len:517, data:data=3530333139373766616265345DA7380DFD245E90B08B01D559835D9AE76033879D494527FA7098C1DAC58C5C8F4F369C1D64FE8E49DC3181896054CEF420DEF3FD14025BF2BF3DE58D82F4C8E9FE556E17D21FFFCE27D8BAA5B6E61660ACAC2D3D44C9687CB832AD881C223B53303D01D76E9ADF1DAB17BBE92E77562E6951297CBE7D1E4D1094727D6677AA0CB1B691AE380AB48F5EFC41F9C334F0A6D69064F8720E1DC9F1DB68A1F2DB920C7AA6B7EBD4638D622D6404DF66F9767DD540472995499937382B7DF5A55699BA21E71B735B1DCBAFC2273C12CDC837C77433B46E6A23CEEE57E78730262CD9B3911B2BE4D512418761D6F1D834A5CAF5C5C5FC[0m
[0;32;49m[03-10 07:20:46 ty D][atop_base.c:469] http request send![0m
tkl_net_socket_create type(0), fd(1)!
[0;32;49m[03-10 07:20:46 ty D][tuya_tls.c:590] TUYA_TLS Begin Connect a2.tuyacn.com:443[0m
[0;32;49m[03-10 07:20:46 ty D][tuya_tls.c:341] mbedtls authmode: MBEDTLS_SSL_VERIFY_REQUIRED[0m
[0;32;49m[03-10 07:20:46 ty D][tuya_tls.c:354] load root ca cert.[0m
[0;32;49m[03-10 07:20:46 ty D][tuya_tls.c:661] socket fd is set. set to inner send/recv to handshake[0m
[0;32;49m[03-10 07:20:46 ty D][tuya_tls.c:323] mbedtls_cert_pkey_free.[0m
[0;32;49m[03-10 07:20:46 ty D][tuya_tls.c:702] handshake finish for a2.tuyacn.com. set send/recv to user set[0m
[0;32;49m[03-10 07:20:46 ty D][tuya_tls.c:708] TUYA_TLS Success Connect a2.tuyacn.com:443 Suit:TLS-ECDHE-RSA-WITH-AES-128-GCM-SHA256[0m
[0;32;49m[03-10 07:20:46 ty D][http_client_wrapper.c:119] tls connencted![0m
[0;32;49m[03-10 07:20:46 ty D][http_client_wrapper.c:147] http request send![0m
[0;32;49m[03-10 07:20:46 ty D][http_client_wrapper.c:40] HTTP header add key=User-Agent[0m
[0;32;49m[03-10 07:20:46 ty D][http_client_wrapper.c:40] HTTP header add key=Content-Type[0m
[0;32;49m[03-10 07:20:46 ty D][http_client_wrapper.c:51] Sending HTTP POST request to a2.tuyacn.com[0m
[0;32;49m[03-10 07:20:46 ty D][tls_transporter.c:122] tls transporter close socket fd:1[0m
[0;32;49m[03-10 07:20:46 ty D][tcp_transporter.c:200] tcp transporter close socket fd:1[0m
[0;32;49m[03-10 07:20:46 ty D][tls_transporter.c:130] tls transporter close tls handler:0x608ca798[0m
[0;32;49m[03-10 07:20:46 ty D][tuya_tls.c:819] TUYA_TLS Disconnect ENTER[0m
[0;32;49m[03-10 07:20:46 ty D][tuya_tls.c:844] TUYA_TLS Disconnect Success[0m
[0;32;49m[03-10 07:20:46 ty D][tuya_tls.c:511] tuya_tls_connect_destroy.[0m
[0;32;49m[03-10 07:20:46 ty D][atop_base.c:267] result:
{"t":1773127246,"success":false,"errorCode":"NOT_EXISTS","errorMsg":"Product Not exist"}[0m
[0;31;49m[03-10 07:20:46 ty E][atop_base.c:319] errorMsg:Product Not exist[0m
[0;32;49m[03-10 07:20:46 ty D][tuya_app_main.c:153] Tuya Event ID:12(TUYA_EVENT_TIMESTAMP_SYNC)[0m
[0;36;49m[03-10 07:20:46 ty I][tuya_app_main.c:154] Device Free heap 145488[0m
[0;36;49m[03-10 07:20:46 ty I][tuya_app_main.c:212] Sync timestamp:1773127246[0m
[0;31;49m[03-10 07:20:46 ty E][tuya_iot.c:274] activate_response_parse error:-2[0m
[0;32;49m[03-10 07:20:47 ty D][tal_kv.c:270] lfs key not found: uuid372137b7e155c1c5.devid[0m
[0;32;49m[03-10 07:20:47 ty D][atop_service.c:210] POST JSON:{"token":"Ln8n94u7","softVer":"1.0.0","productKey":"xxxxxxxxxxxxxxxx","protocolVer":"2.3","baselineVer":"40.07","options": "{\"otaChannel\":0, \"isFK\":false}","devAttribute":2048,"cadVer":"1.0.3","cdVer":"1.0.0","t":1773127247}[0m
[0;32;49m[03-10 07:20:47 ty D][atop_base.c:417] TUYA_HTTPS_ATOP_URL: /d.json?[0m
[0;32;49m[03-10 07:20:47 ty D][atop_base.c:434] request url len:125: /d.json?a=thing.device.opensdk.active&et=3&t=1773127247&uuid=uuid372137b7e155c1c5&v=1.0&sign=2690a7625bc35ad930b3e595c12dbbb5[0m
[0;32;49m[03-10 07:20:47 ty D][atop_base.c:448] atop_request_data_encode[0m
[0;32;49m[03-10 07:20:47 ty D][atop_base.c:457] out post data len:517, data:data=3438323833613365306634355971722FAAB00488D9E3789DACDF3B341D8D38F54DD89F8A81B2F6C0B46C405A3221DDA2D0BB914DF7CBB659DB36DC301693BB6091E8571FE899F2F771AAC6AD3A5D5E45A536600C45F8C9A3579810BC84CD61048616ED320DB6E040071AB3CB7F3318F507A8B1B1631C8505B6C34A6C54052914A606DA37B6FED0986D89B68C389195DC98A71822109B571A8D1B517B967AD4B9B0044FDDA7C3069C0F1FD1F41A23A2FF86F9CF45C5B1862EC063B9ED691E2D21639A6FFCB7E6652025C50B5EDC7FEE5AB9C943E878ED0A064E6248973E00D72896F2895EA753A61008BE213D1C645BFB53FADD4C2661DA231CDE940C971AD5C2[0m
[0;32;49m[03-10 07:20:47 ty D][atop_base.c:469] http request send![0m
tkl_net_socket_create type(0), fd(1)!
[0;32;49m[03-10 07:20:47 ty D][tuya_tls.c:590] TUYA_TLS Begin Connect a2.tuyacn.com:443[0m
[0;32;49m[03-10 07:20:47 ty D][tuya_tls.c:341] mbedtls authmode: MBEDTLS_SSL_VERIFY_REQUIRED[0m
[0;32;49m[03-10 07:20:47 ty D][tuya_tls.c:354] load root ca cert.[0m
[0;32;49m[03-10 07:20:47 ty D][tuya_tls.c:661] socket fd is set. set to inner send/recv to handshake[0m
[0;32;49m[03-10 07:20:47 ty D][tuya_tls.c:323] mbedtls_cert_pkey_free.[0m
[0;32;49m[03-10 07:20:47 ty D][tuya_tls.c:702] handshake finish for a2.tuyacn.com. set send/recv to user set[0m
[0;32;49m[03-10 07:20:47 ty D][tuya_tls.c:708] TUYA_TLS Success Connect a2.tuyacn.com:443 Suit:TLS-ECDHE-RSA-WITH-AES-128-GCM-SHA256[0m
[0;32;49m[03-10 07:20:47 ty D][http_client_wrapper.c:119] tls connencted![0m
[0;32;49m[03-10 07:20:47 ty D][http_client_wrapper.c:147] http request send![0m
[0;32;49m[03-10 07:20:47 ty D][http_client_wrapper.c:40] HTTP header add key=User-Agent[0m
[0;32;49m[03-10 07:20:47 ty D][http_client_wrapper.c:40] HTTP header add key=Content-Type[0m
[0;32;49m[03-10 07:20:47 ty D][http_client_wrapper.c:51] Sending HTTP POST request to a2.tuyacn.com[0m
[0;32;49m[03-10 07:20:47 ty D][tls_transporter.c:122] tls transporter close socket fd:1[0m
[0;32;49m[03-10 07:20:47 ty D][tcp_transporter.c:200] tcp transporter close socket fd:1[0m
[0;32;49m[03-10 07:20:47 ty D][tls_transporter.c:130] tls transporter close tls handler:0x608ca798[0m
[0;32;49m[03-10 07:20:47 ty D][tuya_tls.c:819] TUYA_TLS Disconnect ENTER[0m
[0;32;49m[03-10 07:20:47 ty D][tuya_tls.c:844] TUYA_TLS Disconnect Success[0m
[0;32;49m[03-10 07:20:47 ty D][tuya_tls.c:511] tuya_tls_connect_destroy.[0m
[0;32;49m[03-10 07:20:47 ty D][atop_base.c:267] result:
{"t":1773127248,"success":false,"errorCode":"NOT_EXISTS","errorMsg":"Product Not exist"}[0m
[0;31;49m[03-10 07:20:47 ty E][atop_base.c:319] errorMsg:Product Not exist[0m
[0;32;49m[03-10 07:20:47 ty D][tuya_app_main.c:153] Tuya Event ID:12(TUYA_EVENT_TIMESTAMP_SYNC)[0m
[0;36;49m[03-10 07:20:47 ty I][tuya_app_main.c:154] Device Free heap 145488[0m
[0;36;49m[03-10 07:20:47 ty I][tuya_app_main.c:212] Sync timestamp:1773127248[0m
[0;31;49m[03-10 07:20:48 ty E][tuya_iot.c:274] activate_response_parse error:-2[0m
[0;32;49m[03-10 07:20:49 ty D][tal_kv.c:270] lfs key not found: uuid372137b7e155c1c5.devid[0m
[0;32;49m[03-10 07:20:49 ty D][atop_service.c:210] POST JSON:{"token":"Ln8n94u7","softVer":"1.0.0","productKey":"xxxxxxxxxxxxxxxx","protocolVer":"2.3","baselineVer":"40.07","options": "{\"otaChannel\":0, \"isFK\":false}","devAttribute":2048,"cadVer":"1.0.3","cdVer":"1.0.0","t":1773127249}[0m
[0;32;49m[03-10 07:20:49 ty D][atop_base.c:417] TUYA_HTTPS_ATOP_URL: /d.json?[0m
[0;32;49m[03-10 07:20:49 ty D][atop_base.c:434] request url len:125: /d.json?a=thing.device.opensdk.active&et=3&t=1773127249&uuid=uuid372137b7e155c1c5&v=1.0&sign=1e85956301729d29e61278a2e4ac357f[0m
[0;32;49m[03-10 07:20:49 ty D][atop_base.c:448] atop_request_data_encode[0m
[0;32;49m[03-10 07:20:49 ty D][atop_base.c:457] out post data len:517, data:data=356331323133383331616639B2AD6ABB642930A073AB95AD3C8AED16335DF5590C9F695C71F7C6E25F102C664436CFD18E4BF5552974D51C6DB038992A1CAD5CDB358B9F748AFC9237A2F223939F79D06932D94BF2EE6D3651ED319BFF8B029F1BEFB9E7B955CD5CC4577569AB597EA3AFDC8256460663788B32FA5366B47FEAB055753CE723569F83570A1E61D8B180C1200D213B69F0D61A807A26AB59975BB0090D71E4EA25E224E8E551FA350A07E607FF0F9C606AA82445C9D56CDB1835BC5B9A2A7CB9FDE97323DAC3E589C22A9DFF7EE33709DA69425CA36847BD58419707D185391B4A56DF200BECDF82FFCFD6AD729E8043516EB5FEA4FB89BD0258[0m
[0;32;49m[03-10 07:20:49 ty D][atop_base.c:469] http request send![0m
tkl_net_socket_create type(0), fd(1)!
[0;32;49m[03-10 07:20:49 ty D][tuya_tls.c:590] TUYA_TLS Begin Connect a2.tuyacn.com:443[0m
[0;32;49m[03-10 07:20:49 ty D][tuya_tls.c:341] mbedtls authmode: MBEDTLS_SSL_VERIFY_REQUIRED[0m
[0;32;49m[03-10 07:20:49 ty D][tuya_tls.c:354] load root ca cert.[0m
[0;32;49m[03-10 07:20:49 ty D][tuya_tls.c:661] socket fd is set. set to inner send/recv to handshake[0m
[0;32;49m[03-10 07:20:49 ty D][tuya_tls.c:323] mbedtls_cert_pkey_free.[0m
[0;32;49m[03-10 07:20:49 ty D][tuya_tls.c:702] handshake finish for a2.tuyacn.com. set send/recv to user set[0m
[0;32;49m[03-10 07:20:49 ty D][tuya_tls.c:708] TUYA_TLS Success Connect a2.tuyacn.com:443 Suit:TLS-ECDHE-RSA-WITH-AES-128-GCM-SHA256[0m
[0;32;49m[03-10 07:20:49 ty D][http_client_wrapper.c:119] tls connencted![0m
[0;32;49m[03-10 07:20:49 ty D][http_client_wrapper.c:147] http request send![0m
[0;32;49m[03-10 07:20:49 ty D][http_client_wrapper.c:40] HTTP header add key=User-Agent[0m
[0;32;49m[03-10 07:20:49 ty D][http_client_wrapper.c:40] HTTP header add key=Content-Type[0m
[0;32;49m[03-10 07:20:49 ty D][http_client_wrapper.c:51] Sending HTTP POST request to a2.tuyacn.com[0m
[0;32;49m[03-10 07:20:49 ty D][tls_transporter.c:122] tls transporter close socket fd:1[0m
[0;32;49m[03-10 07:20:49 ty D][tcp_transporter.c:200] tcp transporter close socket fd:1[0m
[0;32;49m[03-10 07:20:49 ty D][tls_transporter.c:130] tls transporter close tls handler:0x608ca798[0m
[0;32;49m[03-10 07:20:49 ty D][tuya_tls.c:819] TUYA_TLS Disconnect ENTER[0m
[0;32;49m[03-10 07:20:49 ty D][tuya_tls.c:844] TUYA_TLS Disconnect Success[0m
[0;32;49m[03-10 07:20:49 ty D][tuya_tls.c:511] tuya_tls_connect_destroy.[0m
[0;32;49m[03-10 07:20:49 ty D][atop_base.c:267] result:
{"t":1773127249,"success":false,"errorCode":"NOT_EXISTS","errorMsg":"Product Not exist"}[0m
[0;31;49m[03-10 07:20:49 ty E][atop_base.c:319] errorMsg:Product Not exist[0m
[0;32;49m[03-10 07:20:49 ty D][tuya_app_main.c:153] Tuya Event ID:12(TUYA_EVENT_TIMESTAMP_SYNC)[0m
[0;36;49m[03-10 07:20:49 ty I][tuya_app_main.c:154] Device Free heap 145488[0m
[0;36;49m[03-10 07:20:49 ty I][tuya_app_main.c:212] Sync timestamp:1773127249[0m
[0;31;49m[03-10 07:20:49 ty E][tuya_iot.c:274] activate_response_parse error:-2[0m
[0;32;49m[03-10 07:20:49 ty D][tuya_health.c:75] feed watchdog[0m
[0;32;49m[03-10 07:20:50 ty D][tal_kv.c:270] lfs key not found: uuid372137b7e155c1c5.devid[0m
[0;32;49m[03-10 07:20:50 ty D][atop_service.c:210] POST JSON:{"token":"Ln8n94u7","softVer":"1.0.0","productKey":"xxxxxxxxxxxxxxxx","protocolVer":"2.3","baselineVer":"40.07","options": "{\"otaChannel\":0, \"isFK\":false}","devAttribute":2048,"cadVer":"1.0.3","cdVer":"1.0.0","t":1773127250}[0m
[0;32;49m[03-10 07:20:50 ty D][atop_base.c:417] TUYA_HTTPS_ATOP_URL: /d.json?[0m
[0;32;49m[03-10 07:20:50 ty D][atop_base.c:434] request url len:125: /d.json?a=thing.device.opensdk.active&et=3&t=1773127250&uuid=uuid372137b7e155c1c5&v=1.0&sign=7672a21ff8b37da7b06bed003bf948eb[0m
[0;32;49m[03-10 07:20:50 ty D][atop_base.c:448] atop_request_data_encode[0m
[0;32;49m[03-10 07:20:50 ty D][atop_base.c:457] out post data len:517, data:data=3135333862346362333130365078ED424F3464D0986BB362F0E8B4D40B8C403606F033150855639963F9661AF6581494FEE61CC43448BA08C73D5E224178BC52229997A13106718BD9BB89573724A4206DE8C225A5CE77652257DC786138C7AA98AC50970676419B44459A07A13C9B8C5DB45E67506CE54BD08CD2AC0566DA49A04B1F84C89B8E19FA0C10DE185D9B0284D733C8E9E941D9C46EB01BCD65CEC622F19EF8526639C2E3BFEE4EF487DAB1B5035B017663E486E01360914F1F1AF8AD35A3FC6B8CB9431124B15F519F6ED44A3E328B76CA946A328B75F3FE67E6F78E7378394672C14113502C61487D0BA23AF3116C2C6A350652F9C823D46E71E9[0m
[0;32;49m[03-10 07:20:50 ty D][atop_base.c:469] http request send![0m
tkl_net_socket_create type(0), fd(1)!
[0;32;49m[03-10 07:20:50 ty D][tuya_tls.c:590] TUYA_TLS Begin Connect a2.tuyacn.com:443[0m
[0;32;49m[03-10 07:20:50 ty D][tuya_tls.c:341] mbedtls authmode: MBEDTLS_SSL_VERIFY_REQUIRED[0m
[0;32;49m[03-10 07:20:50 ty D][tuya_tls.c:354] load root ca cert.[0m
[0;32;49m[03-10 07:20:50 ty D][tuya_tls.c:661] socket fd is set. set to inner send/recv to handshake[0m
[0;32;49m[03-10 07:20:50 ty D][tuya_tls.c:323] mbedtls_cert_pkey_free.[0m
[0;32;49m[03-10 07:20:50 ty D][tuya_tls.c:702] handshake finish for a2.tuyacn.com. set send/recv to user set[0m
[0;32;49m[03-10 07:20:50 ty D][tuya_tls.c:708] TUYA_TLS Success Connect a2.tuyacn.com:443 Suit:TLS-ECDHE-RSA-WITH-AES-128-GCM-SHA256[0m
[0;32;49m[03-10 07:20:50 ty D][http_client_wrapper.c:119] tls connencted![0m
[0;32;49m[03-10 07:20:50 ty D][http_client_wrapper.c:147] http request send![0m
[0;32;49m[03-10 07:20:50 ty D][http_client_wrapper.c:40] HTTP header add key=User-Agent[0m
[0;32;49m[03-10 07:20:50 ty D][http_client_wrapper.c:40] HTTP header add key=Content-Type[0m
[0;32;49m[03-10 07:20:50 ty D][http_client_wrapper.c:51] Sending HTTP POST request to a2.tuyacn.com[0m
[0;32;49m[03-10 07:20:50 ty D][tls_transporter.c:122] tls transporter close socket fd:1[0m
[0;32;49m[03-10 07:20:50 ty D][tcp_transporter.c:200] tcp transporter close socket fd:1[0m
[0;32;49m[03-10 07:20:50 ty D][tls_transporter.c:130] tls transporter close tls handler:0x608ca798[0m
[0;32;49m[03-10 07:20:50 ty D][tuya_tls.c:819] TUYA_TLS Disconnect ENTER[0m
[0;32;49m[03-10 07:20:50 ty D][tuya_tls.c:844] TUYA_TLS Disconnect Success[0m
[0;32;49m[03-10 07:20:50 ty D][tuya_tls.c:511] tuya_tls_connect_destroy.[0m
[0;32;49m[03-10 07:20:50 ty D][atop_base.c:267] result:
{"t":1773127251,"success":false,"errorCode":"NOT_EXISTS","errorMsg":"Product Not exist"}[0m
[0;31;49m[03-10 07:20:50 ty E][atop_base.c:319] errorMsg:Product Not exist[0m
[0;32;49m[03-10 07:20:50 ty D][tuya_app_main.c:153] Tuya Event ID:12(TUYA_EVENT_TIMESTAMP_SYNC)[0m
[0;36;49m[03-10 07:20:50 ty I][tuya_app_main.c:154] Device Free heap 145488[0m
[0;36;49m[03-10 07:20:50 ty I][tuya_app_main.c:212] Sync timestamp:1773127251[0m
[0;31;49m[03-10 07:20:51 ty E][tuya_iot.c:274] activate_response_parse error:-2[0m
[0;32;49m[03-10 07:20:52 ty D][tal_kv.c:270] lfs key not found: uuid372137b7e155c1c5.devid[0m
[0;32;49m[03-10 07:20:52 ty D][atop_service.c:210] POST JSON:{"token":"Ln8n94u7","softVer":"1.0.0","productKey":"xxxxxxxxxxxxxxxx","protocolVer":"2.3","baselineVer":"40.07","options": "{\"otaChannel\":0, \"isFK\":false}","devAttribute":2048,"cadVer":"1.0.3","cdVer":"1.0.0","t":1773127252}[0m
[0;32;49m[03-10 07:20:52 ty D][atop_base.c:417] TUYA_HTTPS_ATOP_URL: /d.json?[0m
[0;32;49m[03-10 07:20:52 ty D][atop_base.c:434] request url len:125: /d.json?a=thing.device.opensdk.active&et=3&t=1773127252&uuid=uuid372137b7e155c1c5&v=1.0&sign=6378ed3312314711d05954c42aee96c5[0m
[0;32;49m[03-10 07:20:52 ty D][atop_base.c:448] atop_request_data_encode[0m
[0;32;49m[03-10 07:20:52 ty D][atop_base.c:457] out post data len:517, data:data=336230313931356534376362EFDA20834475D00428AD95C670EB8171183D9A2D3CA92DE0391A6594119441C137794555C0A68AEFB584C1436B1AA840C3A9B542A45C90D5DA608DCF58123517EF67AD56A586BB7AA80D012ECC17D4BA7404F4F8E2050448D82CE494362724B1213758B2F897C2D409C8247171F1371BFC52178277DB54E925D8E3E3025E7FEC3628ABACD95DAF9F018A9655782F56B374D5480CCF8B095D5BE5040B182FC805AB6ADE4D6B1EF1656C6F35653A6719B31484F43941AA09443AAC9C81D5B112598995C388CD7B6526977C8D4E03427F0DA84200F2134043B7ED0EDFCDC66512B8D9B107D2764ADE011AC3B1BC34F532C7A7AC154D[0m
[0;32;49m[03-10 07:20:52 ty D][atop_base.c:469] http request send![0m
tkl_net_socket_create type(0), fd(1)!
[0;32;49m[03-10 07:20:52 ty D][tuya_tls.c:590] TUYA_TLS Begin Connect a2.tuyacn.com:443[0m
[0;32;49m[03-10 07:20:52 ty D][tuya_tls.c:341] mbedtls authmode: MBEDTLS_SSL_VERIFY_REQUIRED[0m
[0;32;49m[03-10 07:20:52 ty D][tuya_tls.c:354] load root ca cert.[0m
[0;32;49m[03-10 07:20:52 ty D][tuya_tls.c:661] socket fd is set. set to inner send/recv to handshake[0m
[0;32;49m[03-10 07:20:52 ty D][tuya_tls.c:323] mbedtls_cert_pkey_free.[0m
[0;32;49m[03-10 07:20:52 ty D][tuya_tls.c:702] handshake finish for a2.tuyacn.com. set send/recv to user set[0m
[0;32;49m[03-10 07:20:52 ty D][tuya_tls.c:708] TUYA_TLS Success Connect a2.tuyacn.com:443 Suit:TLS-ECDHE-RSA-WITH-AES-128-GCM-SHA256[0m
[0;32;49m[03-10 07:20:52 ty D][http_client_wrapper.c:119] tls connencted![0m
[0;32;49m[03-10 07:20:52 ty D][http_client_wrapper.c:147] http request send![0m
[0;32;49m[03-10 07:20:52 ty D][http_client_wrapper.c:40] HTTP header add key=User-Agent[0m
[0;32;49m[03-10 07:20:52 ty D][http_client_wrapper.c:40] HTTP header add key=Content-Type[0m
[0;32;49m[03-10 07:20:52 ty D][http_client_wrapper.c:51] Sending HTTP POST request to a2.tuyacn.com[0m
[0;32;49m[03-10 07:20:52 ty D][tls_transporter.c:122] tls transporter close socket fd:1[0m
[0;32;49m[03-10 07:20:52 ty D][tcp_transporter.c:200] tcp transporter close socket fd:1[0m
[0;32;49m[03-10 07:20:52 ty D][tls_transporter.c:130] tls transporter close tls handler:0x608ca798[0m
[0;32;49m[03-10 07:20:52 ty D][tuya_tls.c:819] TUYA_TLS Disconnect ENTER[0m
[0;32;49m[03-10 07:20:52 ty D][tuya_tls.c:844] TUYA_TLS Disconnect Success[0m
[0;32;49m[03-10 07:20:52 ty D][tuya_tls.c:511] tuya_tls_connect_destroy.[0m
[0;32;49m[03-10 07:20:52 ty D][atop_base.c:267] result:
{"t":1773127253,"success":false,"errorCode":"NOT_EXISTS","errorMsg":"Product Not exist"}[0m
[0;31;49m[03-10 07:20:52 ty E][atop_base.c:319] errorMsg:Product Not exist[0m
[0;32;49m[03-10 07:20:52 ty D][tuya_app_main.c:153] Tuya Event ID:12(TUYA_EVENT_TIMESTAMP_SYNC)[0m
[0;36;49m[03-10 07:20:52 ty I][tuya_app_main.c:154] Device Free heap 145488[0m
[0;36;49m[03-10 07:20:52 ty I][tuya_app_main.c:212] Sync timestamp:1773127253[0m
[0;31;49m[03-10 07:20:53 ty E][tuya_iot.c:274] activate_response_parse error:-2[0m
[0;32;49m[03-10 07:20:54 ty D][tal_kv.c:270] lfs key not found: uuid372137b7e155c1c5.devid[0m
[0;32;49m[03-10 07:20:54 ty D][atop_service.c:210] POST JSON:{"token":"Ln8n94u7","softVer":"1.0.0","productKey":"xxxxxxxxxxxxxxxx","protocolVer":"2.3","baselineVer":"40.07","options": "{\"otaChannel\":0, \"isFK\":false}","devAttribute":2048,"cadVer":"1.0.3","cdVer":"1.0.0","t":1773127254}[0m
[0;32;49m[03-10 07:20:54 ty D][atop_base.c:417] TUYA_HTTPS_ATOP_URL: /d.json?[0m
[0;32;49m[03-10 07:20:54 ty D][atop_base.c:434] request url len:125: /d.json?a=thing.device.opensdk.active&et=3&t=1773127254&uuid=uuid372137b7e155c1c5&v=1.0&sign=d16a57987dd3b126afab65fa4a0ebc3a[0m
[0;32;49m[03-10 07:20:54 ty D][atop_base.c:448] atop_request_data_encode[0m
[0;32;49m[03-10 07:20:54 ty D][atop_base.c:457] out post data len:517, data:data=613135333635323262613935B9B52054E1EAFD8BF32E407E4E8D2B3946FADF593F041C39B7279361147B8DBF6A7EB554CE2A18DA9804BBF5BD528C15067EC2EC72B4495864F668BD457D110D36752383F05959D5A38AA77ECA05BDA6F91449480676CEC715D9B7B37E783EF74949BA82C62F4BCE0D540180CB8FC702FAD1A5C1D365153CEC3C1FBBABB91E195DAF9564A9389997A345BBA6FB846E26287A434095D9F1664D04B22F0B9169A36BDF1BC2F160B4DE7B70FE15EFB0B38EE5B0E9C2D1EEE35351CBBE8B75B498BEDB9129D730B51B60DA9BF53D76792F77DF947F9F1D6F49247D11105F389C2D55A740D35977F234C5E5FB430703053F48DEA33BDB[0m
[0;32;49m[03-10 07:20:54 ty D][atop_base.c:469] http request send![0m
tkl_net_socket_create type(0), fd(1)!
[0;32;49m[03-10 07:20:54 ty D][tuya_tls.c:590] TUYA_TLS Begin Connect a2.tuyacn.com:443[0m
[0;32;49m[03-10 07:20:54 ty D][tuya_tls.c:341] mbedtls authmode: MBEDTLS_SSL_VERIFY_REQUIRED[0m
[0;32;49m[03-10 07:20:54 ty D][tuya_tls.c:354] load root ca cert.[0m
[0;32;49m[03-10 07:20:54 ty D][tuya_tls.c:661] socket fd is set. set to inner send/recv to handshake[0m
[0;32;49m[03-10 07:20:54 ty D][tuya_tls.c:323] mbedtls_cert_pkey_free.[0m
[0;32;49m[03-10 07:20:54 ty D][tuya_tls.c:702] handshake finish for a2.tuyacn.com. set send/recv to user set[0m
[0;32;49m[03-10 07:20:54 ty D][tuya_tls.c:708] TUYA_TLS Success Connect a2.tuyacn.com:443 Suit:TLS-ECDHE-RSA-WITH-AES-128-GCM-SHA256[0m
[0;32;49m[03-10 07:20:54 ty D][http_client_wrapper.c:119] tls connencted![0m
[0;32;49m[03-10 07:20:54 ty D][http_client_wrapper.c:147] http request send![0m
[0;32;49m[03-10 07:20:54 ty D][http_client_wrapper.c:40] HTTP header add key=User-Agent[0m
[0;32;49m[03-10 07:20:54 ty D][http_client_wrapper.c:40] HTTP header add key=Content-Type[0m
[0;32;49m[03-10 07:20:54 ty D][http_client_wrapper.c:51] Sending HTTP POST request to a2.tuyacn.com[0m
[0;32;49m[03-10 07:20:54 ty D][tls_transporter.c:122] tls transporter close socket fd:1[0m
[0;32;49m[03-10 07:20:54 ty D][tcp_transporter.c:200] tcp transporter close socket fd:1[0m
[0;32;49m[03-10 07:20:54 ty D][tls_transporter.c:130] tls transporter close tls handler:0x608ca798[0m
[0;32;49m[03-10 07:20:54 ty D][tuya_tls.c:819] TUYA_TLS Disconnect ENTER[0m
[0;32;49m[03-10 07:20:54 ty D][tuya_tls.c:844] TUYA_TLS Disconnect Success[0m
[0;32;49m[03-10 07:20:54 ty D][tuya_tls.c:511] tuya_tls_connect_destroy.[0m
[0;32;49m[03-10 07:20:54 ty D][atop_base.c:267] result:
{"t":1773127254,"success":false,"errorCode":"NOT_EXISTS","errorMsg":"Product Not exist"}[0m
[0;31;49m[03-10 07:20:54 ty E][atop_base.c:319] errorMsg:Product Not exist[0m
[0;32;49m[03-10 07:20:54 ty D][tuya_app_main.c:153] Tuya Event ID:12(TUYA_EVENT_TIMESTAMP_SYNC)[0m
[0;36;49m[03-10 07:20:54 ty I][tuya_app_main.c:154] Device Free heap 145488[0m
[0;36;49m[03-10 07:20:54 ty I][tuya_app_main.c:212] Sync timestamp:1773127254[0m
[0;31;49m[03-10 07:20:54 ty E][tuya_iot.c:274] activate_response_parse error:-2[0m
[0;32;49m[03-10 07:20:55 ty D][tal_kv.c:270] lfs key not found: uuid372137b7e155c1c5.devid[0m
[0;32;49m[03-10 07:20:55 ty D][atop_service.c:210] POST JSON:{"token":"Ln8n94u7","softVer":"1.0.0","productKey":"xxxxxxxxxxxxxxxx","protocolVer":"2.3","baselineVer":"40.07","options": "{\"otaChannel\":0, \"isFK\":false}","devAttribute":2048,"cadVer":"1.0.3","cdVer":"1.0.0","t":1773127255}[0m
[0;32;49m[03-10 07:20:55 ty D][atop_base.c:417] TUYA_HTTPS_ATOP_URL: /d.json?[0m
[0;32;49m[03-10 07:20:55 ty D][atop_base.c:434] request url len:125: /d.json?a=thing.device.opensdk.active&et=3&t=1773127255&uuid=uuid372137b7e155c1c5&v=1.0&sign=7d5f600434e9c2339c6212f8de75a484[0m
[0;32;49m[03-10 07:20:55 ty D][atop_base.c:448] atop_request_data_encode[0m
[0;32;49m[03-10 07:20:55 ty D][atop_base.c:457] out post data len:517, data:data=6235356437666635316236313CCDBD84FA208AB38CA731051F8EFEC69DAEF11EB5D89205D2E859954F899263E74548741C563E37BC7B7DB068E3D2C5DEA969C74F906C13F84CD9F14A36ED8671CCA3DE36462097326C3B640A0AC17A8D8FEAD1963B7C785FB2743C050C7946FE66ACB332BD89A271DA03B19D9C142DAC5FD513ACE3AD385A81882456314C678E38600F35EF777FA080FA65F5E04E374C912BA8120E7F0582AF7254C04DE5F02AF6735CA07913FF094D0B1A7220D8957942AF5AA4CA8CC2F2EA93AE2EF86EEF4DEBFAD2B002E1D84209EB7B9CA67069F241057D28258D33B84828C0C116A1B952D11AD18A97FAE0A4774251746DAC989F33AB8A[0m
[0;32;49m[03-10 07:20:55 ty D][atop_base.c:469] http request send![0m
tkl_net_socket_create type(0), fd(1)!
[0;32;49m[03-10 07:20:55 ty D][tuya_tls.c:590] TUYA_TLS Begin Connect a2.tuyacn.com:443[0m
[0;32;49m[03-10 07:20:55 ty D][tuya_tls.c:341] mbedtls authmode: MBEDTLS_SSL_VERIFY_REQUIRED[0m
[0;32;49m[03-10 07:20:55 ty D][tuya_tls.c:354] load root ca cert.[0m
[0;32;49m[03-10 07:20:55 ty D][tuya_tls.c:661] socket fd is set. set to inner send/recv to handshake[0m
[0;36;49m[03-10 07:20:55 ty I][ducky_claw_chat.c:52] Free heap size:145568, Free psram heap size:7386232[0m
[0;32;49m[03-10 07:20:55 ty D][tuya_tls.c:323] mbedtls_cert_pkey_free.[0m
[0;32;49m[03-10 07:20:55 ty D][tuya_tls.c:702] handshake finish for a2.tuyacn.com. set send/recv to user set[0m
[0;32;49m[03-10 07:20:55 ty D][tuya_tls.c:708] TUYA_TLS Success Connect a2.tuyacn.com:443 Suit:TLS-ECDHE-RSA-WITH-AES-128-GCM-SHA256[0m
[0;32;49m[03-10 07:20:55 ty D][http_client_wrapper.c:119] tls connencted![0m
[0;32;49m[03-10 07:20:55 ty D][http_client_wrapper.c:147] http request send![0m
[0;32;49m[03-10 07:20:55 ty D][http_client_wrapper.c:40] HTTP header add key=User-Agent[0m
[0;32;49m[03-10 07:20:55 ty D][http_client_wrapper.c:40] HTTP header add key=Content-Type[0m
[0;32;49m[03-10 07:20:55 ty D][http_client_wrapper.c:51] Sending HTTP POST request to a2.tuyacn.com[0m
[0;32;49m[03-10 07:20:55 ty D][tls_transporter.c:122] tls transporter close socket fd:1[0m
[0;32;49m[03-10 07:20:55 ty D][tcp_transporter.c:200] tcp transporter close socket fd:1[0m
[0;32;49m[03-10 07:20:55 ty D][tls_transporter.c:130] tls transporter close tls handler:0x608ca798[0m
[0;32;49m[03-10 07:20:55 ty D][tuya_tls.c:819] TUYA_TLS Disconnect ENTER[0m
[0;32;49m[03-10 07:20:55 ty D][tuya_tls.c:844] TUYA_TLS Disconnect Success[0m
[0;32;49m[03-10 07:20:55 ty D][tuya_tls.c:511] tuya_tls_connect_destroy.[0m
[0;32;49m[03-10 07:20:55 ty D][atop_base.c:267] result:
{"t":1773127256,"success":false,"errorCode":"NOT_EXISTS","errorMsg":"Product Not exist"}[0m
[0;31;49m[03-10 07:20:55 ty E][atop_base.c:319] errorMsg:Product Not exist[0m
[0;32;49m[03-10 07:20:55 ty D][tuya_app_main.c:153] Tuya Event ID:12(TUYA_EVENT_TIMESTAMP_SYNC)[0m
[0;36;49m[03-10 07:20:55 ty I][tuya_app_main.c:154] Device Free heap 145488[0m
[0;36;49m[03-10 07:20:55 ty I][tuya_app_main.c:212] Sync timestamp:1773127256[0m
[0;31;49m[03-10 07:20:56 ty E][tuya_iot.c:274] activate_response_parse error:-2[0m
[0;32;49m[03-10 07:20:57 ty D][tal_kv.c:270] lfs key not found: uuid372137b7e155c1c5.devid[0m
[0;32;49m[03-10 07:20:57 ty D][atop_service.c:210] POST JSON:{"token":"Ln8n94u7","softVer":"1.0.0","productKey":"xxxxxxxxxxxxxxxx","protocolVer":"2.3","baselineVer":"40.07","options": "{\"otaChannel\":0, \"isFK\":false}","devAttribute":2048,"cadVer":"1.0.3","cdVer":"1.0.0","t":1773127257}[0m
[0;32;49m[03-10 07:20:57 ty D][atop_base.c:417] TUYA_HTTPS_ATOP_URL: /d.json?[0m
[0;32;49m[03-10 07:20:57 ty D][atop_base.c:434] request url len:125: /d.json?a=thing.device.opensdk.active&et=3&t=1773127257&uuid=uuid372137b7e155c1c5&v=1.0&sign=1c2bceb6b7a089fb1319aaa1ab10c58d[0m
[0;32;49m[03-10 07:20:57 ty D][atop_base.c:448] atop_request_data_encode[0m
[0;32;49m[03-10 07:20:57 ty D][atop_base.c:457] out post data len:517, data:data=306464383161613231633538F493CBA53CFB9AC5F0D6AEAF91B7002091FE04C27946C46EC6F7AA439DA6D4167DF2D3514BB5DF5220E290946B3F299FB5C26878DAB0908D89BC4D7AAFFBAD089E6EC02D5BD590733BB878613542F0C6B4503832AA735D6BD59F7ACC445B43A7F315A42FE0F720B930F49DFF6574B052CE0F111012BF4610E51412F722319D83DEADBAF5630D0142D43C4F62625AFBCEE8225161A5A67F192DFF7EDFBEF6151DA4287B4B036BB296C189DD2ADFF9D7B8C69DF20001C28A82B9746093522395F6F43047AD356D133F6C673CAC65093A47413AFEA00F44C9531BFFA5BC8ED682B0165E5D5935496E4658DA310E63EFBA9BB08833D5[0m
[0;32;49m[03-10 07:20:57 ty D][atop_base.c:469] http request send![0m
tkl_net_socket_create type(0), fd(1)!
[0;32;49m[03-10 07:20:57 ty D][tuya_tls.c:590] TUYA_TLS Begin Connect a2.tuyacn.com:443[0m
[0;32;49m[03-10 07:20:57 ty D][tuya_tls.c:341] mbedtls authmode: MBEDTLS_SSL_VERIFY_REQUIRED[0m
[0;32;49m[03-10 07:20:57 ty D][tuya_tls.c:354] load root ca cert.[0m
[0;32;49m[03-10 07:20:57 ty D][tuya_tls.c:661] socket fd is set. set to inner send/recv to handshake[0m
[0;32;49m[03-10 07:20:57 ty D][tuya_tls.c:323] mbedtls_cert_pkey_free.[0m
[0;32;49m[03-10 07:20:57 ty D][tuya_tls.c:702] handshake finish for a2.tuyacn.com. set send/recv to user set[0m
[0;32;49m[03-10 07:20:57 ty D][tuya_tls.c:708] TUYA_TLS Success Connect a2.tuyacn.com:443 Suit:TLS-ECDHE-RSA-WITH-AES-128-GCM-SHA256[0m
[0;32;49m[03-10 07:20:57 ty D][http_client_wrapper.c:119] tls connencted![0m
[0;32;49m[03-10 07:20:57 ty D][http_client_wrapper.c:147] http request send![0m
[0;32;49m[03-10 07:20:57 ty D][http_client_wrapper.c:40] HTTP header add key=User-Agent[0m
[0;32;49m[03-10 07:20:57 ty D][http_client_wrapper.c:40] HTTP header add key=Content-Type[0m
[0;32;49m[03-10 07:20:57 ty D][http_client_wrapper.c:51] Sending HTTP POST request to a2.tuyacn.com[0m
[0;32;49m[03-10 07:20:57 ty D][tls_transporter.c:122] tls transporter close socket fd:1[0m
[0;32;49m[03-10 07:20:57 ty D][tcp_transporter.c:200] tcp transporter close socket fd:1[0m
[0;32;49m[03-10 07:20:57 ty D][tls_transporter.c:130] tls transporter close tls handler:0x608ca798[0m
[0;32;49m[03-10 07:20:57 ty D][tuya_tls.c:819] TUYA_TLS Disconnect ENTER[0m
[0;32;49m[03-10 07:20:57 ty D][tuya_tls.c:844] TUYA_TLS Disconnect Success[0m
[0;32;49m[03-10 07:20:57 ty D][tuya_tls.c:511] tuya_tls_connect_destroy.[0m
[0;32;49m[03-10 07:20:57 ty D][atop_base.c:267] result:
{"t":1773127257,"success":false,"errorCode":"NOT_EXISTS","errorMsg":"Product Not exist"}[0m
[0;31;49m[03-10 07:20:57 ty E][atop_base.c:319] errorMsg:Product Not exist[0m
[0;32;49m[03-10 07:20:57 ty D][tuya_app_main.c:153] Tuya Event ID:12(TUYA_EVENT_TIMESTAMP_SYNC)[0m
[0;36;49m[03-10 07:20:57 ty I][tuya_app_main.c:154] Device Free heap 145488[0m
[0;36;49m[03-10 07:20:57 ty I][tuya_app_main.c:212] Sync timestamp:1773127257[0m
[0;31;49m[03-10 07:20:57 ty E][tuya_iot.c:274] activate_response_parse error:-2[0m
[0;32;49m[03-10 07:20:58 ty D][tal_kv.c:270] lfs key not found: uuid372137b7e155c1c5.devid[0m
[0;32;49m[03-10 07:20:58 ty D][atop_service.c:210] POST JSON:{"token":"Ln8n94u7","softVer":"1.0.0","productKey":"xxxxxxxxxxxxxxxx","protocolVer":"2.3","baselineVer":"40.07","options": "{\"otaChannel\":0, \"isFK\":false}","devAttribute":2048,"cadVer":"1.0.3","cdVer":"1.0.0","t":1773127258}[0m
[0;32;49m[03-10 07:20:58 ty D][atop_base.c:417] TUYA_HTTPS_ATOP_URL: /d.json?[0m
[0;32;49m[03-10 07:20:58 ty D][atop_base.c:434] request url len:125: /d.json?a=thing.device.opensdk.active&et=3&t=1773127258&uuid=uuid372137b7e155c1c5&v=1.0&sign=9c1a000e2c1784985208b754bf64ef69[0m
[0;32;49m[03-10 07:20:58 ty D][atop_base.c:448] atop_request_data_encode[0m
[0;32;49m[03-10 07:20:58 ty D][atop_base.c:457] out post data len:517, data:data=663832626130663134393338867A0CF4E883573E71C9FA03518416073598580B44D946F3EFB3E3874CDA8F752BA9BC3A55228E20DA6DA9158908B413BA13AD16A7008C5F525955E6C4E19E4B6FEF43642BD2EC429FA9C9C6B727A2B121D523FC896DA1F47E2E48D2A0747A04D32004EA844E68229B05F2A002F18284B63F7C55587E75CCBEC13718EBA1AF408098D4D6EA321F5DEC06D2BF06FB17D435E027B82C8D24AC91FB1A04438BFAB7F64359FD00ABE3EAF4FB66CB1EEED1F6F5CC818BF8AE7125E48A9343F7BA123B220905BCA99B0ED68B6A45BA814D123F24015E9A41656C0FE092E3ACA87AE122D8384801318B734E6AD3DD5D062C1C4313A37455[0m
[0;32;49m[03-10 07:20:58 ty D][atop_base.c:469] http request send![0m
tkl_net_socket_create type(0), fd(1)!
[0;32;49m[03-10 07:20:58 ty D][tuya_tls.c:590] TUYA_TLS Begin Connect a2.tuyacn.com:443[0m
[0;32;49m[03-10 07:20:58 ty D][tuya_tls.c:341] mbedtls authmode: MBEDTLS_SSL_VERIFY_REQUIRED[0m
[0;32;49m[03-10 07:20:58 ty D][tuya_tls.c:354] load root ca cert.[0m
[0;32;49m[03-10 07:20:58 ty D][tuya_tls.c:661] socket fd is set. set to inner send/recv to handshake[0m
[0;32;49m[03-10 07:20:58 ty D][tuya_tls.c:323] mbedtls_cert_pkey_free.[0m
[0;32;49m[03-10 07:20:58 ty D][tuya_tls.c:702] handshake finish for a2.tuyacn.com. set send/recv to user set[0m
[0;32;49m[03-10 07:20:58 ty D][tuya_tls.c:708] TUYA_TLS Success Connect a2.tuyacn.com:443 Suit:TLS-ECDHE-RSA-WITH-AES-128-GCM-SHA256[0m
[0;32;49m[03-10 07:20:58 ty D][http_client_wrapper.c:119] tls connencted![0m
[0;32;49m[03-10 07:20:58 ty D][http_client_wrapper.c:147] http request send![0m
[0;32;49m[03-10 07:20:58 ty D][http_client_wrapper.c:40] HTTP header add key=User-Agent[0m
[0;32;49m[03-10 07:20:58 ty D][http_client_wrapper.c:40] HTTP header add key=Content-Type[0m
[0;32;49m[03-10 07:20:58 ty D][http_client_wrapper.c:51] Sending HTTP POST request to a2.tuyacn.com[0m
[0;32;49m[03-10 07:20:58 ty D][tls_transporter.c:122] tls transporter close socket fd:1[0m
[0;32;49m[03-10 07:20:58 ty D][tcp_transporter.c:200] tcp transporter close socket fd:1[0m
[0;32;49m[03-10 07:20:58 ty D][tls_transporter.c:130] tls transporter close tls handler:0x608ca798[0m
[0;32;49m[03-10 07:20:58 ty D][tuya_tls.c:819] TUYA_TLS Disconnect ENTER[0m
[0;32;49m[03-10 07:20:58 ty D][tuya_tls.c:844] TUYA_TLS Disconnect Success[0m
[0;32;49m[03-10 07:20:58 ty D][tuya_tls.c:511] tuya_tls_connect_destroy.[0m
[0;32;49m[03-10 07:20:58 ty D][atop_base.c:267] result:
{"t":1773127259,"success":false,"errorCode":"NOT_EXISTS","errorMsg":"Product Not exist"}[0m
[0;31;49m[03-10 07:20:58 ty E][atop_base.c:319] errorMsg:Product Not exist[0m
[0;32;49m[03-10 07:20:58 ty D][tuya_app_main.c:153] Tuya Event ID:12(TUYA_EVENT_TIMESTAMP_SYNC)[0m
[0;36;49m[03-10 07:20:58 ty I][tuya_app_main.c:154] Device Free heap 145488[0m
[0;36;49m[03-10 07:20:58 ty I][tuya_app_main.c:212] Sync timestamp:1773127259[0m
[0;31;49m[03-10 07:20:59 ty E][tuya_iot.c:274] activate_response_parse error:-2[0m
[0;32;49m[03-10 07:20:59 ty D][tuya_health.c:75] feed watchdog[0m
[0;32;49m[03-10 07:21:00 ty D][tal_kv.c:270] lfs key not found: uuid372137b7e155c1c5.devid[0m
[0;32;49m[03-10 07:21:00 ty D][atop_service.c:210] POST JSON:{"token":"Ln8n94u7","softVer":"1.0.0","productKey":"xxxxxxxxxxxxxxxx","protocolVer":"2.3","baselineVer":"40.07","options": "{\"otaChannel\":0, \"isFK\":false}","devAttribute":2048,"cadVer":"1.0.3","cdVer":"1.0.0","t":1773127260}[0m
[0;32;49m[03-10 07:21:00 ty D][atop_base.c:417] TUYA_HTTPS_ATOP_URL: /d.json?[0m
[0;32;49m[03-10 07:21:00 ty D][atop_base.c:434] request url len:125: /d.json?a=thing.device.opensdk.active&et=3&t=1773127260&uuid=uuid372137b7e155c1c5&v=1.0&sign=94f39ec0d418a574b817c6d057d49fe1[0m
[0;32;49m[03-10 07:21:00 ty D][atop_base.c:448] atop_request_data_encode[0m
[0;32;49m[03-10 07:21:00 ty D][atop_base.c:457] out post data len:517, data:data=6165343335306538623763657FEB2735B52BE62E7EF0B6F1459C91E3090B8BFCDB87890A46BA7E6FF3A34D29589A9362EBA8BEA0FAF6CDD72FA05EBD77953C12A8036E5F65C209A64D997748EC8AAECDB278819656E1D1C1B0D781FEA49DBFBD8B2E3D8E6995FE20893582C305C416F98133FE36A2193D4524844C9582F8E5E64AB6CF19413E2BF3E06AC4C4FEDA5F8A0BD6FE1F29B77711429B13488ADDA39C70E752263E1DB9C9255E27BB82D2301DA1E441ABDDD123D5A05CB5338FC2428F911FE73F711E704D1443755BCC19A4553A0BC40F98D3F5A2E7394A04431085D03D86ECED00DC43313D00A200FF6F0CF6283AA05EC7754788BECD71FABFDB6052[0m
[0;32;49m[03-10 07:21:00 ty D][atop_base.c:469] http request send![0m
tkl_net_socket_create type(0), fd(1)!
[0;32;49m[03-10 07:21:00 ty D][tuya_tls.c:590] TUYA_TLS Begin Connect a2.tuyacn.com:443[0m
[0;32;49m[03-10 07:21:00 ty D][tuya_tls.c:341] mbedtls authmode: MBEDTLS_SSL_VERIFY_REQUIRED[0m
[0;32;49m[03-10 07:21:00 ty D][tuya_tls.c:354] load root ca cert.[0m
[0;32;49m[03-10 07:21:00 ty D][tuya_tls.c:661] socket fd is set. set to inner send/recv to handshake[0m
[0;32;49m[03-10 07:21:00 ty D][tuya_tls.c:323] mbedtls_cert_pkey_free.[0m
[0;32;49m[03-10 07:21:00 ty D][tuya_tls.c:702] handshake finish for a2.tuyacn.com. set send/recv to user set[0m
[0;32;49m[03-10 07:21:00 ty D][tuya_tls.c:708] TUYA_TLS Success Connect a2.tuyacn.com:443 Suit:TLS-ECDHE-RSA-WITH-AES-128-GCM-SHA256[0m
[0;32;49m[03-10 07:21:00 ty D][http_client_wrapper.c:119] tls connencted![0m
[0;32;49m[03-10 07:21:00 ty D][http_client_wrapper.c:147] http request send![0m
[0;32;49m[03-10 07:21:00 ty D][http_client_wrapper.c:40] HTTP header add key=User-Agent[0m
[0;32;49m[03-10 07:21:00 ty D][http_client_wrapper.c:40] HTTP header add key=Content-Type[0m
[0;32;49m[03-10 07:21:00 ty D][http_client_wrapper.c:51] Sending HTTP POST request to a2.tuyacn.com[0m
[0;32;49m[03-10 07:21:00 ty D][tls_transporter.c:122] tls transporter close socket fd:1[0m
[0;32;49m[03-10 07:21:00 ty D][tcp_transporter.c:200] tcp transporter close socket fd:1[0m
[0;32;49m[03-10 07:21:00 ty D][tls_transporter.c:130] tls transporter close tls handler:0x608ca798[0m
[0;32;49m[03-10 07:21:00 ty D][tuya_tls.c:819] TUYA_TLS Disconnect ENTER[0m
[0;32;49m[03-10 07:21:00 ty D][tuya_tls.c:844] TUYA_TLS Disconnect Success[0m
[0;32;49m[03-10 07:21:00 ty D][tuya_tls.c:511] tuya_tls_connect_destroy.[0m
[0;32;49m[03-10 07:21:00 ty D][atop_base.c:267] result:
{"t":1773127260,"success":false,"errorCode":"NOT_EXISTS","errorMsg":"Product Not exist"}[0m
[0;31;49m[03-10 07:21:00 ty E][atop_base.c:319] errorMsg:Product Not exist[0m
[0;32;49m[03-10 07:21:00 ty D][tuya_app_main.c:153] Tuya Event ID:12(TUYA_EVENT_TIMESTAMP_SYNC)[0m
[0;36;49m[03-10 07:21:00 ty I][tuya_app_main.c:154] Device Free heap 145488[0m
[0;36;49m[03-10 07:21:00 ty I][tuya_app_main.c:212] Sync timestamp:1773127260[0m
[0;31;49m[03-10 07:21:00 ty E][tuya_iot.c:274] activate_response_parse error:-2[0m
[0;32;49m[03-10 07:21:01 ty D][tal_kv.c:270] lfs key not found: uuid372137b7e155c1c5.devid[0m
[0;32;49m[03-10 07:21:01 ty D][atop_service.c:210] POST JSON:{"token":"Ln8n94u7","softVer":"1.0.0","productKey":"xxxxxxxxxxxxxxxx","protocolVer":"2.3","baselineVer":"40.07","options": "{\"otaChannel\":0, \"isFK\":false}","devAttribute":2048,"cadVer":"1.0.3","cdVer":"1.0.0","t":1773127261}[0m
[0;32;49m[03-10 07:21:01 ty D][atop_base.c:417] TUYA_HTTPS_ATOP_URL: /d.json?[0m
[0;32;49m[03-10 07:21:01 ty D][atop_base.c:434] request url len:125: /d.json?a=thing.device.opensdk.active&et=3&t=1773127261&uuid=uuid372137b7e155c1c5&v=1.0&sign=b8f736ad6f872ee37e130ca0fdd9b80b[0m
[0;32;49m[03-10 07:21:01 ty D][atop_base.c:448] atop_request_data_encode[0m
[0;32;49m[03-10 07:21:01 ty D][atop_base.c:457] out post data len:517, data:data=383338623239396161336662CFC889A6794B69ADEF65FAAD8833BDF309FB616825F0615D10A12C7358413E94026B4AE5B7BA48F2550A09A3BF141AE358293D3E0A1D27681E832019F736FD709BF6C1F454916696058593E0591315D3808D502EB9A1EDACADD1A6F33C7D83769E7FBF8DBE55474CF7B61EFCCF3F4F2F302E5B2943251B90FDDDBFBD701489B4BEEA5975F4E1955B4549F0F9B943A32C37EF63CC78FF355ACC00CE562848DDCB0C0944CA1E9715EBB51E1112EB5218B3CE47256D53C48F5A0F6B9048801BDDF0FF85E124155A94B1A80547780E9C5CB57185DB342A30029888C3A369EAEB7F2C273EDD79240B8DB01CC974AC806C56393660AF79[0m
[0;32;49m[03-10 07:21:01 ty D][atop_base.c:469] http request send![0m
tkl_net_socket_create type(0), fd(1)!
[0;32;49m[03-10 07:21:01 ty D][tuya_tls.c:590] TUYA_TLS Begin Connect a2.tuyacn.com:443[0m
[0;32;49m[03-10 07:21:01 ty D][tuya_tls.c:341] mbedtls authmode: MBEDTLS_SSL_VERIFY_REQUIRED[0m
[0;32;49m[03-10 07:21:01 ty D][tuya_tls.c:354] load root ca cert.[0m
[0;32;49m[03-10 07:21:01 ty D][tuya_tls.c:661] socket fd is set. set to inner send/recv to handshake[0m
[0;32;49m[03-10 07:21:01 ty D][tuya_tls.c:323] mbedtls_cert_pkey_free.[0m
[0;32;49m[03-10 07:21:01 ty D][tuya_tls.c:702] handshake finish for a2.tuyacn.com. set send/recv to user set[0m
[0;32;49m[03-10 07:21:01 ty D][tuya_tls.c:708] TUYA_TLS Success Connect a2.tuyacn.com:443 Suit:TLS-ECDHE-RSA-WITH-AES-128-GCM-SHA256[0m
[0;32;49m[03-10 07:21:01 ty D][http_client_wrapper.c:119] tls connencted![0m
[0;32;49m[03-10 07:21:01 ty D][http_client_wrapper.c:147] http request send![0m
[0;32;49m[03-10 07:21:01 ty D][http_client_wrapper.c:40] HTTP header add key=User-Agent[0m
[0;32;49m[03-10 07:21:01 ty D][http_client_wrapper.c:40] HTTP header add key=Content-Type[0m
[0;32;49m[03-10 07:21:01 ty D][http_client_wrapper.c:51] Sending HTTP POST request to a2.tuyacn.com[0m
[0;32;49m[03-10 07:21:01 ty D][tls_transporter.c:122] tls transporter close socket fd:1[0m
[0;32;49m[03-10 07:21:01 ty D][tcp_transporter.c:200] tcp transporter close socket fd:1[0m
[0;32;49m[03-10 07:21:01 ty D][tls_transporter.c:130] tls transporter close tls handler:0x608ca798[0m
[0;32;49m[03-10 07:21:01 ty D][tuya_tls.c:819] TUYA_TLS Disconnect ENTER[0m
[0;32;49m[03-10 07:21:01 ty D][tuya_tls.c:844] TUYA_TLS Disconnect Success[0m
[0;32;49m[03-10 07:21:01 ty D][tuya_tls.c:511] tuya_tls_connect_destroy.[0m
[0;32;49m[03-10 07:21:01 ty D][atop_base.c:267] result:
{"t":1773127262,"success":false,"errorCode":"NOT_EXISTS","errorMsg":"Product Not exist"}[0m
[0;31;49m[03-10 07:21:01 ty E][atop_base.c:319] errorMsg:Product Not exist[0m
[0;32;49m[03-10 07:21:01 ty D][tuya_app_main.c:153] Tuya Event ID:12(TUYA_EVENT_TIMESTAMP_SYNC)[0m
[0;36;49m[03-10 07:21:01 ty I][tuya_app_main.c:154] Device Free heap 145488[0m
[0;36;49m[03-10 07:21:01 ty I][tuya_app_main.c:212] Sync timestamp:1773127262[0m
[0;31;49m[03-10 07:21:02 ty E][tuya_iot.c:274] activate_response_parse error:-2[0m
[0;32;49m[03-10 07:21:03 ty D][tal_kv.c:270] lfs key not found: uuid372137b7e155c1c5.devid[0m
[0;32;49m[03-10 07:21:03 ty D][atop_service.c:210] POST JSON:{"token":"Ln8n94u7","softVer":"1.0.0","productKey":"xxxxxxxxxxxxxxxx","protocolVer":"2.3","baselineVer":"40.07","options": "{\"otaChannel\":0, \"isFK\":false}","devAttribute":2048,"cadVer":"1.0.3","cdVer":"1.0.0","t":1773127263}[0m
[0;32;49m[03-10 07:21:03 ty D][atop_base.c:417] TUYA_HTTPS_ATOP_URL: /d.json?[0m
[0;32;49m[03-10 07:21:03 ty D][atop_base.c:434] request url len:125: /d.json?a=thing.device.opensdk.active&et=3&t=1773127263&uuid=uuid372137b7e155c1c5&v=1.0&sign=c2d4b0e195456cfb9cc4ea0cf73de2d4[0m
[0;32;49m[03-10 07:21:03 ty D][atop_base.c:448] atop_request_data_encode[0m
[0;32;49m[03-10 07:21:03 ty D][atop_base.c:457] out post data len:517, data:data=363466393864323934633639CF8E136666592163DBD2E1E8D8047FEEBDB5B7804B51A86A15CCBD830908B06A094F72AE43D9BABDF27A82A0EFE03BC56FD34B178FB5DC70EED88A652279850A6AAFD41AF02580EA591FF2B64B1A237D73B41D2E4B6FE96C2DB9E4BB1A963449E34A0A6EFDF3C797C641A578A0EABA6F5075EF378ED28802BE5F0223736CE9D9AA5E0B229EA96F74F401B2EB176A002BC036D8888CC3766105C325A7964A324DE8DED97F3BA2C0F648AB944183F6639782BA1BD89D02247BB44978DDD5604401CD81858CE7CB114369B55E9F0A505CB7F644DE16AC2199383479D0582BDB42F88EADECF24726A3A2CF04ABC98EB27114DE5CE488[0m
[0;32;49m[03-10 07:21:03 ty D][atop_base.c:469] http request send![0m
tkl_net_socket_create type(0), fd(1)!
[0;32;49m[03-10 07:21:03 ty D][tuya_tls.c:590] TUYA_TLS Begin Connect a2.tuyacn.com:443[0m
[0;32;49m[03-10 07:21:03 ty D][tuya_tls.c:341] mbedtls authmode: MBEDTLS_SSL_VERIFY_REQUIRED[0m
[0;32;49m[03-10 07:21:03 ty D][tuya_tls.c:354] load root ca cert.[0m
[0;32;49m[03-10 07:21:03 ty D][tuya_tls.c:661] socket fd is set. set to inner send/recv to handshake[0m
[0;32;49m[03-10 07:21:03 ty D][tuya_tls.c:323] mbedtls_cert_pkey_free.[0m
[0;32;49m[03-10 07:21:03 ty D][tuya_tls.c:702] handshake finish for a2.tuyacn.com. set send/recv to user set[0m
[0;32;49m[03-10 07:21:03 ty D][tuya_tls.c:708] TUYA_TLS Success Connect a2.tuyacn.com:443 Suit:TLS-ECDHE-RSA-WITH-AES-128-GCM-SHA256[0m
[0;32;49m[03-10 07:21:03 ty D][http_client_wrapper.c:119] tls connencted![0m
[0;32;49m[03-10 07:21:03 ty D][http_client_wrapper.c:147] http request send![0m
[0;32;49m[03-10 07:21:03 ty D][http_client_wrapper.c:40] HTTP header add key=User-Agent[0m
[0;32;49m[03-10 07:21:03 ty D][http_client_wrapper.c:40] HTTP header add key=Content-Type[0m
[0;32;49m[03-10 07:21:03 ty D][http_client_wrapper.c:51] Sending HTTP POST request to a2.tuyacn.com[0m
[0;32;49m[03-10 07:21:03 ty D][tls_transporter.c:122] tls transporter close socket fd:1[0m
[0;32;49m[03-10 07:21:03 ty D][tcp_transporter.c:200] tcp transporter close socket fd:1[0m
[0;32;49m[03-10 07:21:03 ty D][tls_transporter.c:130] tls transporter close tls handler:0x608ca798[0m
[0;32;49m[03-10 07:21:03 ty D][tuya_tls.c:819] TUYA_TLS Disconnect ENTER[0m
[0;32;49m[03-10 07:21:03 ty D][tuya_tls.c:844] TUYA_TLS Disconnect Success[0m
[0;32;49m[03-10 07:21:03 ty D][tuya_tls.c:511] tuya_tls_connect_destroy.[0m
[0;32;49m[03-10 07:21:03 ty D][atop_base.c:267] result:
{"t":1773127263,"success":false,"errorCode":"NOT_EXISTS","errorMsg":"Product Not exist"}[0m
[0;31;49m[03-10 07:21:03 ty E][atop_base.c:319] errorMsg:Product Not exist[0m
[0;32;49m[03-10 07:21:03 ty D][tuya_app_main.c:153] Tuya Event ID:12(TUYA_EVENT_TIMESTAMP_SYNC)[0m
[0;36;49m[03-10 07:21:03 ty I][tuya_app_main.c:154] Device Free heap 145488[0m
[0;36;49m[03-10 07:21:03 ty I][tuya_app_main.c:212] Sync timestamp:1773127263[0m
[0;31;49m[03-10 07:21:03 ty E][tuya_iot.c:274] activate_response_parse error:-2[0m
[0;32;49m[03-10 07:21:04 ty D][tal_kv.c:270] lfs key not found: uuid372137b7e155c1c5.devid[0m
[0;32;49m[03-10 07:21:04 ty D][atop_service.c:210] POST JSON:{"token":"Ln8n94u7","softVer":"1.0.0","productKey":"xxxxxxxxxxxxxxxx","protocolVer":"2.3","baselineVer":"40.07","options": "{\"otaChannel\":0, \"isFK\":false}","devAttribute":2048,"cadVer":"1.0.3","cdVer":"1.0.0","t":1773127264}[0m
[0;32;49m[03-10 07:21:04 ty D][atop_base.c:417] TUYA_HTTPS_ATOP_URL: /d.json?[0m
[0;32;49m[03-10 07:21:04 ty D][atop_base.c:434] request url len:125: /d.json?a=thing.device.opensdk.active&et=3&t=1773127264&uuid=uuid372137b7e155c1c5&v=1.0&sign=268f066b1da479ff80937758fdc2d54f[0m
[0;32;49m[03-10 07:21:04 ty D][atop_base.c:448] atop_request_data_encode[0m
[0;32;49m[03-10 07:21:04 ty D][atop_base.c:457] out post data len:517, data:data=646132616234376635636237B56A42B004876D3A65CC41CA47FDCF8C7F2956D598B078C6A1D6AEBCAC7A470C3503A18F80B03CEF4B80DA693573CBE517EFC2E25090B9604E0D295AE4D7214DFC4DBECCFB0CEEC84B1C269D093DCD38EE7B3B9BA8CD79C67E7A2281ABC726CA094D1DFCD6453F54A092955C1704E1B29449FA4B971A6D9FBED8FFE50045225A66780459010BD8A672B95DEC35A92472F7FAE9D8D5D75FC1DCB9C09727A36B9C5313A1FD19700A1D1A1449CCA7367B185D2C026D0D8C8866B5BC8C186B97810BCC87101017DEA9D5F139033A6A2DB4DE9A9DB32D3806E86CBE587685D46B5C40BEF72ABB46A71A7E546FF7D76A369D12E2D13ED3[0m
[0;32;49m[03-10 07:21:04 ty D][atop_base.c:469] http request send![0m
tkl_net_socket_create type(0), fd(1)!
[0;32;49m[03-10 07:21:04 ty D][tuya_tls.c:590] TUYA_TLS Begin Connect a2.tuyacn.com:443[0m
[0;32;49m[03-10 07:21:04 ty D][tuya_tls.c:341] mbedtls authmode: MBEDTLS_SSL_VERIFY_REQUIRED[0m
[0;32;49m[03-10 07:21:04 ty D][tuya_tls.c:354] load root ca cert.[0m
[0;32;49m[03-10 07:21:04 ty D][tuya_tls.c:661] socket fd is set. set to inner send/recv to handshake[0m
[0;32;49m[03-10 07:21:04 ty D][tuya_tls.c:323] mbedtls_cert_pkey_free.[0m
[0;32;49m[03-10 07:21:04 ty D][tuya_tls.c:702] handshake finish for a2.tuyacn.com. set send/recv to user set[0m
[0;32;49m[03-10 07:21:04 ty D][tuya_tls.c:708] TUYA_TLS Success Connect a2.tuyacn.com:443 Suit:TLS-ECDHE-RSA-WITH-AES-128-GCM-SHA256[0m
[0;32;49m[03-10 07:21:04 ty D][http_client_wrapper.c:119] tls connencted![0m
[0;32;49m[03-10 07:21:04 ty D][http_client_wrapper.c:147] http request send![0m
[0;32;49m[03-10 07:21:04 ty D][http_client_wrapper.c:40] HTTP header add key=User-Agent[0m
[0;32;49m[03-10 07:21:04 ty D][http_client_wrapper.c:40] HTTP header add key=Content-Type[0m
[0;32;49m[03-10 07:21:04 ty D][http_client_wrapper.c:51] Sending HTTP POST request to a2.tuyacn.com[0m
[0;32;49m[03-10 07:21:04 ty D][tls_transporter.c:122] tls transporter close socket fd:1[0m
[0;32;49m[03-10 07:21:04 ty D][tcp_transporter.c:200] tcp transporter close socket fd:1[0m
[0;32;49m[03-10 07:21:04 ty D][tls_transporter.c:130] tls transporter close tls handler:0x608ca798[0m
[0;32;49m[03-10 07:21:04 ty D][tuya_tls.c:819] TUYA_TLS Disconnect ENTER[0m
[0;32;49m[03-10 07:21:04 ty D][tuya_tls.c:844] TUYA_TLS Disconnect Success[0m
[0;32;49m[03-10 07:21:04 ty D][tuya_tls.c:511] tuya_tls_connect_destroy.[0m
[0;32;49m[03-10 07:21:04 ty D][atop_base.c:267] result:
{"t":1773127265,"success":false,"errorCode":"NOT_EXISTS","errorMsg":"Product Not exist"}[0m
[0;31;49m[03-10 07:21:04 ty E][atop_base.c:319] errorMsg:Product Not exist[0m
[0;32;49m[03-10 07:21:04 ty D][tuya_app_main.c:153] Tuya Event ID:12(TUYA_EVENT_TIMESTAMP_SYNC)[0m
[0;36;49m[03-10 07:21:04 ty I][tuya_app_main.c:154] Device Free heap 145488[0m
[0;36;49m[03-10 07:21:04 ty I][tuya_app_main.c:212] Sync timestamp:1773127265[0m
[0;31;49m[03-10 07:21:05 ty E][tuya_iot.c:274] activate_response_parse error:-2[0m
[0;36;49m[03-10 07:21:05 ty I][ducky_claw_chat.c:52] Free heap size:146736, Free psram heap size:7408712[0m
[0;32;49m[03-10 07:21:06 ty D][tal_kv.c:270] lfs key not found: uuid372137b7e155c1c5.devid[0m
[0;32;49m[03-10 07:21:06 ty D][atop_service.c:210] POST JSON:{"token":"Ln8n94u7","softVer":"1.0.0","productKey":"xxxxxxxxxxxxxxxx","protocolVer":"2.3","baselineVer":"40.07","options": "{\"otaChannel\":0, \"isFK\":false}","devAttribute":2048,"cadVer":"1.0.3","cdVer":"1.0.0","t":1773127266}[0m
[0;32;49m[03-10 07:21:06 ty D][atop_base.c:417] TUYA_HTTPS_ATOP_URL: /d.json?[0m
[0;32;49m[03-10 07:21:06 ty D][atop_base.c:434] request url len:125: /d.json?a=thing.device.opensdk.active&et=3&t=1773127266&uuid=uuid372137b7e155c1c5&v=1.0&sign=46174c11beba07863cb3398a2ce92ad3[0m
[0;32;49m[03-10 07:21:06 ty D][atop_base.c:448] atop_request_data_encode[0m
[0;32;49m[03-10 07:21:06 ty D][atop_base.c:457] out post data len:517, data:data=633136303738336437396636E537BA8A0BB0BEADAA1F2EB4DBF4B1A58A2F14146A4C150F4EC46D3FE582B0B89247EE0B498F6CADAEB1BD394B5DAFB0DF567F1D7F0AE9A9C99A6478C72BB7C897AA1DAAB86B1A25DA81A9A9EFFC46A2C384090F4EDDAC8E7734AAC48E43BE5505FB096E4D4CFF37AC05FDC346AEFC3AB71D3A74618D0FAB4C45CF28389A274665818D85DE546514C23FFBB101FECB34B8746F9B94846FC00D5DCEFFAF8DDE8A1E0EBFFB27FA99301DB1EA7619582C31F3242A8E732B5ECA64AE7A5F9351738C9A0370548FF2A026513A2041272FE7F5ED3D54DAE7FCCD1B8DBD1BA333FCADD23F332E842B2AA671122A31AAAE23538F748AF91D[0m
[0;32;49m[03-10 07:21:06 ty D][atop_base.c:469] http request send![0m
tkl_net_socket_create type(0), fd(1)!
[0;32;49m[03-10 07:21:06 ty D][tuya_tls.c:590] TUYA_TLS Begin Connect a2.tuyacn.com:443[0m
[0;32;49m[03-10 07:21:06 ty D][tuya_tls.c:341] mbedtls authmode: MBEDTLS_SSL_VERIFY_REQUIRED[0m
[0;32;49m[03-10 07:21:06 ty D][tuya_tls.c:354] load root ca cert.[0m
[0;32;49m[03-10 07:21:06 ty D][tuya_tls.c:661] socket fd is set. set to inner send/recv to handshake[0m
[0;32;49m[03-10 07:21:06 ty D][tuya_tls.c:323] mbedtls_cert_pkey_free.[0m
[0;32;49m[03-10 07:21:06 ty D][tuya_tls.c:702] handshake finish for a2.tuyacn.com. set send/recv to user set[0m
[0;32;49m[03-10 07:21:06 ty D][tuya_tls.c:708] TUYA_TLS Success Connect a2.tuyacn.com:443 Suit:TLS-ECDHE-RSA-WITH-AES-128-GCM-SHA256[0m
[0;32;49m[03-10 07:21:06 ty D][http_client_wrapper.c:119] tls connencted![0m
[0;32;49m[03-10 07:21:06 ty D][http_client_wrapper.c:147] http request send![0m
[0;32;49m[03-10 07:21:06 ty D][http_client_wrapper.c:40] HTTP header add key=User-Agent[0m
[0;32;49m[03-10 07:21:06 ty D][http_client_wrapper.c:40] HTTP header add key=Content-Type[0m
[0;32;49m[03-10 07:21:06 ty D][http_client_wrapper.c:51] Sending HTTP POST request to a2.tuyacn.com[0m
[0;32;49m[03-10 07:21:06 ty D][tls_transporter.c:122] tls transporter close socket fd:1[0m
[0;32;49m[03-10 07:21:06 ty D][tcp_transporter.c:200] tcp transporter close socket fd:1[0m
[0;32;49m[03-10 07:21:06 ty D][tls_transporter.c:130] tls transporter close tls handler:0x608ca798[0m
[0;32;49m[03-10 07:21:06 ty D][tuya_tls.c:819] TUYA_TLS Disconnect ENTER[0m
[0;32;49m[03-10 07:21:06 ty D][tuya_tls.c:844] TUYA_TLS Disconnect Success[0m
[0;32;49m[03-10 07:21:06 ty D][tuya_tls.c:511] tuya_tls_connect_destroy.[0m
[0;32;49m[03-10 07:21:06 ty D][atop_base.c:267] result:
{"t":1773127266,"success":false,"errorCode":"NOT_EXISTS","errorMsg":"Product Not exist"}[0m
[0;31;49m[03-10 07:21:06 ty E][atop_base.c:319] errorMsg:Product Not exist[0m
[0;32;49m[03-10 07:21:06 ty D][tuya_app_main.c:153] Tuya Event ID:12(TUYA_EVENT_TIMESTAMP_SYNC)[0m
[0;36;49m[03-10 07:21:06 ty I][tuya_app_main.c:154] Device Free heap 145488[0m
[0;36;49m[03-10 07:21:06 ty I][tuya_app_main.c:212] Sync timestamp:1773127266[0m
[0;31;49m[03-10 07:21:06 ty E][tuya_iot.c:274] activate_response_parse error:-2[0m
[0;32;49m[03-10 07:21:07 ty D][tal_kv.c:270] lfs key not found: uuid372137b7e155c1c5.devid[0m
[0;32;49m[03-10 07:21:07 ty D][atop_service.c:210] POST JSON:{"token":"Ln8n94u7","softVer":"1.0.0","productKey":"xxxxxxxxxxxxxxxx","protocolVer":"2.3","baselineVer":"40.07","options": "{\"otaChannel\":0, \"isFK\":false}","devAttribute":2048,"cadVer":"1.0.3","cdVer":"1.0.0","t":1773127267}[0m
[0;32;49m[03-10 07:21:07 ty D][atop_base.c:417] TUYA_HTTPS_ATOP_URL: /d.json?[0m
[0;32;49m[03-10 07:21:07 ty D][atop_base.c:434] request url len:125: /d.json?a=thing.device.opensdk.active&et=3&t=1773127267&uuid=uuid372137b7e155c1c5&v=1.0&sign=684cab4b6414ad90d2a98fc154904108[0m
[0;32;49m[03-10 07:21:07 ty D][atop_base.c:448] atop_request_data_encode[0m
[0;32;49m[03-10 07:21:07 ty D][atop_base.c:457] out post data len:517, data:data=31666235663835663439313506A4F025CCC97CA122F6008C8753312326FD1080AEE1241CE09D3587BD80A7421183D5754D5264BAE72431649DEBE78DB57E0AA109E98081B17CB716C67AD1D4855EAACC0CBB686E64725F361DD874A35E62ABFD6E6389049D871A29FFB3B2C1599A41DEA388FBD15CA8CF834EC0B86D8A90DA67FB3CB5255A5208FC687F8A1A073F0E968EE82AF973D8703B0388FFFF4FD70673B86DED9BAFA28F095BD7608F6D6F91F9D13FE618E575B41C3CAD93AA15977041FA3D441710679AEF5936777BF38EDFCE7420DB324D6526BCC5CBCE7B24238FEAA3D4F776ED3CE70B2D4F93AED44D4F7EE3EA91DBF242FCFD8BC1E56765150FE2[0m
[0;32;49m[03-10 07:21:07 ty D][atop_base.c:469] http request send![0m
tkl_net_socket_create type(0), fd(1)!
[0;32;49m[03-10 07:21:07 ty D][tuya_tls.c:590] TUYA_TLS Begin Connect a2.tuyacn.com:443[0m
[0;32;49m[03-10 07:21:07 ty D][tuya_tls.c:341] mbedtls authmode: MBEDTLS_SSL_VERIFY_REQUIRED[0m
[0;32;49m[03-10 07:21:07 ty D][tuya_tls.c:354] load root ca cert.[0m
[0;32;49m[03-10 07:21:07 ty D][tuya_tls.c:661] socket fd is set. set to inner send/recv to handshake[0m
[0;32;49m[03-10 07:21:07 ty D][tuya_tls.c:323] mbedtls_cert_pkey_free.[0m
[0;32;49m[03-10 07:21:07 ty D][tuya_tls.c:702] handshake finish for a2.tuyacn.com. set send/recv to user set[0m
[0;32;49m[03-10 07:21:07 ty D][tuya_tls.c:708] TUYA_TLS Success Connect a2.tuyacn.com:443 Suit:TLS-ECDHE-RSA-WITH-AES-128-GCM-SHA256[0m
[0;32;49m[03-10 07:21:07 ty D][http_client_wrapper.c:119] tls connencted![0m
[0;32;49m[03-10 07:21:07 ty D][http_client_wrapper.c:147] http request send![0m
[0;32;49m[03-10 07:21:07 ty D][http_client_wrapper.c:40] HTTP header add key=User-Agent[0m
[0;32;49m[03-10 07:21:07 ty D][http_client_wrapper.c:40] HTTP header add key=Content-Type[0m
[0;32;49m[03-10 07:21:07 ty D][http_client_wrapper.c:51] Sending HTTP POST request to a2.tuyacn.com[0m
[0;32;49m[03-10 07:21:07 ty D][tls_transporter.c:122] tls transporter close socket fd:1[0m
[0;32;49m[03-10 07:21:07 ty D][tcp_transporter.c:200] tcp transporter close socket fd:1[0m
[0;32;49m[03-10 07:21:07 ty D][tls_transporter.c:130] tls transporter close tls handler:0x608ca798[0m
[0;32;49m[03-10 07:21:07 ty D][tuya_tls.c:819] TUYA_TLS Disconnect ENTER[0m
[0;32;49m[03-10 07:21:07 ty D][tuya_tls.c:844] TUYA_TLS Disconnect Success[0m
[0;32;49m[03-10 07:21:07 ty D][tuya_tls.c:511] tuya_tls_connect_destroy.[0m
[0;32;49m[03-10 07:21:07 ty D][atop_base.c:267] result:
{"t":1773127268,"success":false,"errorCode":"NOT_EXISTS","errorMsg":"Product Not exist"}[0m
[0;31;49m[03-10 07:21:07 ty E][atop_base.c:319] errorMsg:Product Not exist[0m
[0;32;49m[03-10 07:21:07 ty D][tuya_app_main.c:153] Tuya Event ID:12(TUYA_EVENT_TIMESTAMP_SYNC)[0m
[0;36;49m[03-10 07:21:07 ty I][tuya_app_main.c:154] Device Free heap 145488[0m
[0;36;49m[03-10 07:21:07 ty I][tuya_app_main.c:212] Sync timestamp:1773127268[0m
[0;31;49m[03-10 07:21:08 ty E][tuya_iot.c:274] activate_response_parse error:-2[0m
[0;32;49m[03-10 07:21:09 ty D][tal_kv.c:270] lfs key not found: uuid372137b7e155c1c5.devid[0m
[0;32;49m[03-10 07:21:09 ty D][atop_service.c:210] POST JSON:{"token":"Ln8n94u7","softVer":"1.0.0","productKey":"xxxxxxxxxxxxxxxx","protocolVer":"2.3","baselineVer":"40.07","options": "{\"otaChannel\":0, \"isFK\":false}","devAttribute":2048,"cadVer":"1.0.3","cdVer":"1.0.0","t":1773127269}[0m
[0;32;49m[03-10 07:21:09 ty D][atop_base.c:417] TUYA_HTTPS_ATOP_URL: /d.json?[0m
[0;32;49m[03-10 07:21:09 ty D][atop_base.c:434] request url len:125: /d.json?a=thing.device.opensdk.active&et=3&t=1773127269&uuid=uuid372137b7e155c1c5&v=1.0&sign=bc8a558802bf6e673aa52f9f701d60b9[0m
[0;32;49m[03-10 07:21:09 ty D][atop_base.c:448] atop_request_data_encode[0m
[0;32;49m[03-10 07:21:09 ty D][atop_base.c:457] out post data len:517, data:data=65613663653062613331656655F3A9CBBD7A71BAA0622CAEEF207E3FA2B7BE2598F278A7ABE2592338D098AE34ABAF5FCC857C2C2B675F4738D18063385FD77C778993E1DC8CE513C80D3F710A249A6482A8F4CC7A746A7DDCD37CAD76FA0DD7A304285D289ECF6302B0E7A2BC4FC6FD4896C896FA2604A6C27153FE7B54371494E3214995779585131E8DD6CF0B8520A7394A0A743DED3BF77D5650EE2E3E15CBEF25B076FB2E1676F883344B7ADCA36D7788E3AD23931F9C7AE2CE8F4C3566B672864C1EDA5D48B582B9D36A2C8A7021ACDA830AC635493D0D2CDEF2348968CC916F7C01AE62138F36BE29860D17B63E181A7E00B20E69B83C9FDD7DE007EC[0m
[0;32;49m[03-10 07:21:09 ty D][atop_base.c:469] http request send![0m
tkl_net_socket_create type(0), fd(1)!
[0;32;49m[03-10 07:21:09 ty D][tuya_tls.c:590] TUYA_TLS Begin Connect a2.tuyacn.com:443[0m
[0;32;49m[03-10 07:21:09 ty D][tuya_tls.c:341] mbedtls authmode: MBEDTLS_SSL_VERIFY_REQUIRED[0m
[0;32;49m[03-10 07:21:09 ty D][tuya_tls.c:354] load root ca cert.[0m
[0;32;49m[03-10 07:21:09 ty D][tuya_tls.c:661] socket fd is set. set to inner send/recv to handshake[0m
[0;32;49m[03-10 07:21:09 ty D][tuya_tls.c:323] mbedtls_cert_pkey_free.[0m
[0;32;49m[03-10 07:21:09 ty D][tuya_tls.c:702] handshake finish for a2.tuyacn.com. set send/recv to user set[0m
[0;32;49m[03-10 07:21:09 ty D][tuya_tls.c:708] TUYA_TLS Success Connect a2.tuyacn.com:443 Suit:TLS-ECDHE-RSA-WITH-AES-128-GCM-SHA256[0m
[0;32;49m[03-10 07:21:09 ty D][http_client_wrapper.c:119] tls connencted![0m
[0;32;49m[03-10 07:21:09 ty D][http_client_wrapper.c:147] http request send![0m
[0;32;49m[03-10 07:21:09 ty D][http_client_wrapper.c:40] HTTP header add key=User-Agent[0m
[0;32;49m[03-10 07:21:09 ty D][http_client_wrapper.c:40] HTTP header add key=Content-Type[0m
[0;32;49m[03-10 07:21:09 ty D][http_client_wrapper.c:51] Sending HTTP POST request to a2.tuyacn.com[0m
[0;32;49m[03-10 07:21:09 ty D][tls_transporter.c:122] tls transporter close socket fd:1[0m
[0;32;49m[03-10 07:21:09 ty D][tcp_transporter.c:200] tcp transporter close socket fd:1[0m
[0;32;49m[03-10 07:21:09 ty D][tls_transporter.c:130] tls transporter close tls handler:0x608ca798[0m
[0;32;49m[03-10 07:21:09 ty D][tuya_tls.c:819] TUYA_TLS Disconnect ENTER[0m
[0;32;49m[03-10 07:21:09 ty D][tuya_tls.c:844] TUYA_TLS Disconnect Success[0m
[0;32;49m[03-10 07:21:09 ty D][tuya_tls.c:511] tuya_tls_connect_destroy.[0m
[0;32;49m[03-10 07:21:09 ty D][atop_base.c:267] result:
{"t":1773127270,"success":false,"errorCode":"NOT_EXISTS","errorMsg":"Product Not exist"}[0m
[0;31;49m[03-10 07:21:09 ty E][atop_base.c:319] errorMsg:Product Not exist[0m
[0;32;49m[03-10 07:21:09 ty D][tuya_app_main.c:153] Tuya Event ID:12(TUYA_EVENT_TIMESTAMP_SYNC)[0m
[0;36;49m[03-10 07:21:09 ty I][tuya_app_main.c:154] Device Free heap 145488[0m
[0;36;49m[03-10 07:21:09 ty I][tuya_app_main.c:212] Sync timestamp:1773127270[0m
[0;31;49m[03-10 07:21:10 ty E][tuya_iot.c:274] activate_response_parse error:-2[0m
[0;32;49m[03-10 07:21:10 ty D][tuya_health.c:75] feed watchdog[0m
[0;32;49m[03-10 07:21:11 ty D][tal_kv.c:270] lfs key not found: uuid372137b7e155c1c5.devid[0m
[0;32;49m[03-10 07:21:11 ty D][atop_service.c:210] POST JSON:{"token":"Ln8n94u7","softVer":"1.0.0","productKey":"xxxxxxxxxxxxxxxx","protocolVer":"2.3","baselineVer":"40.07","options": "{\"otaChannel\":0, \"isFK\":false}","devAttribute":2048,"cadVer":"1.0.3","cdVer":"1.0.0","t":1773127271}[0m
[0;32;49m[03-10 07:21:11 ty D][atop_base.c:417] TUYA_HTTPS_ATOP_URL: /d.json?[0m
[0;32;49m[03-10 07:21:11 ty D][atop_base.c:434] request url len:125: /d.json?a=thing.device.opensdk.active&et=3&t=1773127271&uuid=uuid372137b7e155c1c5&v=1.0&sign=bfcdf87f697bd5e5b87dcecb3d0b6b27[0m
[0;32;49m[03-10 07:21:11 ty D][atop_base.c:448] atop_request_data_encode[0m
[0;32;49m[03-10 07:21:11 ty D][atop_base.c:457] out post data len:517, data:data=6566633666376330333062311512DEA8B6626490317F355B615CF66FB192C64A1E10DF8C31C3741DFF8C0C2A2397C95ACAF702169D5C01077F21F5286F7C776F300D93FFD1AFAC102BD30695312C3FBAB8136C19AD1E11BE988CAD38F6509358D44660922CE68FDB4D80D73E583FB2BDC93E7B8CD9ECC1DA47E22538B73A4E8B2C7015C31E37F53DECA14465B4D4ECEFBC46D6BC4DBA7FB68E71F95249EB44FC20D23248DB555C789FE5C45F0B691D01C2EE7764687343B8B539BEC0A3E895831E9FDCED2E082C5D74C19BAF99291CA9ED7820C13F8763ACCDFF06E537492C06B5B06FFE4D4755FC997F07DD468E98293C9F4EF16C1ADEC3C03ED3ED7CB20DA6[0m
[0;32;49m[03-10 07:21:11 ty D][atop_base.c:469] http request send![0m
tkl_net_socket_create type(0), fd(1)!
[0;32;49m[03-10 07:21:11 ty D][tuya_tls.c:590] TUYA_TLS Begin Connect a2.tuyacn.com:443[0m
[0;32;49m[03-10 07:21:11 ty D][tuya_tls.c:341] mbedtls authmode: MBEDTLS_SSL_VERIFY_REQUIRED[0m
[0;32;49m[03-10 07:21:11 ty D][tuya_tls.c:354] load root ca cert.[0m
[0;32;49m[03-10 07:21:11 ty D][tuya_tls.c:661] socket fd is set. set to inner send/recv to handshake[0m
[0;32;49m[03-10 07:21:11 ty D][tuya_tls.c:323] mbedtls_cert_pkey_free.[0m
[0;32;49m[03-10 07:21:11 ty D][tuya_tls.c:702] handshake finish for a2.tuyacn.com. set send/recv to user set[0m
[0;32;49m[03-10 07:21:11 ty D][tuya_tls.c:708] TUYA_TLS Success Connect a2.tuyacn.com:443 Suit:TLS-ECDHE-RSA-WITH-AES-128-GCM-SHA256[0m
[0;32;49m[03-10 07:21:11 ty D][http_client_wrapper.c:119] tls connencted![0m
[0;32;49m[03-10 07:21:11 ty D][http_client_wrapper.c:147] http request send![0m
[0;32;49m[03-10 07:21:11 ty D][http_client_wrapper.c:40] HTTP header add key=User-Agent[0m
[0;32;49m[03-10 07:21:11 ty D][http_client_wrapper.c:40] HTTP header add key=Content-Type[0m
[0;32;49m[03-10 07:21:11 ty D][http_client_wrapper.c:51] Sending HTTP POST request to a2.tuyacn.com[0m
[0;32;49m[03-10 07:21:11 ty D][tls_transporter.c:122] tls transporter close socket fd:1[0m
[0;32;49m[03-10 07:21:11 ty D][tcp_transporter.c:200] tcp transporter close socket fd:1[0m
[0;32;49m[03-10 07:21:11 ty D][tls_transporter.c:130] tls transporter close tls handler:0x608ca798[0m
[0;32;49m[03-10 07:21:11 ty D][tuya_tls.c:819] TUYA_TLS Disconnect ENTER[0m
[0;32;49m[03-10 07:21:11 ty D][tuya_tls.c:844] TUYA_TLS Disconnect Success[0m
[0;32;49m[03-10 07:21:11 ty D][tuya_tls.c:511] tuya_tls_connect_destroy.[0m
[0;32;49m[03-10 07:21:11 ty D][atop_base.c:267] result:
{"t":1773127271,"success":false,"errorCode":"NOT_EXISTS","errorMsg":"Product Not exist"}[0m
[0;31;49m[03-10 07:21:11 ty E][atop_base.c:319] errorMsg:Product Not exist[0m
[0;32;49m[03-10 07:21:11 ty D][tuya_app_main.c:153] Tuya Event ID:12(TUYA_EVENT_TIMESTAMP_SYNC)[0m
[0;36;49m[03-10 07:21:11 ty I][tuya_app_main.c:154] Device Free heap 145488[0m
[0;36;49m[03-10 07:21:11 ty I][tuya_app_main.c:212] Sync timestamp:1773127271[0m
[0;31;49m[03-10 07:21:11 ty E][tuya_iot.c:274] activate_response_parse error:-2[0m
[0;32;49m[03-10 07:21:12 ty D][tal_kv.c:270] lfs key not found: uuid372137b7e155c1c5.devid[0m
[0;32;49m[03-10 07:21:12 ty D][atop_service.c:210] POST JSON:{"token":"Ln8n94u7","softVer":"1.0.0","productKey":"xxxxxxxxxxxxxxxx","protocolVer":"2.3","baselineVer":"40.07","options": "{\"otaChannel\":0, \"isFK\":false}","devAttribute":2048,"cadVer":"1.0.3","cdVer":"1.0.0","t":1773127272}[0m
[0;32;49m[03-10 07:21:12 ty D][atop_base.c:417] TUYA_HTTPS_ATOP_URL: /d.json?[0m
[0;32;49m[03-10 07:21:12 ty D][atop_base.c:434] request url len:125: /d.json?a=thing.device.opensdk.active&et=3&t=1773127272&uuid=uuid372137b7e155c1c5&v=1.0&sign=0ef3fcf0d26d409c504b394b75bcb0aa[0m
[0;32;49m[03-10 07:21:12 ty D][atop_base.c:448] atop_request_data_encode[0m
[0;32;49m[03-10 07:21:12 ty D][atop_base.c:457] out post data len:517, data:data=633764633135356364396166497D169FDD5818C4371A64E29C0E40EAE64314FA7BA415FD9BB2AC160EB103DE909D9004C0B51144D9C372CED261D4CF83E2860D4880515FD03CB7E95F772FF1E4BE421D0F78330852F68B4B3452637C8F0F96140885EBD61874833E1DB3ABE3C9F64E55B108D77EE07B91EE68AB4C82FF01AFF1C809F7EF28A67CFD3D8B460AB255033CEA363B0BE7102E548DE3D043745F3298C51B87A7EF734C7848E5A7989811398D4CD8D98E0130B96B6CAE59CDCA2257A6FC5782E38C3567ADFAB5ECD3524C8403E5103298460FD6DFE57210C9CB88184B3B70C764936236A62529EB1B23AFB43D01C63132F0DD179EF1FA98BCAB8A9078[0m
[0;32;49m[03-10 07:21:12 ty D][atop_base.c:469] http request send![0m
tkl_net_socket_create type(0), fd(1)!
[0;32;49m[03-10 07:21:12 ty D][tuya_tls.c:590] TUYA_TLS Begin Connect a2.tuyacn.com:443[0m
[0;32;49m[03-10 07:21:12 ty D][tuya_tls.c:341] mbedtls authmode: MBEDTLS_SSL_VERIFY_REQUIRED[0m
[0;32;49m[03-10 07:21:12 ty D][tuya_tls.c:354] load root ca cert.[0m
[0;32;49m[03-10 07:21:12 ty D][tuya_tls.c:661] socket fd is set. set to inner send/recv to handshake[0m
[0;32;49m[03-10 07:21:12 ty D][tuya_tls.c:323] mbedtls_cert_pkey_free.[0m
[0;32;49m[03-10 07:21:12 ty D][tuya_tls.c:702] handshake finish for a2.tuyacn.com. set send/recv to user set[0m
[0;32;49m[03-10 07:21:12 ty D][tuya_tls.c:708] TUYA_TLS Success Connect a2.tuyacn.com:443 Suit:TLS-ECDHE-RSA-WITH-AES-128-GCM-SHA256[0m
[0;32;49m[03-10 07:21:12 ty D][http_client_wrapper.c:119] tls connencted![0m
[0;32;49m[03-10 07:21:12 ty D][http_client_wrapper.c:147] http request send![0m
[0;32;49m[03-10 07:21:12 ty D][http_client_wrapper.c:40] HTTP header add key=User-Agent[0m
[0;32;49m[03-10 07:21:12 ty D][http_client_wrapper.c:40] HTTP header add key=Content-Type[0m
[0;32;49m[03-10 07:21:12 ty D][http_client_wrapper.c:51] Sending HTTP POST request to a2.tuyacn.com[0m
[0;32;49m[03-10 07:21:12 ty D][tls_transporter.c:122] tls transporter close socket fd:1[0m
[0;32;49m[03-10 07:21:12 ty D][tcp_transporter.c:200] tcp transporter close socket fd:1[0m
[0;32;49m[03-10 07:21:12 ty D][tls_transporter.c:130] tls transporter close tls handler:0x608ca798[0m
[0;32;49m[03-10 07:21:12 ty D][tuya_tls.c:819] TUYA_TLS Disconnect ENTER[0m
[0;32;49m[03-10 07:21:12 ty D][tuya_tls.c:844] TUYA_TLS Disconnect Success[0m
[0;32;49m[03-10 07:21:12 ty D][tuya_tls.c:511] tuya_tls_connect_destroy.[0m
[0;32;49m[03-10 07:21:12 ty D][atop_base.c:267] result:
{"t":1773127273,"success":false,"errorCode":"NOT_EXISTS","errorMsg":"Product Not exist"}[0m
[0;31;49m[03-10 07:21:12 ty E][atop_base.c:319] errorMsg:Product Not exist[0m
[0;32;49m[03-10 07:21:12 ty D][tuya_app_main.c:153] Tuya Event ID:12(TUYA_EVENT_TIMESTAMP_SYNC)[0m
[0;36;49m[03-10 07:21:12 ty I][tuya_app_main.c:154] Device Free heap 145488[0m
[0;36;49m[03-10 07:21:12 ty I][tuya_app_main.c:212] Sync timestamp:1773127273[0m
[0;31;49m[03-10 07:21:13 ty E][tuya_iot.c:274] activate_response_parse error:-2[0m
[0;32;49m[03-10 07:21:14 ty D][tal_kv.c:270] lfs key not found: uuid372137b7e155c1c5.devid[0m
[0;32;49m[03-10 07:21:14 ty D][atop_service.c:210] POST JSON:{"token":"Ln8n94u7","softVer":"1.0.0","productKey":"xxxxxxxxxxxxxxxx","protocolVer":"2.3","baselineVer":"40.07","options": "{\"otaChannel\":0, \"isFK\":false}","devAttribute":2048,"cadVer":"1.0.3","cdVer":"1.0.0","t":1773127274}[0m
[0;32;49m[03-10 07:21:14 ty D][atop_base.c:417] TUYA_HTTPS_ATOP_URL: /d.json?[0m
[0;32;49m[03-10 07:21:14 ty D][atop_base.c:434] request url len:125: /d.json?a=thing.device.opensdk.active&et=3&t=1773127274&uuid=uuid372137b7e155c1c5&v=1.0&sign=7e482cfc471179d4452f674949cc6ab5[0m
[0;32;49m[03-10 07:21:14 ty D][atop_base.c:448] atop_request_data_encode[0m
[0;32;49m[03-10 07:21:14 ty D][atop_base.c:457] out post data len:517, data:data=6565626334366334643630359427EC0737D8F21DD52D7E76BD54EF30798520927BD61DA5169C153CACBED41DB1F7ACCAE5B6F8684516F355B610630918D22920F95C2BBEA4F26E4F6F9D24F18441A31B7233D8427CC5322D7ED976B54F962E7AF449C11C928633B39395BF8276C5C5C3C91D56060F8918C6C62CEA612827E0BCF3371A2E77301BF0B290230A810E94D352B73D77D3B092658790E02C9B1CABEBF83599389D81986F2A50AB7430CB044F2E02465939CBA9F7A55A3E0D20248A23FAE5071ADD911D1B393430A0BA0E979B326AFE62BD711949D6B35738F4BB54882A9C7A2DA0170DF2B2973CE47F8760CC518AC2614FC91A9A0FA1F096914ED9DB[0m
[0;32;49m[03-10 07:21:14 ty D][atop_base.c:469] http request send![0m
tkl_net_socket_create type(0), fd(1)!
[0;32;49m[03-10 07:21:14 ty D][tuya_tls.c:590] TUYA_TLS Begin Connect a2.tuyacn.com:443[0m
[0;32;49m[03-10 07:21:14 ty D][tuya_tls.c:341] mbedtls authmode: MBEDTLS_SSL_VERIFY_REQUIRED[0m
[0;32;49m[03-10 07:21:14 ty D][tuya_tls.c:354] load root ca cert.[0m
[0;32;49m[03-10 07:21:14 ty D][tuya_tls.c:661] socket fd is set. set to inner send/recv to handshake[0m
[0;32;49m[03-10 07:21:14 ty D][tuya_tls.c:323] mbedtls_cert_pkey_free.[0m
[0;32;49m[03-10 07:21:14 ty D][tuya_tls.c:702] handshake finish for a2.tuyacn.com. set send/recv to user set[0m
[0;32;49m[03-10 07:21:14 ty D][tuya_tls.c:708] TUYA_TLS Success Connect a2.tuyacn.com:443 Suit:TLS-ECDHE-RSA-WITH-AES-128-GCM-SHA256[0m
[0;32;49m[03-10 07:21:14 ty D][http_client_wrapper.c:119] tls connencted![0m
[0;32;49m[03-10 07:21:14 ty D][http_client_wrapper.c:147] http request send![0m
[0;32;49m[03-10 07:21:14 ty D][http_client_wrapper.c:40] HTTP header add key=User-Agent[0m
[0;32;49m[03-10 07:21:14 ty D][http_client_wrapper.c:40] HTTP header add key=Content-Type[0m
[0;32;49m[03-10 07:21:14 ty D][http_client_wrapper.c:51] Sending HTTP POST request to a2.tuyacn.com[0m
[0;32;49m[03-10 07:21:14 ty D][tls_transporter.c:122] tls transporter close socket fd:1[0m
[0;32;49m[03-10 07:21:14 ty D][tcp_transporter.c:200] tcp transporter close socket fd:1[0m
[0;32;49m[03-10 07:21:14 ty D][tls_transporter.c:130] tls transporter close tls handler:0x608ca798[0m
[0;32;49m[03-10 07:21:14 ty D][tuya_tls.c:819] TUYA_TLS Disconnect ENTER[0m
[0;32;49m[03-10 07:21:14 ty D][tuya_tls.c:844] TUYA_TLS Disconnect Success[0m
[0;32;49m[03-10 07:21:14 ty D][tuya_tls.c:511] tuya_tls_connect_destroy.[0m
[0;32;49m[03-10 07:21:14 ty D][atop_base.c:267] result:
{"t":1773127274,"success":false,"errorCode":"NOT_EXISTS","errorMsg":"Product Not exist"}[0m
[0;31;49m[03-10 07:21:14 ty E][atop_base.c:319] errorMsg:Product Not exist[0m
[0;32;49m[03-10 07:21:14 ty D][tuya_app_main.c:153] Tuya Event ID:12(TUYA_EVENT_TIMESTAMP_SYNC)[0m
[0;36;49m[03-10 07:21:14 ty I][tuya_app_main.c:154] Device Free heap 145488[0m
[0;36;49m[03-10 07:21:14 ty I][tuya_app_main.c:212] Sync timestamp:1773127274[0m
[0;31;49m[03-10 07:21:14 ty E][tuya_iot.c:274] activate_response_parse error:-2[0m
[0;32;49m[03-10 07:21:15 ty D][tal_kv.c:270] lfs key not found: uuid372137b7e155c1c5.devid[0m
[0;32;49m[03-10 07:21:15 ty D][atop_service.c:210] POST JSON:{"token":"Ln8n94u7","softVer":"1.0.0","productKey":"xxxxxxxxxxxxxxxx","protocolVer":"2.3","baselineVer":"40.07","options": "{\"otaChannel\":0, \"isFK\":false}","devAttribute":2048,"cadVer":"1.0.3","cdVer":"1.0.0","t":1773127275}[0m
[0;32;49m[03-10 07:21:15 ty D][atop_base.c:417] TUYA_HTTPS_ATOP_URL: /d.json?[0m
[0;32;49m[03-10 07:21:15 ty D][atop_base.c:434] request url len:125: /d.json?a=thing.device.opensdk.active&et=3&t=1773127275&uuid=uuid372137b7e155c1c5&v=1.0&sign=e20de8416580aa8b37124be672c5ed3c[0m
[0;32;49m[03-10 07:21:15 ty D][atop_base.c:448] atop_request_data_encode[0m
[0;32;49m[03-10 07:21:15 ty D][atop_base.c:457] out post data len:517, data:data=34666436633461346638353018AE9D1DD536B33291D7242EFFE46880E80BE6BB557125227C232929518312BEA1C46E5406A466F133DB275C9E26F6F401F89182FE24DCB0B8D5507706A686E4DC9C2B2D9D880D1983CC4DA9E2488AD620E53713D36657DC3849C24FE69872D8172AB75E2685E4F04FD4631ECD982FC78BA137CEC4D01B9EB2B2FF3245EB5A995A65C2D27130A5B89B1C515E46E8D388EE369B3C5C3888D3CD10C76EFA3A2298DCC85AB9442B26C24D93C641047620914CFE1DF3798E849E4F487217C8BF7D632B8CBA8621F3E169B302FFE40BB8D1415AACE8D15D176FFB43375EBD37D363323A9C6B5FFF4D79BC5B2699DB78A08B4FFCF16966[0m
[0;32;49m[03-10 07:21:15 ty D][atop_base.c:469] http request send![0m
tkl_net_socket_create type(0), fd(1)!
[0;32;49m[03-10 07:21:15 ty D][tuya_tls.c:590] TUYA_TLS Begin Connect a2.tuyacn.com:443[0m
[0;32;49m[03-10 07:21:15 ty D][tuya_tls.c:341] mbedtls authmode: MBEDTLS_SSL_VERIFY_REQUIRED[0m
[0;32;49m[03-10 07:21:15 ty D][tuya_tls.c:354] load root ca cert.[0m
[0;32;49m[03-10 07:21:15 ty D][tuya_tls.c:661] socket fd is set. set to inner send/recv to handshake[0m
[0;36;49m[03-10 07:21:15 ty I][ducky_claw_chat.c:52] Free heap size:145568, Free psram heap size:7386720[0m
[0;32;49m[03-10 07:21:15 ty D][tuya_tls.c:323] mbedtls_cert_pkey_free.[0m
[0;32;49m[03-10 07:21:15 ty D][tuya_tls.c:702] handshake finish for a2.tuyacn.com. set send/recv to user set[0m
[0;32;49m[03-10 07:21:15 ty D][tuya_tls.c:708] TUYA_TLS Success Connect a2.tuyacn.com:443 Suit:TLS-ECDHE-RSA-WITH-AES-128-GCM-SHA256[0m
[0;32;49m[03-10 07:21:15 ty D][http_client_wrapper.c:119] tls connencted![0m
[0;32;49m[03-10 07:21:15 ty D][http_client_wrapper.c:147] http request send![0m
[0;32;49m[03-10 07:21:15 ty D][http_client_wrapper.c:40] HTTP header add key=User-Agent[0m
[0;32;49m[03-10 07:21:15 ty D][http_client_wrapper.c:40] HTTP header add key=Content-Type[0m
[0;32;49m[03-10 07:21:15 ty D][http_client_wrapper.c:51] Sending HTTP POST request to a2.tuyacn.com[0m
[0;32;49m[03-10 07:21:15 ty D][tls_transporter.c:122] tls transporter close socket fd:1[0m
[0;32;49m[03-10 07:21:15 ty D][tcp_transporter.c:200] tcp transporter close socket fd:1[0m
[0;32;49m[03-10 07:21:15 ty D][tls_transporter.c:130] tls transporter close tls handler:0x608ca798[0m
[0;32;49m[03-10 07:21:15 ty D][tuya_tls.c:819] TUYA_TLS Disconnect ENTER[0m
[0;32;49m[03-10 07:21:15 ty D][tuya_tls.c:844] TUYA_TLS Disconnect Success[0m
[0;32;49m[03-10 07:21:15 ty D][tuya_tls.c:511] tuya_tls_connect_destroy.[0m
[0;32;49m[03-10 07:21:15 ty D][atop_base.c:267] result:
{"t":1773127276,"success":false,"errorCode":"NOT_EXISTS","errorMsg":"Product Not exist"}[0m
[0;31;49m[03-10 07:21:15 ty E][atop_base.c:319] errorMsg:Product Not exist[0m
[0;32;49m[03-10 07:21:15 ty D][tuya_app_main.c:153] Tuya Event ID:12(TUYA_EVENT_TIMESTAMP_SYNC)[0m
[0;36;49m[03-10 07:21:15 ty I][tuya_app_main.c:154] Device Free heap 145488[0m
[0;36;49m[03-10 07:21:15 ty I][tuya_app_main.c:212] Sync timestamp:1773127276[0m
[0;31;49m[03-10 07:21:16 ty E][tuya_iot.c:274] activate_response_parse error:-2[0m
[0;32;49m[03-10 07:21:17 ty D][tal_kv.c:270] lfs key not found: uuid372137b7e155c1c5.devid[0m
[0;32;49m[03-10 07:21:17 ty D][atop_service.c:210] POST JSON:{"token":"Ln8n94u7","softVer":"1.0.0","productKey":"xxxxxxxxxxxxxxxx","protocolVer":"2.3","baselineVer":"40.07","options": "{\"otaChannel\":0, \"isFK\":false}","devAttribute":2048,"cadVer":"1.0.3","cdVer":"1.0.0","t":1773127277}[0m
[0;32;49m[03-10 07:21:17 ty D][atop_base.c:417] TUYA_HTTPS_ATOP_URL: /d.json?[0m
[0;32;49m[03-10 07:21:17 ty D][atop_base.c:434] request url len:125: /d.json?a=thing.device.opensdk.active&et=3&t=1773127277&uuid=uuid372137b7e155c1c5&v=1.0&sign=315d95f530b3a9cd317b27fb3c09c8dd[0m
[0;32;49m[03-10 07:21:17 ty D][atop_base.c:448] atop_request_data_encode[0m
[0;32;49m[03-10 07:21:17 ty D][atop_base.c:457] out post data len:517, data:data=3262663339623437383339338952936F5A1E5F48DB77BB0520F05633BD4BB21C3BFC7999EC4015A051335A4E9DC361B7AD585E92711868C1C44ED96078600FD41EB0A80F2D8DE8174255B323022A7B3499FE1A11691321ABABD7EC950071A6F70EF1435A2CB38F3740F8035344D6C70018B06919B64631A622AC98819E0243E8B9C82E5071189BBC01287EBD3EC161EDBDB853105E30C1BBA973B20950A94C3553C43E2FD52F21E88D1E17874823161163B085528594BED2434A353FE1436477C37FC6497F7CB4A642D244B2C79FFFE8962BD24D01E9439DB1D20EA7C6BEB77B6AB22A2141436553E60AA21239D142E099D397D760105BDE4563395355104CE3[0m
[0;32;49m[03-10 07:21:17 ty D][atop_base.c:469] http request send![0m
tkl_net_socket_create type(0), fd(1)!
[0;32;49m[03-10 07:21:17 ty D][tuya_tls.c:590] TUYA_TLS Begin Connect a2.tuyacn.com:443[0m
[0;32;49m[03-10 07:21:17 ty D][tuya_tls.c:341] mbedtls authmode: MBEDTLS_SSL_VERIFY_REQUIRED[0m
[0;32;49m[03-10 07:21:17 ty D][tuya_tls.c:354] load root ca cert.[0m
[0;32;49m[03-10 07:21:17 ty D][tuya_tls.c:661] socket fd is set. set to inner send/recv to handshake[0m
[0;32;49m[03-10 07:21:17 ty D][tuya_tls.c:323] mbedtls_cert_pkey_free.[0m
[0;32;49m[03-10 07:21:17 ty D][tuya_tls.c:702] handshake finish for a2.tuyacn.com. set send/recv to user set[0m
[0;32;49m[03-10 07:21:17 ty D][tuya_tls.c:708] TUYA_TLS Success Connect a2.tuyacn.com:443 Suit:TLS-ECDHE-RSA-WITH-AES-128-GCM-SHA256[0m
[0;32;49m[03-10 07:21:17 ty D][http_client_wrapper.c:119] tls connencted![0m
[0;32;49m[03-10 07:21:17 ty D][http_client_wrapper.c:147] http request send![0m
[0;32;49m[03-10 07:21:17 ty D][http_client_wrapper.c:40] HTTP header add key=User-Agent[0m
[0;32;49m[03-10 07:21:17 ty D][http_client_wrapper.c:40] HTTP header add key=Content-Type[0m
[0;32;49m[03-10 07:21:17 ty D][http_client_wrapper.c:51] Sending HTTP POST request to a2.tuyacn.com[0m
[0;32;49m[03-10 07:21:17 ty D][tls_transporter.c:122] tls transporter close socket fd:1[0m
[0;32;49m[03-10 07:21:17 ty D][tcp_transporter.c:200] tcp transporter close socket fd:1[0m
[0;32;49m[03-10 07:21:17 ty D][tls_transporter.c:130] tls transporter close tls handler:0x608ca798[0m
[0;32;49m[03-10 07:21:17 ty D][tuya_tls.c:819] TUYA_TLS Disconnect ENTER[0m
[0;32;49m[03-10 07:21:17 ty D][tuya_tls.c:844] TUYA_TLS Disconnect Success[0m
[0;32;49m[03-10 07:21:17 ty D][tuya_tls.c:511] tuya_tls_connect_destroy.[0m
[0;32;49m[03-10 07:21:17 ty D][atop_base.c:267] result:
{"t":1773127277,"success":false,"errorCode":"NOT_EXISTS","errorMsg":"Product Not exist"}[0m
[0;31;49m[03-10 07:21:17 ty E][atop_base.c:319] errorMsg:Product Not exist[0m
[0;32;49m[03-10 07:21:17 ty D][tuya_app_main.c:153] Tuya Event ID:12(TUYA_EVENT_TIMESTAMP_SYNC)[0m
[0;36;49m[03-10 07:21:17 ty I][tuya_app_main.c:154] Device Free heap 145488[0m
[0;36;49m[03-10 07:21:17 ty I][tuya_app_main.c:212] Sync timestamp:1773127277[0m
[0;31;49m[03-10 07:21:17 ty E][tuya_iot.c:274] activate_response_parse error:-2[0m
[0;32;49m[03-10 07:21:18 ty D][tal_kv.c:270] lfs key not found: uuid372137b7e155c1c5.devid[0m
[0;32;49m[03-10 07:21:18 ty D][atop_service.c:210] POST JSON:{"token":"Ln8n94u7","softVer":"1.0.0","productKey":"xxxxxxxxxxxxxxxx","protocolVer":"2.3","baselineVer":"40.07","options": "{\"otaChannel\":0, \"isFK\":false}","devAttribute":2048,"cadVer":"1.0.3","cdVer":"1.0.0","t":1773127278}[0m
[0;32;49m[03-10 07:21:18 ty D][atop_base.c:417] TUYA_HTTPS_ATOP_URL: /d.json?[0m
[0;32;49m[03-10 07:21:18 ty D][atop_base.c:434] request url len:125: /d.json?a=thing.device.opensdk.active&et=3&t=1773127278&uuid=uuid372137b7e155c1c5&v=1.0&sign=28bfce2f131a42f22b53bd8b260b4cab[0m
[0;32;49m[03-10 07:21:18 ty D][atop_base.c:448] atop_request_data_encode[0m
[0;32;49m[03-10 07:21:18 ty D][atop_base.c:457] out post data len:517, data:data=35323937386135643337313393AB8C3C534497852B9F8701EB82598DF872C7AA3BF54DE1CD8F27DE22DAD56CD62A51CBCF65AFEF146192FC4C2420A92D722D27A49E963FAF269D5B1C4A937F731096A5DB678D7341B14BDC3A150FDF463642D15FB3AB7B22754853A530BF503934D7A083194E6B621A6BDA63078F8B82FB055E3A2F43D9E99C33B4E84C2B94B7BF99785FD40AE034D16B0372228AF06EEAB3F5A2FE9FFC865515A1F0EEABBA35931B2BA01126F3B7F6E38E2B32A636CFC298BE9D976D124405AEBF589A98E08939BAF257D571B556CB132069150B2C7FF1D8F8607FBEAB2E7762229FE340950C4D4E1A657D9CA2E551754464C5B0CA6B82FDEC[0m
[0;32;49m[03-10 07:21:18 ty D][atop_base.c:469] http request send![0m
tkl_net_socket_create type(0), fd(1)!
[0;32;49m[03-10 07:21:18 ty D][tuya_tls.c:590] TUYA_TLS Begin Connect a2.tuyacn.com:443[0m
[0;32;49m[03-10 07:21:18 ty D][tuya_tls.c:341] mbedtls authmode: MBEDTLS_SSL_VERIFY_REQUIRED[0m
[0;32;49m[03-10 07:21:18 ty D][tuya_tls.c:354] load root ca cert.[0m
[0;32;49m[03-10 07:21:18 ty D][tuya_tls.c:661] socket fd is set. set to inner send/recv to handshake[0m
[0;32;49m[03-10 07:21:18 ty D][tuya_tls.c:323] mbedtls_cert_pkey_free.[0m
[0;32;49m[03-10 07:21:18 ty D][tuya_tls.c:702] handshake finish for a2.tuyacn.com. set send/recv to user set[0m
[0;32;49m[03-10 07:21:18 ty D][tuya_tls.c:708] TUYA_TLS Success Connect a2.tuyacn.com:443 Suit:TLS-ECDHE-RSA-WITH-AES-128-GCM-SHA256[0m
[0;32;49m[03-10 07:21:18 ty D][http_client_wrapper.c:119] tls connencted![0m
[0;32;49m[03-10 07:21:18 ty D][http_client_wrapper.c:147] http request send![0m
[0;32;49m[03-10 07:21:18 ty D][http_client_wrapper.c:40] HTTP header add key=User-Agent[0m
[0;32;49m[03-10 07:21:18 ty D][http_client_wrapper.c:40] HTTP header add key=Content-Type[0m
[0;32;49m[03-10 07:21:18 ty D][http_client_wrapper.c:51] Sending HTTP POST request to a2.tuyacn.com[0m
[0;32;49m[03-10 07:21:18 ty D][tls_transporter.c:122] tls transporter close socket fd:1[0m
[0;32;49m[03-10 07:21:18 ty D][tcp_transporter.c:200] tcp transporter close socket fd:1[0m
[0;32;49m[03-10 07:21:18 ty D][tls_transporter.c:130] tls transporter close tls handler:0x608ca798[0m
[0;32;49m[03-10 07:21:18 ty D][tuya_tls.c:819] TUYA_TLS Disconnect ENTER[0m
[0;32;49m[03-10 07:21:18 ty D][tuya_tls.c:844] TUYA_TLS Disconnect Success[0m
[0;32;49m[03-10 07:21:18 ty D][tuya_tls.c:511] tuya_tls_connect_destroy.[0m
[0;32;49m[03-10 07:21:18 ty D][atop_base.c:267] result:
{"t":1773127279,"success":false,"errorCode":"NOT_EXISTS","errorMsg":"Product Not exist"}[0m
[0;31;49m[03-10 07:21:18 ty E][atop_base.c:319] errorMsg:Product Not exist[0m
[0;32;49m[03-10 07:21:18 ty D][tuya_app_main.c:153] Tuya Event ID:12(TUYA_EVENT_TIMESTAMP_SYNC)[0m
[0;36;49m[03-10 07:21:18 ty I][tuya_app_main.c:154] Device Free heap 145488[0m
[0;36;49m[03-10 07:21:18 ty I][tuya_app_main.c:212] Sync timestamp:1773127279[0m
[0;31;49m[03-10 07:21:19 ty E][tuya_iot.c:274] activate_response_parse error:-2[0m
[0;32;49m[03-10 07:21:19 ty D][tuya_health.c:75] feed watchdog[0m
[0;32;49m[03-10 07:21:20 ty D][tal_kv.c:270] lfs key not found: uuid372137b7e155c1c5.devid[0m
[0;32;49m[03-10 07:21:20 ty D][atop_service.c:210] POST JSON:{"token":"Ln8n94u7","softVer":"1.0.0","productKey":"xxxxxxxxxxxxxxxx","protocolVer":"2.3","baselineVer":"40.07","options": "{\"otaChannel\":0, \"isFK\":false}","devAttribute":2048,"cadVer":"1.0.3","cdVer":"1.0.0","t":1773127280}[0m
[0;32;49m[03-10 07:21:20 ty D][atop_base.c:417] TUYA_HTTPS_ATOP_URL: /d.json?[0m
[0;32;49m[03-10 07:21:20 ty D][atop_base.c:434] request url len:125: /d.json?a=thing.device.opensdk.active&et=3&t=1773127280&uuid=uuid372137b7e155c1c5&v=1.0&sign=1cdf85a0d2df892a61914349b7a7bb66[0m
[0;32;49m[03-10 07:21:20 ty D][atop_base.c:448] atop_request_data_encode[0m
[0;32;49m[03-10 07:21:20 ty D][atop_base.c:457] out post data len:517, data:data=383864393063316663386530610F21E949E769B32C84E819E43DDD843225FB4D46E3C4AA718A8D1BFE85D1EA344D63C83C8BAAE3CEC0B2A2D395DF58CEB9655DC804443AB8ED2E72FCC474705A1D9C0069167DBF9E23832895D14266C166A2F7D9187DAEE95C4690CB0C6B5D4985858B871D539369F7E31B2111512C614169BF7B4F14E3BA897DD369FE772877BE5A85186BD50C39EDAC908E3FBAF72F1F07E6C6C843B624ACAD2ED292AA619BB0643A2D07C3D7787C037FB0A49511501FCCC29E25A778A16C52B55D05900B5AEE6B68E4C063C61B4A17964D99C5E7416B1585A859432423ACC704B57BD32A5013A0694DE78BD80E1C16A96CFFDDF734615A88[0m
[0;32;49m[03-10 07:21:20 ty D][atop_base.c:469] http request send![0m
tkl_net_socket_create type(0), fd(1)!
[0;32;49m[03-10 07:21:20 ty D][tuya_tls.c:590] TUYA_TLS Begin Connect a2.tuyacn.com:443[0m
[0;32;49m[03-10 07:21:20 ty D][tuya_tls.c:341] mbedtls authmode: MBEDTLS_SSL_VERIFY_REQUIRED[0m
[0;32;49m[03-10 07:21:20 ty D][tuya_tls.c:354] load root ca cert.[0m
[0;32;49m[03-10 07:21:20 ty D][tuya_tls.c:661] socket fd is set. set to inner send/recv to handshake[0m
[0;32;49m[03-10 07:21:20 ty D][tuya_tls.c:323] mbedtls_cert_pkey_free.[0m
[0;32;49m[03-10 07:21:20 ty D][tuya_tls.c:702] handshake finish for a2.tuyacn.com. set send/recv to user set[0m
[0;32;49m[03-10 07:21:20 ty D][tuya_tls.c:708] TUYA_TLS Success Connect a2.tuyacn.com:443 Suit:TLS-ECDHE-RSA-WITH-AES-128-GCM-SHA256[0m
[0;32;49m[03-10 07:21:20 ty D][http_client_wrapper.c:119] tls connencted![0m
[0;32;49m[03-10 07:21:20 ty D][http_client_wrapper.c:147] http request send![0m
[0;32;49m[03-10 07:21:20 ty D][http_client_wrapper.c:40] HTTP header add key=User-Agent[0m
[0;32;49m[03-10 07:21:20 ty D][http_client_wrapper.c:40] HTTP header add key=Content-Type[0m
[0;32;49m[03-10 07:21:20 ty D][http_client_wrapper.c:51] Sending HTTP POST request to a2.tuyacn.com[0m
[0;32;49m[03-10 07:21:20 ty D][tls_transporter.c:122] tls transporter close socket fd:1[0m
[0;32;49m[03-10 07:21:20 ty D][tcp_transporter.c:200] tcp transporter close socket fd:1[0m
[0;32;49m[03-10 07:21:20 ty D][tls_transporter.c:130] tls transporter close tls handler:0x608ca798[0m
[0;32;49m[03-10 07:21:20 ty D][tuya_tls.c:819] TUYA_TLS Disconnect ENTER[0m
[0;32;49m[03-10 07:21:20 ty D][tuya_tls.c:844] TUYA_TLS Disconnect Success[0m
[0;32;49m[03-10 07:21:20 ty D][tuya_tls.c:511] tuya_tls_connect_destroy.[0m
[0;32;49m[03-10 07:21:20 ty D][atop_base.c:267] result:
{"t":1773127280,"success":false,"errorCode":"NOT_EXISTS","errorMsg":"Product Not exist"}[0m
[0;31;49m[03-10 07:21:20 ty E][atop_base.c:319] errorMsg:Product Not exist[0m
[0;32;49m[03-10 07:21:20 ty D][tuya_app_main.c:153] Tuya Event ID:12(TUYA_EVENT_TIMESTAMP_SYNC)[0m
[0;36;49m[03-10 07:21:20 ty I][tuya_app_main.c:154] Device Free heap 145488[0m
[0;36;49m[03-10 07:21:20 ty I][tuya_app_main.c:212] Sync timestamp:1773127280[0m
[0;31;49m[03-10 07:21:20 ty E][tuya_iot.c:274] activate_response_parse error:-2[0m
[0;32;49m[03-10 07:21:21 ty D][tal_kv.c:270] lfs key not found: uuid372137b7e155c1c5.devid[0m
[0;32;49m[03-10 07:21:21 ty D][atop_service.c:210] POST JSON:{"token":"Ln8n94u7","softVer":"1.0.0","productKey":"xxxxxxxxxxxxxxxx","protocolVer":"2.3","baselineVer":"40.07","options": "{\"otaChannel\":0, \"isFK\":false}","devAttribute":2048,"cadVer":"1.0.3","cdVer":"1.0.0","t":1773127281}[0m
[0;32;49m[03-10 07:21:21 ty D][atop_base.c:417] TUYA_HTTPS_ATOP_URL: /d.json?[0m
[0;32;49m[03-10 07:21:21 ty D][atop_base.c:434] request url len:125: /d.json?a=thing.device.opensdk.active&et=3&t=1773127281&uuid=uuid372137b7e155c1c5&v=1.0&sign=4feadf658680d5efa5b809657c52083e[0m
[0;32;49m[03-10 07:21:21 ty D][atop_base.c:448] atop_request_data_encode[0m
[0;32;49m[03-10 07:21:21 ty D][atop_base.c:457] out post data len:517, data:data=356430633532666531336465AEA8A03CC03A906788239EAE5C0582718556BD37D27D8E544A55B8B582AF6445C6269049926E2987D88AAC0923A247C280F3595AFBDE76A2D7409D0603A43A19DA7F3F85E37086E9870FF7162211F0FAD4B004C63F527EE168A3DAE9BEB99691F1B2F86A898C4B68BC29C864225A9F7E0F5300C1D5331AED4C8DDAE8195759E2EF39D136EACB1FFFC5DFB3B565F6A024DB514C14003BFE88E49A2748BDF56A2AF14A6ED702DF52202B1D97CF2E47A306426EF756C212C14D4B8062FD0C8CC35286267E61DD011128F9A58C240C89687AF05CD9109200BC096DBABF0013C88BADAEB4245BDC2119B29C66B275FE368908612FDB4C[0m
[0;32;49m[03-10 07:21:21 ty D][atop_base.c:469] http request send![0m
tkl_net_socket_create type(0), fd(1)!
[0;32;49m[03-10 07:21:21 ty D][tuya_tls.c:590] TUYA_TLS Begin Connect a2.tuyacn.com:443[0m
[0;32;49m[03-10 07:21:21 ty D][tuya_tls.c:341] mbedtls authmode: MBEDTLS_SSL_VERIFY_REQUIRED[0m
[0;32;49m[03-10 07:21:21 ty D][tuya_tls.c:354] load root ca cert.[0m
[0;32;49m[03-10 07:21:21 ty D][tuya_tls.c:661] socket fd is set. set to inner send/recv to handshake[0m
[0;32;49m[03-10 07:21:21 ty D][tuya_tls.c:323] mbedtls_cert_pkey_free.[0m
[0;32;49m[03-10 07:21:21 ty D][tuya_tls.c:702] handshake finish for a2.tuyacn.com. set send/recv to user set[0m
[0;32;49m[03-10 07:21:21 ty D][tuya_tls.c:708] TUYA_TLS Success Connect a2.tuyacn.com:443 Suit:TLS-ECDHE-RSA-WITH-AES-128-GCM-SHA256[0m
[0;32;49m[03-10 07:21:21 ty D][http_client_wrapper.c:119] tls connencted![0m
[0;32;49m[03-10 07:21:21 ty D][http_client_wrapper.c:147] http request send![0m
[0;32;49m[03-10 07:21:21 ty D][http_client_wrapper.c:40] HTTP header add key=User-Agent[0m
[0;32;49m[03-10 07:21:21 ty D][http_client_wrapper.c:40] HTTP header add key=Content-Type[0m
[0;32;49m[03-10 07:21:21 ty D][http_client_wrapper.c:51] Sending HTTP POST request to a2.tuyacn.com[0m
[0;32;49m[03-10 07:21:21 ty D][tls_transporter.c:122] tls transporter close socket fd:1[0m
[0;32;49m[03-10 07:21:21 ty D][tcp_transporter.c:200] tcp transporter close socket fd:1[0m
[0;32;49m[03-10 07:21:21 ty D][tls_transporter.c:130] tls transporter close tls handler:0x608ca798[0m
[0;32;49m[03-10 07:21:21 ty D][tuya_tls.c:819] TUYA_TLS Disconnect ENTER[0m
[0;32;49m[03-10 07:21:21 ty D][tuya_tls.c:844] TUYA_TLS Disconnect Success[0m
[0;32;49m[03-10 07:21:21 ty D][tuya_tls.c:511] tuya_tls_connect_destroy.[0m
[0;32;49m[03-10 07:21:21 ty D][atop_base.c:267] result:
{"t":1773127282,"success":false,"errorCode":"NOT_EXISTS","errorMsg":"Product Not exist"}[0m
[0;31;49m[03-10 07:21:21 ty E][atop_base.c:319] errorMsg:Product Not exist[0m
[0;32;49m[03-10 07:21:21 ty D][tuya_app_main.c:153] Tuya Event ID:12(TUYA_EVENT_TIMESTAMP_SYNC)[0m
[0;36;49m[03-10 07:21:21 ty I][tuya_app_main.c:154] Device Free heap 145488[0m
[0;36;49m[03-10 07:21:21 ty I][tuya_app_main.c:212] Sync timestamp:1773127282[0m
[0;31;49m[03-10 07:21:22 ty E][tuya_iot.c:274] activate_response_parse error:-2[0m
[0;32;49m[03-10 07:21:23 ty D][tal_kv.c:270] lfs key not found: uuid372137b7e155c1c5.devid[0m
[0;32;49m[03-10 07:21:23 ty D][atop_service.c:210] POST JSON:{"token":"Ln8n94u7","softVer":"1.0.0","productKey":"xxxxxxxxxxxxxxxx","protocolVer":"2.3","baselineVer":"40.07","options": "{\"otaChannel\":0, \"isFK\":false}","devAttribute":2048,"cadVer":"1.0.3","cdVer":"1.0.0","t":1773127283}[0m
[0;32;49m[03-10 07:21:23 ty D][atop_base.c:417] TUYA_HTTPS_ATOP_URL: /d.json?[0m
[0;32;49m[03-10 07:21:23 ty D][atop_base.c:434] request url len:125: /d.json?a=thing.device.opensdk.active&et=3&t=1773127283&uuid=uuid372137b7e155c1c5&v=1.0&sign=7c9cc63139186178aeb057c317bd3216[0m
[0;32;49m[03-10 07:21:23 ty D][atop_base.c:448] atop_request_data_encode[0m
[0;32;49m[03-10 07:21:23 ty D][atop_base.c:457] out post data len:517, data:data=316330613234336436323034680DFCF1FA8921E8DDD82B704FCC91231F24235BBD79DE5C624671392DC0CD7E3668369FCD0C7C95CF1E53FFA47B2C375BF12FAE7215EADEFE25A64483CE73AC70413DA0BCEC71F37FA9FBCE410B0D6090C0AD23DB780F2D90808BAF8DBBE3E27FFB40E148C69233C274BE3560D7E063AEDDB5956F5BF22F85AA373BC37E8E7C0E370E6372DB5C103AEC4C5A7E2114166518BFAD7EBD40139E80A9024BF7279019BD5680FAB7FAB40F0B9C46F685327B9B36B7183E32B756F72698B6A2AAACB3917A07EA776FE37CE98EF72EBE4EE3DBDCDB4DBEF585B487A7943DA8439D6662FBAD11CBB625303D0C63F348BA2161C9621E4185[0m
[0;32;49m[03-10 07:21:23 ty D][atop_base.c:469] http request send![0m
tkl_net_socket_create type(0), fd(1)!
[0;32;49m[03-10 07:21:23 ty D][tuya_tls.c:590] TUYA_TLS Begin Connect a2.tuyacn.com:443[0m
[0;32;49m[03-10 07:21:23 ty D][tuya_tls.c:341] mbedtls authmode: MBEDTLS_SSL_VERIFY_REQUIRED[0m
[0;32;49m[03-10 07:21:23 ty D][tuya_tls.c:354] load root ca cert.[0m
[0;32;49m[03-10 07:21:23 ty D][tuya_tls.c:661] socket fd is set. set to inner send/recv to handshake[0m
[0;32;49m[03-10 07:21:23 ty D][tuya_tls.c:323] mbedtls_cert_pkey_free.[0m
[0;32;49m[03-10 07:21:23 ty D][tuya_tls.c:702] handshake finish for a2.tuyacn.com. set send/recv to user set[0m
[0;32;49m[03-10 07:21:23 ty D][tuya_tls.c:708] TUYA_TLS Success Connect a2.tuyacn.com:443 Suit:TLS-ECDHE-RSA-WITH-AES-128-GCM-SHA256[0m
[0;32;49m[03-10 07:21:23 ty D][http_client_wrapper.c:119] tls connencted![0m
[0;32;49m[03-10 07:21:23 ty D][http_client_wrapper.c:147] http request send![0m
[0;32;49m[03-10 07:21:23 ty D][http_client_wrapper.c:40] HTTP header add key=User-Agent[0m
[0;32;49m[03-10 07:21:23 ty D][http_client_wrapper.c:40] HTTP header add key=Content-Type[0m
[0;32;49m[03-10 07:21:23 ty D][http_client_wrapper.c:51] Sending HTTP POST request to a2.tuyacn.com[0m
[0;32;49m[03-10 07:21:24 ty D][tls_transporter.c:122] tls transporter close socket fd:1[0m
[0;32;49m[03-10 07:21:24 ty D][tcp_transporter.c:200] tcp transporter close socket fd:1[0m
[0;32;49m[03-10 07:21:24 ty D][tls_transporter.c:130] tls transporter close tls handler:0x608ca798[0m
[0;32;49m[03-10 07:21:24 ty D][tuya_tls.c:819] TUYA_TLS Disconnect ENTER[0m
[0;32;49m[03-10 07:21:24 ty D][tuya_tls.c:844] TUYA_TLS Disconnect Success[0m
[0;32;49m[03-10 07:21:24 ty D][tuya_tls.c:511] tuya_tls_connect_destroy.[0m
[0;32;49m[03-10 07:21:24 ty D][atop_base.c:267] result:
{"t":1773127285,"success":false,"errorCode":"NOT_EXISTS","errorMsg":"Product Not exist"}[0m
[0;31;49m[03-10 07:21:24 ty E][atop_base.c:319] errorMsg:Product Not exist[0m
[0;32;49m[03-10 07:21:24 ty D][tuya_app_main.c:153] Tuya Event ID:12(TUYA_EVENT_TIMESTAMP_SYNC)[0m
[0;36;49m[03-10 07:21:24 ty I][tuya_app_main.c:154] Device Free heap 145488[0m
[0;36;49m[03-10 07:21:24 ty I][tuya_app_main.c:212] Sync timestamp:1773127285[0m
[0;31;49m[03-10 07:21:25 ty E][tuya_iot.c:274] activate_response_parse error:-2[0m
[0;36;49m[03-10 07:21:25 ty I][ducky_claw_chat.c:52] Free heap size:146736, Free psram heap size:7408712[0m
[0;32;49m[03-10 07:21:26 ty D][tal_kv.c:270] lfs key not found: uuid372137b7e155c1c5.devid[0m
[0;32;49m[03-10 07:21:26 ty D][atop_service.c:210] POST JSON:{"token":"Ln8n94u7","softVer":"1.0.0","productKey":"xxxxxxxxxxxxxxxx","protocolVer":"2.3","baselineVer":"40.07","options": "{\"otaChannel\":0, \"isFK\":false}","devAttribute":2048,"cadVer":"1.0.3","cdVer":"1.0.0","t":1773127286}[0m
[0;32;49m[03-10 07:21:26 ty D][atop_base.c:417] TUYA_HTTPS_ATOP_URL: /d.json?[0m
[0;32;49m[03-10 07:21:26 ty D][atop_base.c:434] request url len:125: /d.json?a=thing.device.opensdk.active&et=3&t=1773127286&uuid=uuid372137b7e155c1c5&v=1.0&sign=f61348a1f97570ea372306883fedc5a4[0m
[0;32;49m[03-10 07:21:26 ty D][atop_base.c:448] atop_request_data_encode[0m
[0;32;49m[03-10 07:21:26 ty D][atop_base.c:457] out post data len:517, data:data=36636238643535616333613044D4E01E6D78EF2CA66D06C390D9B754EF87C3548E48D58E2021696AF97D243D0E5BD754E8F388F94275A13E5D1E6F44615A52A5CC10BC846CCCEE48F9C27A361EAA870B6EE07F066A76DCBFCB88C2FDDEC3E71ECD3D3EE9C60DEE255365E3288635126A6ED6CC22C8A8BC1F5B476BCAED8E52AD27B0A995FD42812566176C42A345AF50C994226865E42E142E69196F26E4AE2EC10590D82B1122503840BAA40CC8089E67972B9D4D2A1A7B73A2816D53D29DDF6A8E5D25766E0EC20F6E399E408F92F1FC95BC899BFBCD18AE9AF27763BC003819C0FC363D942D73BC9A69435915E157F31E5055E7023F2428C95DA0F33A8D15[0m
[0;32;49m[03-10 07:21:26 ty D][atop_base.c:469] http request send![0m
tkl_net_socket_create type(0), fd(1)!
[0;32;49m[03-10 07:21:26 ty D][tuya_tls.c:590] TUYA_TLS Begin Connect a2.tuyacn.com:443[0m
[0;32;49m[03-10 07:21:26 ty D][tuya_tls.c:341] mbedtls authmode: MBEDTLS_SSL_VERIFY_REQUIRED[0m
[0;32;49m[03-10 07:21:26 ty D][tuya_tls.c:354] load root ca cert.[0m
[0;32;49m[03-10 07:21:26 ty D][tuya_tls.c:661] socket fd is set. set to inner send/recv to handshake[0m
[0;32;49m[03-10 07:21:26 ty D][tuya_tls.c:323] mbedtls_cert_pkey_free.[0m
[0;32;49m[03-10 07:21:26 ty D][tuya_tls.c:702] handshake finish for a2.tuyacn.com. set send/recv to user set[0m
[0;32;49m[03-10 07:21:26 ty D][tuya_tls.c:708] TUYA_TLS Success Connect a2.tuyacn.com:443 Suit:TLS-ECDHE-RSA-WITH-AES-128-GCM-SHA256[0m
[0;32;49m[03-10 07:21:26 ty D][http_client_wrapper.c:119] tls connencted![0m
[0;32;49m[03-10 07:21:26 ty D][http_client_wrapper.c:147] http request send![0m
[0;32;49m[03-10 07:21:26 ty D][http_client_wrapper.c:40] HTTP header add key=User-Agent[0m
[0;32;49m[03-10 07:21:26 ty D][http_client_wrapper.c:40] HTTP header add key=Content-Type[0m
[0;32;49m[03-10 07:21:26 ty D][http_client_wrapper.c:51] Sending HTTP POST request to a2.tuyacn.com[0m
[0;32;49m[03-10 07:21:26 ty D][tls_transporter.c:122] tls transporter close socket fd:1[0m
[0;32;49m[03-10 07:21:26 ty D][tcp_transporter.c:200] tcp transporter close socket fd:1[0m
[0;32;49m[03-10 07:21:26 ty D][tls_transporter.c:130] tls transporter close tls handler:0x608ca798[0m
[0;32;49m[03-10 07:21:26 ty D][tuya_tls.c:819] TUYA_TLS Disconnect ENTER[0m
[0;32;49m[03-10 07:21:26 ty D][tuya_tls.c:844] TUYA_TLS Disconnect Success[0m
[0;32;49m[03-10 07:21:26 ty D][tuya_tls.c:511] tuya_tls_connect_destroy.[0m
[0;32;49m[03-10 07:21:26 ty D][atop_base.c:267] result:
{"t":1773127286,"success":false,"errorCode":"NOT_EXISTS","errorMsg":"Product Not exist"}[0m
[0;31;49m[03-10 07:21:26 ty E][atop_base.c:319] errorMsg:Product Not exist[0m
[0;32;49m[03-10 07:21:26 ty D][tuya_app_main.c:153] Tuya Event ID:12(TUYA_EVENT_TIMESTAMP_SYNC)[0m
[0;36;49m[03-10 07:21:26 ty I][tuya_app_main.c:154] Device Free heap 145488[0m
[0;36;49m[03-10 07:21:26 ty I][tuya_app_main.c:212] Sync timestamp:1773127286[0m
[0;31;49m[03-10 07:21:26 ty E][tuya_iot.c:274] activate_response_parse error:-2[0m
[0;32;49m[03-10 07:21:27 ty D][tal_kv.c:270] lfs key not found: uuid372137b7e155c1c5.devid[0m
[0;32;49m[03-10 07:21:27 ty D][atop_service.c:210] POST JSON:{"token":"Ln8n94u7","softVer":"1.0.0","productKey":"xxxxxxxxxxxxxxxx","protocolVer":"2.3","baselineVer":"40.07","options": "{\"otaChannel\":0, \"isFK\":false}","devAttribute":2048,"cadVer":"1.0.3","cdVer":"1.0.0","t":1773127287}[0m
[0;32;49m[03-10 07:21:27 ty D][atop_base.c:417] TUYA_HTTPS_ATOP_URL: /d.json?[0m
[0;32;49m[03-10 07:21:27 ty D][atop_base.c:434] request url len:125: /d.json?a=thing.device.opensdk.active&et=3&t=1773127287&uuid=uuid372137b7e155c1c5&v=1.0&sign=962cf82464863ac0fdfcb5329a3ecaf9[0m
[0;32;49m[03-10 07:21:27 ty D][atop_base.c:448] atop_request_data_encode[0m
[0;32;49m[03-10 07:21:27 ty D][atop_base.c:457] out post data len:517, data:data=3138393538623039386161364B27E32ABDD4EDF3882ED754992519EC75F17CDCFC41255FBB4EF86574667118DE3540C68894C5989D6ACF47ADE72AA38804E15173B5D6B11852C7E886B13D93C4A996D222B6B6C2551712620B3B53A5FE5717A48160B25F2E7F333C9D38BD9E2CC81AD262ACD5201F1A915A33D88B2CE73B886C55C76BAD69D63347AD109CB3127E135DD90EFD3DBBB177AB66CB8494F6CE5842C2BF62B43130C93A6930DB7ECD8C798C62CD89ABB0388C75D86109288E79F0605E652D7F42054DDC95B4455CF8BBA6008351A855B6EB843895F163DBD081ED2ECDFC9D054BFB3F6FA88FC6AF8A0331591A88F3097C64BC6DA0FC851D88CC3C05[0m
[0;32;49m[03-10 07:21:27 ty D][atop_base.c:469] http request send![0m
tkl_net_socket_create type(0), fd(1)!
[0;32;49m[03-10 07:21:27 ty D][tuya_tls.c:590] TUYA_TLS Begin Connect a2.tuyacn.com:443[0m
[0;32;49m[03-10 07:21:27 ty D][tuya_tls.c:341] mbedtls authmode: MBEDTLS_SSL_VERIFY_REQUIRED[0m
[0;32;49m[03-10 07:21:27 ty D][tuya_tls.c:354] load root ca cert.[0m
[0;32;49m[03-10 07:21:27 ty D][tuya_tls.c:661] socket fd is set. set to inner send/recv to handshake[0m
[0;32;49m[03-10 07:21:27 ty D][ble_mgr.c:226] ble recv sub_pkg desc:3, no:1, pack_len:33, total_len:33[0m
[0;34;49m[03-10 07:21:27 ty N][ble_mgr.c:316] ble sn:5 recv sn 4[0m
[0;32;49m[03-10 07:21:27 ty D][ble_mgr.c:984] ble recv req type 0x0005[0m
[0;36;49m[03-10 07:21:27 ty I][tkl_bluetooth.c:200] send notify ok[0m
[0;32;49m[03-10 07:21:27 ty D][ble_mgr.c:600] ble resp finish. len:33, rt:0x0[0m
[0;32;49m[03-10 07:21:27 ty D][tuya_app_main.c:153] Tuya Event ID:0(TUYA_EVENT_RESET)[0m
[0;36;49m[03-10 07:21:27 ty I][tuya_app_main.c:154] Device Free heap 145568[0m
[0;36;49m[03-10 07:21:27 ty I][tuya_app_main.c:218] Device Reset:0[0m
[0;36;49m[03-10 07:21:27 ty I][ble_gap.c:5121] ble_gap_terminate:
[0m
[0;36;49m[03-10 07:21:27 ty I][ble_gap.c:5097] GAP procedure initiated: terminate connection; conn_handle=1 hci_reason=13
[0m
[0;36;49m[03-10 07:21:27 ty I][tkl_bluetooth.c:216] BLE_GAP_EVENT_SUBSCRIBE[0m
[0;34;49m[03-10 07:21:27 ty N][tkl_bluetooth.c:158] BLE_GAP_EVENT_DISCONNECT(0x216)
[0m
[0;36;49m[03-10 07:21:27 ty I][ble_gap.c:2248] GAP init: stop adv[0m
[0;36;49m[03-10 07:21:27 ty I][ble_hs.c:433] ble_hs_timer reset:0 [0m
[0;34;49m[03-10 07:21:27 ty N][ble_gap.c:2509] Start Adv[0m
[0;34;49m[03-10 07:21:27 ty N][ble_mgr.c:366] ble adv updated 0[0m
[0;34;49m[03-10 07:21:27 ty N][ble_mgr.c:965] Ble Disonnected[0m
[0;36;49m[03-10 07:21:27 ty I][ble_hs.c:393] ble_hs_timer_exp:[0m
[0;32;49m[03-10 07:21:27 ty D][tuya_tls.c:323] mbedtls_cert_pkey_free.[0m
[0;32;49m[03-10 07:21:27 ty D][tuya_tls.c:702] handshake finish for a2.tuyacn.com. set send/recv to user set[0m
[0;32;49m[03-10 07:21:27 ty D][tuya_tls.c:708] TUYA_TLS Success Connect a2.tuyacn.com:443 Suit:TLS-ECDHE-RSA-WITH-AES-128-GCM-SHA256[0m
[0;32;49m[03-10 07:21:27 ty D][http_client_wrapper.c:119] tls connencted![0m
[0;32;49m[03-10 07:21:27 ty D][http_client_wrapper.c:147] http request send![0m
[0;32;49m[03-10 07:21:27 ty D][http_client_wrapper.c:40] HTTP header add key=User-Agent[0m
[0;32;49m[03-10 07:21:27 ty D][http_client_wrapper.c:40] HTTP header add key=Content-Type[0m
[0;32;49m[03-10 07:21:27 ty D][http_client_wrapper.c:51] Sending HTTP POST request to a2.tuyacn.com[0m
[0;32;49m[03-10 07:21:28 ty D][tls_transporter.c:122] tls transporter close socket fd:1[0m
[0;32;49m[03-10 07:21:28 ty D][tcp_transporter.c:200] tcp transporter close socket fd:1[0m
[0;32;49m[03-10 07:21:28 ty D][tls_transporter.c:130] tls transporter close tls handler:0x608ca798[0m
[0;32;49m[03-10 07:21:28 ty D][tuya_tls.c:819] TUYA_TLS Disconnect ENTER[0m
[0;32;49m[03-10 07:21:28 ty D][tuya_tls.c:844] TUYA_TLS Disconnect Success[0m
[0;32;49m[03-10 07:21:28 ty D][tuya_tls.c:511] tuya_tls_connect_destroy.[0m
[0;32;49m[03-10 07:21:28 ty D][atop_base.c:267] result:
{"t":1773127288,"success":false,"errorCode":"NOT_EXISTS","errorMsg":"Product Not exist"}[0m
[0;31;49m[03-10 07:21:28 ty E][atop_base.c:319] errorMsg:Product Not exist[0m
[0;32;49m[03-10 07:21:28 ty D][tuya_app_main.c:153] Tuya Event ID:12(TUYA_EVENT_TIMESTAMP_SYNC)[0m
[0;36;49m[03-10 07:21:28 ty I][tuya_app_main.c:154] Device Free heap 145488[0m
[0;36;49m[03-10 07:21:28 ty I][tuya_app_main.c:212] Sync timestamp:1773127288[0m
[0;31;49m[03-10 07:21:28 ty E][tuya_iot.c:274] activate_response_parse error:-2[0m
[0;33;49m[03-10 07:21:29 ty W][tuya_iot.c:529] CLIENT RESET...[0m
[0;32;49m[03-10 07:21:29 ty D][tal_kv.c:202] key:uuid372137b7e155c1c5.devid, len 0[0m
[0;32;49m[03-10 07:21:29 ty D][netconn_wifi.c:306] __wifi_reset_event_cb[0m
station disconnect ap
sta ip down
wifid:I(225286):[KW:]mm_set_vif_state,vif=0,vif_type=0,is_active=0, aid=0x0,rssi=-52
wifid:I(225286):sta_del_req 0
W(225288):cif_bk_send_event
wifid:I(225289):[KW:]mm_remove_if: vif0
[0;31;49m[03-10 07:21:29 ty E][tal_event.c:173] ret:-1[0m
[0;31;49m[03-10 07:21:29 ty E][tal_event.c:390] ret:-1[0m
[0;33;49m[03-10 07:21:29 ty W][tuya_iot.c:1102] Activated data remove...[0m
[0;33;49m[03-10 07:21:29 ty W][tuya_iot.c:522] CLIENT RESTART![0m
[0;32;49m[03-10 07:21:29 ty D][tuya_iot.c:875] STATE_START[0m
[0;36;49m[03-10 07:21:29 ty I][tuya_iot.c:895] Activation data read fail, go activation mode...[0m
[0;32;49m[03-10 07:21:29 ty D][tuya_app_main.c:153] Tuya Event ID:1(TUYA_EVENT_BIND_START)[0m
[0;36;49m[03-10 07:21:29 ty I][tuya_app_main.c:154] Device Free heap 146552[0m
[0;36;49m[03-10 07:21:29 ty I][tuya_app_main.c:158] Device Bind Start![0m
[0;36;49m[03-10 07:21:29 ty I][tuya_app_main.c:160] Device Reset![0m
ap request reset
_wifi_event_cb 3
RW_EVT_STA_CONNECT_FAILED 3
__notify_wifi_event report event: 1
[0;32;49m[03-10 07:21:29 ty D][netmgr.c:213] netmgr conn status changed [link_up] --> [link_down][0m
u_bootloader enter
ty heap base: 28000A00 size: 65280
__read_manage_block: mag->blockid=255, id=0, mag->state=255.
__read_manage_block: mag->magic=0xFFFFFFFF, rescrc=0x0, mag->crc32=0xFFFFFFFF.
__read_manage_block: mag->blockid=255, id=1, mag->state=255.
__read_manage_block: mag->magic=0xFFFFFFFF, rescrc=0x0, mag->crc32=0xFFFFFFFF.
_judge_ota_info checkerr0:1, checkerr1:1
jump toxx:0x2010000
jump toxx:0x2010000sensor:W(3):uncali sdmadc value:[0 0]
flash txpwr table:0xf
xtal_cali:60
rwnx_cal_set_rfconfig(0x101) phy on; rf off
-------- co-procresser startup, left heap: 34144, reset reason: 1
cust:W(105):custstart cp1
ret_code444444444=0
wakeup
wdrv_tx_cmd_buffer_init, addr[0]=0x2801358c, pattern_addr=0x28013588
$wdrv_tx_cmd_buffer_init, addr[1]=0x280138ac, pattern_addr=0x280138a8
wakeup
wdrv_tx_cmd_buffer_init, addr[2]=0x28013bcc, pattern_addr=0x28013bc8
W(266):cif_handle_bk_cmd_get_mac_addr_req
W(266):base mac: 3c:0b:59:74:a4:78
bluetoot:W(269):bk_bluetooth_init bluetooth already initialised
-------- app startup, left heap: 195152, reset reason: 0
parameter: 0xffffffff, 0xffffffff
go to tuya
[0;34;49m[01-01 00:00:00 ty N][tuya_app_main.c:288] Application information:[0m
[0;34;49m[01-01 00:00:00 ty N][tuya_app_main.c:289] Project name:        DuckyClaw[0m
[0;34;49m[01-01 00:00:00 ty N][tuya_app_main.c:290] App version:         1.0.0[0m
[0;34;49m[01-01 00:00:00 ty N][tuya_app_main.c:291] Compile time:        Mar 10 2026[0m
[0;34;49m[01-01 00:00:00 ty N][tuya_app_main.c:292] TuyaOpen version:    v1.6.0[0m
[0;34;49m[01-01 00:00:00 ty N][tuya_app_main.c:293] TuyaOpen commit-id:  7c72672fbba55de04456ee2287c5cd448a946fdb[0m
[0;34;49m[01-01 00:00:00 ty N][tuya_app_main.c:294] Platform chip:       T5AI[0m
[0;34;49m[01-01 00:00:00 ty N][tuya_app_main.c:295] Platform board:      TUYA_T5AI_BOARD[0m
[0;34;49m[01-01 00:00:00 ty N][tuya_app_main.c:296] Platform commit-id:  0353cd0a2eeda903738f5daa74384affaeb9da65[0m
[0;32;49m[01-01 00:00:00 ty D][tal_thread.c:245] Thread:sys_timer Exec Start. Set to Running Stat[0m
[0;36;49m[01-01 00:00:00 ty I][tal_thread.c:226] thread_create name:sys_timer,stackDepth:4096,totalstackDepth:8192,priority:5[0m
[0;36;49m[01-01 00:00:00 ty I][tal_thread.c:226] thread_create name:wq_system,stackDepth:6144,totalstackDepth:14336,priority:3[0m
[0;32;49m[01-01 00:00:00 ty D][tal_thread.c:245] Thread:wq_system Exec Start. Set to Running Stat[0m
[0;36;49m[01-01 00:00:00 ty I][tal_thread.c:226] thread_create name:wq_highpri,stackDepth:5120,totalstackDepth:19456,priority:4[0m
[0;32;49m[01-01 00:00:00 ty D][tal_thread.c:245] Thread:wq_highpri Exec Start. Set to Running Stat[0m
[0;36;49m[01-01 00:00:00 ty I][tal_thread.c:226] thread_create name:cli,stackDepth:3072,totalstackDepth:22528,priority:2[0m
[0;36;49m[01-01 00:00:00 ty I][serial_cli.c:307] [im.cli] IM serial cli initialized, cmds=12[0m
[0;32;49m[01-01 00:00:00 ty D][tal_thread.c:245] Thread:cli Exec Start. Set to Running Stat[0m
[0;32;49m[01-01 00:00:00 ty D][tal_kv.c:286] key:rst_cnt, len:16[0m
[0;32;49m[01-01 00:00:00 ty D][reset_netcfg.c:50] reset count is 0[0m
[0;32;49m[01-01 00:00:00 ty D][reset_netcfg.c:62] reset count write 1[0m
[0;32;49m[01-01 00:00:00 ty D][tal_kv.c:202] key:rst_cnt, len 1[0m
[0;32;49m[01-01 00:00:00 ty D][reset_netcfg.c:105] start reset cnt clear timer!!!!![0m
[0;32;49m[01-01 00:00:00 ty D][tal_kv.c:286] key:UUID_TUYAOPEN, len:32[0m
[0;32;49m[01-01 00:00:00 ty D][tal_kv.c:286] key:AUTHKEY_TUYAOPEN, len:48[0m
[0;36;49m[01-01 00:00:00 ty I][tuya_authorize.c:121] Authorization read succeeds.[0m
[0;36;49m[01-01 00:00:00 ty I][tuya_iot.c:566] tuya_iot_init[0m
[0;32;49m[01-01 00:00:00 ty D][tal_kv.c:286] key:tuya_seed, len:80[0m
[0;32;49m[01-01 00:00:00 ty D][tal_kv.c:202] key:tuya_seed, len 64[0m
[0;32;49m[01-01 00:00:00 ty D][tal_kv.c:286] key:tuya_seed, len:80[0m
[0;34;49m[01-01 00:00:00 ty N][tuya_tls.c:436] tuya_tls_init ok![0m
[0;32;49m[01-01 00:00:00 ty D][tal_kv.c:286] key:rcs.active, len:624[0m
[0;32;49m[01-01 00:00:00 ty D][tal_kv.c:286] key:region, len:16[0m
[0;32;49m[01-01 00:00:00 ty D][tal_kv.c:286] key:regist_key, len:16[0m
[0;36;49m[01-01 00:00:00 ty I][tuya_endpoint.c:272] endpoint_mgr.region:AY[0m
[0;36;49m[01-01 00:00:00 ty I][tuya_endpoint.c:273] endpoint_mgr.regist_key:1oKl[0m
[0;32;49m[01-01 00:00:00 ty D][tal_kv.c:270] lfs key not found: uuid372137b7e155c1c5[0m
[0;33;49m[01-01 00:00:00 ty W][tuya_iot.c:152] activate config not found:-2[0m
[0;32;49m[01-01 00:00:00 ty D][tuya_health.c:134] add new node,type:0[0m
[0;32;49m[01-01 00:00:00 ty D][tuya_health.c:134] add new node,type:1[0m
[0;32;49m[01-01 00:00:00 ty D][tuya_health.c:134] add new node,type:2[0m
[0;32;49m[01-01 00:00:00 ty D][tuya_health.c:134] add new node,type:3[0m
[0;32;49m[01-01 00:00:00 ty D][tuya_health.c:134] add new node,type:4[0m
[0;32;49m[01-01 00:00:00 ty D][tuya_health.c:134] add new node,type:5[0m
[0;32;49m[01-01 00:00:00 ty D][tuya_health.c:134] add new node,type:6[0m
[0;32;49m[01-01 00:00:00 ty D][tuya_health.c:134] add new node,type:7[0m
[0;32;49m[01-01 00:00:00 ty D][tuya_health.c:62] init watchdog, interval: 60[0m
tkl_watchdog_init interval_ms(30000)!
[0;32;49m[01-01 00:00:00 ty D][tuya_health.c:204] update type:7,period:10[0m
[0;32;49m[01-01 00:00:00 ty D][tuya_health.c:495] watch_dog_interval:60, monitor_detect_interval:600[0m
[0;32;49m[01-01 00:00:00 ty D][tal_thread.c:245] Thread:health_monitor Exec Start. Set to Running Stat[0m
[0;36;49m[01-01 00:00:00 ty I][tal_thread.c:226] thread_create name:health_monitor,stackDepth:2048,totalstackDepth:24576,priority:5[0m
[0;32;49m[01-01 00:00:00 ty D][netmgr.c:253] netmgr [wifi] register start[0m
[0;32;49m[01-01 00:00:00 ty D][netmgr.c:259] netmgr [wifi] is the first connection[0m
tkl_wifi_init
[0;32;49m[01-01 00:00:00 ty D][tuya_ble_mbuf.c:248] DYNA INIT 280,264,8,16[0m
[0;32;49m[01-01 00:00:00 ty D][tuya_ble_mbuf.c:248] DYNA INIT 292,276,8,16[0m
[0;32;49m[01-01 00:00:00 ty D][tal_thread.c:245] Thread:host_main_threa Exec Start. Set to Running Stat[0m
[0;36;49m[01-01 00:00:00 ty I][tal_thread.c:226] thread_create name:host_main_thread_hdl,stackDepth:4096,totalstackDepth:28672,priority:9[0m
[0;32;49m[01-01 00:00:00 ty D][ble_hs.c:551] ble host stage 2 start
[0m
[0;32;49m[01-01 00:00:00 ty D][ble_hs_startup.c:316] BLE HCI Version = 11[0m
[0;36;49m[01-01 00:00:00 ty I][ble_hs_startup.c:145] le acl buf sz = 251,max buf = 13
[0m
[0;36;49m[01-01 00:00:00 ty I][ble_hs_hci.c:114] acl buf sz = 251, max pkt = 13, avail pkt = 13
[0m
[0;36;49m[01-01 00:00:00 ty I][ble_hs.c:433] ble_hs_timer reset:100 [0m
[0;36;49m[01-01 00:00:00 ty I][tkl_bluetooth.c:465] Stack sync[0m
[0;36;49m[01-01 00:00:00 ty I][tkl_bluetooth.c:452] Init/Deinit Event[0m
[0;34;49m[01-01 00:00:00 ty N][ble_mgr.c:1128] tuya ble init success finish[0m
[0;32;49m[01-01 00:00:00 ty D][netmgr.c:383] netmgr conn wifi set 6[0m
[0;32;49m[01-01 00:00:00 ty D][tuya_app_main.c:348] tuya_iot_init success[0m
[0;36;49m[01-01 00:00:00 ty I][ble_gap.c:2248] GAP init: stop adv[0m
[0;32;49m[01-01 00:00:00 ty D][tdd_button_gpio.c:206] tdd_gpio_button_register succ[0m
[0;34;49m[01-01 00:00:00 ty N][tdd_display_rgb.c:280] clk:15000000[0m
[0;32;49m[01-01 00:00:00 ty D][ai_manage_mode.c:84] ai chat mode register mode 0 success[0m
[0;32;49m[01-01 00:00:00 ty D][ai_manage_mode.c:84] ai chat mode register mode 1 success[0m
[0;32;49m[01-01 00:00:00 ty D][ai_manage_mode.c:84] ai chat mode register mode 2 success[0m
[0;32;49m[01-01 00:00:00 ty D][ai_manage_mode.c:84] ai chat mode register mode 3 success[0m
[0;36;49m[01-01 00:00:00 ty I][tal_thread.c:226] thread_create name:ai_ui,stackDepth:4096,totalstackDepth:32768,priority:3[0m
[0;32;49m[01-01 00:00:00 ty D][tal_thread.c:245] Thread:ai_ui Exec Start. Set to Running Stat[0m
[0;36;49m[01-01 00:00:00 ty I][tal_thread.c:226] thread_create name:rgb_task,stackDepth:4096,totalstackDepth:36864,priority:4[0m
[0;32;49m[01-01 00:00:00 ty D][tal_thread.c:245] Thread:rgb_task Exec Start. Set to Running Stat[0m
[0;36;49m[01-01 00:00:00 ty I][ble_hs.c:433] ble_hs_timer reset:0 [0m
[0;34;49m[01-01 00:00:00 ty N][ble_gap.c:2509] Start Adv[0m
[0;34;49m[01-01 00:00:00 ty N][ble_mgr.c:366] ble adv updated 0[0m
[0;36;49m[01-01 00:00:00 ty I][ble_hs.c:393] ble_hs_timer_exp:[0m
[0;34;49m[01-01 00:00:00 ty N][tdd_display_rgb.c:202] clk:15000000[0m
[0;34;49m[01-01 00:00:00 ty N][lv_port_disp.c:340] pixel_fmt:0[0m
[0;34;49m[01-01 00:00:00 ty N][lv_port_disp.c:433] lv_color_format:18[0m
[0;34;49m[01-01 00:00:00 ty N][lv_port_disp.c:459] rotation:0[0m
check i2c pin whether used by other function.
[0;32;49m[01-01 00:00:00 ty D][tdd_tp_gt1151.c:60] Tp Product id: 0xffffff37
[0m
[0;34;49m[01-01 00:00:00 ty N][lv_vendor.c:119] lv_vendor_start complete
[0m
lcd_driver_ppi_set, offset 1, -589505316
tkl_rgb_ppi_set : width 320, height  480
tkl_rgb_pixel_mode_set : mode 0, bk_mode  21
[0;32;49m[01-01 00:00:00 ty D][ai_ui_manage.c:224] ai chat ui init success[0m
[0;32;49m[01-01 00:00:00 ty D][tal_kv.c:286] key:ty_ai_chat_par, len:32[0m
[0;32;49m[01-01 00:00:00 ty D][ai_chat_main.c:108] read ai_toy config: {"volume": 30, "chat_mode":2}[0m
[0;32;49m[01-01 00:00:00 ty D][ai_audio_input.c:323] sample 16000, databits 16, channel 1[0m
[0;32;49m[01-01 00:00:00 ty D][ai_audio_input.c:226] recorder vad mode 0[0m
[0;32;49m[01-01 00:00:00 ty D][ai_audio_input.c:227] recorder total ms 16001, slice ms 80, vad active 200 ms, vad off timeout 1000[0m
--- audio trace, init, sample: 16000, frame size: 640
audio init complete, sample: 16000
[aec_alg] aec frame samp cnt:320, frame_size:640
[0;34;49m[01-01 00:00:00 ty N][ai_audio_input.c:243] audio input -> start! mode is 0, task is (nil)[0m
[0;36;49m[01-01 00:00:00 ty I][tal_thread.c:226] thread_create name:record_task,stackDepth:2560,totalstackDepth:39424,priority:0[0m
[0;36;49m[01-01 00:00:00 ty I][tal_thread.c:226] thread_create name:ai_player,stackDepth:5120,totalstackDepth:44544,priority:4[0m
[0;32;49m[01-01 00:00:00 ty D][tal_thread.c:245] Thread:ai_player Exec Start. Set to Running Stat[0m
[0;32;49m[01-01 00:00:00 ty D][ai_audio_player.c:501] audio player -> set volume 30[0m
[0;36;49m[01-01 00:00:00 ty I][tal_thread.c:226] thread_create name:ai_chat_mode,stackDepth:3072,totalstackDepth:47616,priority:0[0m
[0;36;49m[01-01 00:00:00 ty I][tal_thread.c:226] thread_create name:button_irq,stackDepth:4096,totalstackDepth:51712,priority:4[0m
[0;32;49m[01-01 00:00:00 ty D][tdl_button_manage.c:1035] button_irq task stack size:4096[0m
[0;32;49m[01-01 00:00:00 ty D][tdl_button_manage.c:690] tdl_button_create succ[0m
[0;32;49m[01-01 00:00:00 ty D][tal_thread.c:245] Thread:button_irq Exec Start. Set to Running Stat[0m
[0;34;49m[01-01 00:00:00 ty N][tdl_button_manage.c:941] semaphore wait[0m
[0;32;49m[01-01 00:00:00 ty D][ai_chat_main.c:441] ai chat mode init mode 2 success[0m
[0;36;49m[01-01 00:00:00 ty I][app_im.c:149] app im wait network...[0m
tkl_net_socket_create type(0), fd(0)!
[0;36;49m[01-01 00:00:00 ty I][tal_thread.c:226] thread_create name:claw_ws,stackDepth:10240,totalstackDepth:61952,priority:4[0m
[0;36;49m[01-01 00:00:00 ty I][ws_server.c:717] ws server started port=18789[0m
[0;32;49m[01-01 00:00:00 ty D][tal_thread.c:245] Thread:claw_ws Exec Start. Set to Running Stat[0m
[0;36;49m[01-01 00:00:00 ty I][ws_server.c:551] ws server task started[0m
[0;32;49m[01-01 00:00:00 ty D][tools_register.c:88] DuckyClaw MCP tools registered successfully[0m
[0;32;49m[01-01 00:00:00 ty D][agent_loop.c:206] Agent loop initialized[0m
[0;36;49m[01-01 00:00:00 ty I][tal_thread.c:226] thread_create name:agent_loop,stackDepth:24576,totalstackDepth:86528,priority:4[0m
-- wifi lp set enable: 0, dtim:0
wifi:E(1323):set listen_int 0,the recommended value is 1,3,10
[0;32;49m[01-01 00:00:00 ty D][tal_thread.c:245] Thread:agent_loop Exec Start. Set to Running Stat[0m
[0;32;49m[01-01 00:00:00 ty D][agent_loop.c:95] Agent loop task started[0m
[0;32;49m[01-01 00:00:00 ty D][tal_kv.c:286] key:rst_cnt, len:16[0m
[0;32;49m[01-01 00:00:00 ty D][reset_netcfg.c:50] reset count is 1[0m
[0;32;49m[01-01 00:00:00 ty D][tuya_iot.c:875] STATE_START[0m
[0;36;49m[01-01 00:00:00 ty I][tuya_iot.c:895] Activation data read fail, go activation mode...[0m
[0;32;49m[01-01 00:00:00 ty D][tuya_app_main.c:153] Tuya Event ID:1(TUYA_EVENT_BIND_START)[0m
[0;36;49m[01-01 00:00:00 ty I][tuya_app_main.c:154] Device Free heap 148096[0m
[0;36;49m[01-01 00:00:00 ty I][tuya_app_main.c:158] Device Bind Start![0m
[0;34;49m[01-01 00:00:00 ty N][ai_audio_player.c:473] audio player -> play alert type=2[0m
[0;34;49m[01-01 00:00:00 ty N][ai_audio_player.c:355] audio player -> player tts mem data len 13760[0m
[0;32;49m[01-01 00:00:00 ty D][svc_ai_player.c:492] ai player FG cmd START[0m
[0;32;49m[01-01 00:00:00 ty D][svc_ai_player.c:105] start player FG value=null[0m
[0;32;49m[01-01 00:00:00 ty D][ai_audio_player.c:156] audio player -> player tts event: 1[0m
[0;32;49m[01-01 00:00:00 ty D][ai_audio_player.c:177] audio player -> playing start event[0m
[0;32;49m[01-01 00:00:00 ty D][netcfg.c:279] netcfg module start type:0x1[0m
[0;32;49m[01-01 00:00:00 ty D][netcfg.c:279] netcfg module start type:0x2[0m
[0;32;49m[01-01 00:00:00 ty D][ap_netcfg.c:856] ap cfg start:1[0m
[0;32;49m[01-01 00:00:00 ty D][decoder_mp3.c:56] ID3 tag_size = 34[0m
ssid:SmartLife-A479, key:, channel: 6
W(1379):cp set ap ip: 192.168.176.1, mask: 255.255.255.0, gw: 192.168.176.1, dns: 192.168.176.1
wifid:I(1394):mm_add_if_req: succ 1, vif_idx=2, type=0, p2p=0
wifid:I(1397):[KW:]mm_set_vif_state,vif=1,vif_type=2,is_active=1, aid=0x0,rssi=0
[0;32;49m[01-01 00:00:01 ty D][ap_netcfg.c:844] start ap success:SmartLife-A479[0m
[0;32;49m[01-01 00:00:01 ty D][ap_netcfg.c:879] ap netcfg server ip:192.168.176.1[0m
[0;34;49m[01-01 00:00:01 ty N][ap_netcfg.c:886] tuya ap using tls + psk[0m
tkl_net_socket_create type(1), fd(4)!
[0;36;49m[01-01 00:00:01 ty I][tal_thread.c:226] thread_create name:ap_cfg_task,stackDepth:4096,totalstackDepth:90624,priority:3[0m
[0;32;49m[01-01 00:00:01 ty D][netcfg.c:52] start 0x1 ret:0[0m
[0;32;49m[01-01 00:00:01 ty D][ble_netcfg.c:135] bt netcfg start[0m
[0;36;49m[01-01 00:00:01 ty I][ble_gap.c:2248] GAP init: stop adv[0m
[0;36;49m[01-01 00:00:01 ty I][ble_hs.c:433] ble_hs_timer reset:0 [0m
[0;32;49m[01-01 00:00:01 ty D][ai_ui_chat_wechat.c:527] find emo:NEUTRAL[0m
[0;32;49m[01-01 00:00:01 ty D][tal_thread.c:245] Thread:ap_cfg_task Exec Start. Set to Running Stat[0m
[0;32;49m[01-01 00:00:01 ty D][ap_netcfg.c:687] start TCP ap thread[0m
[0;34;49m[01-01 00:00:01 ty N][ble_gap.c:2509] Start Adv[0m
tkl_net_socket_create type(0), fd(5)!
[0;32;49m[01-01 00:00:01 ty D][ap_netcfg.c:317] ap try bind port:6668[0m
[0;32;49m[01-01 00:00:01 ty D][ap_netcfg.c:703] Waiting for a remote connection[0m
[0;34;49m[01-01 00:00:01 ty N][ble_mgr.c:366] ble adv updated 0[0m
[0;32;49m[01-01 00:00:01 ty D][netcfg.c:52] start 0x2 ret:0[0m
[0;32;49m[01-01 00:00:01 ty D][tal_thread.c:245] Thread:record_task Exec Start. Set to Running Stat[0m
[0;32;49m[01-01 00:00:01 ty D][tal_thread.c:245] Thread:ai_chat_mode Exec Start. Set to Running Stat[0m
tutuClear PSTAM DM usage = 18808 bytes, addr = 0x608d20b0
WAKEUP_info:nihaotuya-xiaozhitongxue-heytuya-hituya--200KB--20250804--MAT--RAW--FOR--TUYA--FROM--EASE--ON--T5-E1--info_end
[0;36;49m[01-01 00:00:01 ty I][ble_hs.c:393] ble_hs_timer_exp:[0m
[0;34;49m[01-01 00:00:04 ty N][svc_ai_player.c:244] ai player FG eof[0m
[0;32;49m[01-01 00:00:04 ty D][svc_ai_player.c:133] stop player FG[0m
[0;32;49m[01-01 00:00:04 ty D][svc_ai_playlist.c:52] playlist player state 0 index 0 count 0 loop 0 single 0[0m
[0;32;49m[01-01 00:00:04 ty D][ai_audio_player.c:156] audio player -> player tts event: 0[0m
[0;32;49m[01-01 00:00:04 ty D][ai_audio_player.c:163] audio player -> stop event[0m
[0;32;49m[01-01 00:00:05 ty D][reset_netcfg.c:62] reset count write 0[0m
[0;32;49m[01-01 00:00:05 ty D][tal_kv.c:202] key:rst_cnt, len 1[0m
wifid:I(5624):mm_bcn_transmit beacon tbtt already passed, next_tbtt = 68320,is_on_chan 1
[0;32;49m[01-01 00:00:05 ty D][reset_netcfg.c:69] reset cnt clear![0m
[0;32;49m[01-01 00:00:05 ty D][tuya_health.c:75] feed watchdog[0m
